category,state,total_revenue,total_orders,total_items,avg_price,avg_freight,freight_pct,delivery_success_rate,late_delivery_rate,avg_delivery_days,positive_sentiment_pct,negative_sentiment_pct,neutral_sentiment_pct,total_reviews,returning_customer_pct
Unknown,AC,127.34,2,2,33.45,30.22,66.2,100.0,0.0,21.0,100.0,0.0,0.0,2,0.0
Unknown,AL,1399.8,6,6,119.16,29.94,36.6,66.7,16.7,30.0,66.7,33.3,0.0,6,16.7
Unknown,AM,1397.81,2,3,203.93,41.24,24.7,66.7,0.0,30.0,0.0,33.3,66.7,3,66.7
Unknown,BA,16766.98,69,98,100.54,34.22,40.4,74.5,6.1,17.8,53.2,36.2,10.6,94,6.1
Unknown,CE,10484.28,25,27,154.69,27.11,29.0,59.3,25.9,28.6,25.9,70.4,3.7,27,3.7
Unknown,DF,5362.16,47,49,77.99,16.9,28.8,65.3,0.0,12.7,66.0,34.0,0.0,47,6.1
Unknown,ES,3118.99,26,28,81.82,16.68,28.4,67.9,14.3,16.7,42.9,50.0,7.1,28,3.6
Unknown,GO,12798.75,65,70,143.12,19.0,23.7,78.6,11.4,19.6,64.3,34.3,1.4,70,8.6
Unknown,MA,3410.12,18,18,116.16,33.05,49.2,50.0,0.0,17.4,44.4,38.9,16.7,18,16.7
Unknown,MG,40588.0,266,289,92.94,17.68,27.6,64.4,2.4,11.0,55.1,38.2,6.7,285,9.0
Unknown,MS,2300.19,15,15,70.39,16.59,29.9,60.0,6.7,15.0,40.0,53.3,6.7,15,0.0
Unknown,MT,1894.08,16,16,82.65,18.6,30.0,75.0,12.5,21.1,73.3,20.0,6.7,15,12.5
Unknown,PA,12027.05,24,27,393.0,42.01,31.5,74.1,3.7,22.6,63.0,33.3,3.7,27,0.0
Unknown,PB,3879.07,13,14,219.38,35.56,41.8,64.3,0.0,14.9,71.4,21.4,7.1,14,7.1
Unknown,PE,8536.29,22,30,220.22,29.98,35.7,83.3,16.7,17.2,53.3,43.3,3.3,30,0.0
Unknown,PI,1136.9,9,9,79.35,37.05,54.6,77.8,11.1,21.4,77.8,22.2,0.0,9,11.1
Unknown,PR,20889.2,120,135,92.05,17.15,27.0,57.8,1.5,12.3,54.8,37.8,7.4,135,5.2
Unknown,RJ,47755.44,292,333,94.71,17.65,30.6,68.2,5.7,14.1,48.0,46.2,5.8,325,8.7
Unknown,RN,1571.77,9,9,87.61,31.47,41.8,66.7,0.0,12.8,62.5,25.0,12.5,8,0.0
Unknown,RO,4217.42,11,12,83.3,36.97,53.0,50.0,0.0,13.3,41.7,58.3,0.0,12,16.7
Unknown,RR,301.82,2,2,122.99,27.92,22.7,100.0,0.0,27.0,50.0,0.0,50.0,2,0.0
Unknown,RS,24790.69,120,138,87.66,20.66,32.6,71.0,5.8,15.1,56.3,39.3,4.4,135,6.5
Unknown,SC,21667.97,87,91,100.45,17.57,24.8,68.1,9.9,16.0,49.5,38.5,12.1,91,11.0
Unknown,SE,2436.97,7,8,74.21,28.58,40.6,25.0,0.0,14.5,37.5,62.5,0.0,8,12.5
Unknown,SP,173293.26,970,1132,91.44,13.15,22.9,61.5,3.4,8.2,52.1,40.4,7.5,1122,11.2
Unknown,TO,906.52,5,6,97.0,23.26,31.6,66.7,0.0,16.5,66.7,16.7,16.7,6,0.0
agro_industry_and_commerce,AL,1518.55,1,1,1476.3,42.25,2.9,100.0,100.0,44.0,0.0,100.0,0.0,1,0.0
agro_industry_and_commerce,AP,657.61,1,1,589.99,67.62,11.5,100.0,0.0,13.0,100.0,0.0,0.0,1,0.0
agro_industry_and_commerce,BA,4489.32,3,5,451.4,47.5,10.3,100.0,0.0,19.8,60.0,40.0,0.0,5,0.0
agro_industry_and_commerce,CE,2448.8,2,6,75.48,28.55,58.3,100.0,0.0,16.2,100.0,0.0,0.0,6,0.0
agro_industry_and_commerce,ES,487.17,2,2,221.15,22.44,23.3,100.0,50.0,20.5,50.0,50.0,0.0,2,0.0
agro_industry_and_commerce,GO,3420.4,6,7,328.34,27.77,27.4,71.4,0.0,17.4,42.9,42.9,14.3,7,0.0
agro_industry_and_commerce,MA,614.63,1,1,559.99,54.64,9.8,0.0,0.0,0.0,0.0,100.0,0.0,1,0.0
agro_industry_and_commerce,MG,44016.72,14,22,593.95,25.61,14.5,100.0,0.0,11.8,54.5,27.3,18.2,22,4.5
agro_industry_and_commerce,MS,594.17,3,3,175.63,22.43,34.3,100.0,0.0,18.0,66.7,0.0,33.3,3,0.0
agro_industry_and_commerce,MT,636.45,2,2,265.0,53.22,33.9,100.0,0.0,16.5,100.0,0.0,0.0,2,0.0
agro_industry_and_commerce,PA,1287.16,2,2,554.99,88.59,15.4,100.0,0.0,13.5,100.0,0.0,0.0,2,0.0
agro_industry_and_commerce,PB,596.29,2,2,264.5,33.65,22.6,50.0,0.0,16.0,50.0,50.0,0.0,2,0.0
agro_industry_and_commerce,PE,6088.7,5,5,1122.38,95.36,10.8,100.0,20.0,27.6,80.0,20.0,0.0,5,0.0
agro_industry_and_commerce,PI,429.02,3,3,106.33,36.68,56.3,100.0,0.0,9.3,66.7,0.0,33.3,3,0.0
agro_industry_and_commerce,PR,5285.16,12,12,408.63,31.8,20.8,100.0,8.3,11.5,75.0,16.7,8.3,12,8.3
agro_industry_and_commerce,RJ,9855.91,25,44,214.56,28.06,42.1,97.7,6.8,13.1,84.1,11.4,4.5,44,9.1
agro_industry_and_commerce,RO,898.4,1,4,22.0,34.15,77.9,100.0,0.0,18.0,100.0,0.0,0.0,4,100.0
agro_industry_and_commerce,RS,3355.1,9,9,350.66,22.13,16.0,100.0,0.0,7.4,100.0,0.0,0.0,9,0.0
agro_industry_and_commerce,SC,1151.71,3,3,356.66,27.24,7.8,100.0,0.0,10.3,100.0,0.0,0.0,3,0.0
agro_industry_and_commerce,SP,30899.34,85,118,300.11,21.63,17.8,99.2,0.0,8.7,87.3,9.3,3.4,118,0.8
air_conditioning,AL,643.89,1,1,540.0,103.89,19.2,100.0,0.0,20.0,100.0,0.0,0.0,1,0.0
air_conditioning,AM,114.11,1,1,89.0,25.11,28.2,100.0,0.0,28.0,100.0,0.0,0.0,1,0.0
air_conditioning,BA,979.95,6,6,138.81,24.51,27.4,100.0,0.0,18.5,66.7,33.3,0.0,6,0.0
air_conditioning,CE,537.25,2,2,223.08,45.54,20.2,100.0,0.0,28.0,50.0,50.0,0.0,2,0.0
air_conditioning,DF,534.61,3,3,156.0,22.2,15.3,100.0,0.0,12.7,100.0,0.0,0.0,3,0.0
air_conditioning,ES,1026.46,6,6,149.8,21.28,15.3,100.0,16.7,12.3,80.0,20.0,0.0,5,0.0
air_conditioning,GO,1374.38,6,7,134.41,31.34,28.7,100.0,0.0,11.9,71.4,14.3,14.3,7,0.0
air_conditioning,MA,222.71,1,1,199.0,23.71,11.9,100.0,0.0,20.0,100.0,0.0,0.0,1,0.0
air_conditioning,MG,6258.3,18,21,214.52,22.31,15.9,100.0,0.0,9.9,61.9,9.5,28.6,21,0.0
air_conditioning,MT,1124.7,3,5,117.16,17.11,24.0,100.0,0.0,16.6,60.0,40.0,0.0,5,40.0
air_conditioning,PB,86.75,1,1,35.9,50.85,77.9,100.0,0.0,15.0,100.0,0.0,0.0,1,0.0
air_conditioning,PE,350.15,2,2,138.45,36.62,29.7,50.0,0.0,18.0,0.0,100.0,0.0,2,0.0
air_conditioning,PI,620.99,3,3,156.3,50.7,36.4,100.0,0.0,16.3,66.7,0.0,33.3,3,0.0
air_conditioning,PR,4492.2,10,14,264.74,24.01,15.0,100.0,0.0,14.5,50.0,7.1,42.9,14,21.4
air_conditioning,RJ,24189.73,60,70,236.5,23.61,22.4,97.1,8.6,13.0,77.9,17.6,4.4,68,10.0
air_conditioning,RS,3176.36,12,15,113.48,29.48,34.0,86.7,6.7,11.8,80.0,20.0,0.0,15,20.0
air_conditioning,SC,2707.68,1,4,149.9,19.33,12.9,100.0,0.0,32.0,100.0,0.0,0.0,4,0.0
air_conditioning,SP,42730.44,117,140,165.08,19.33,17.5,97.9,2.1,9.6,75.4,18.1,6.5,138,5.7
art,AM,90.68,1,1,58.35,32.33,55.4,100.0,0.0,34.0,100.0,0.0,0.0,1,0.0
art,AP,227.84,2,2,72.94,40.98,55.4,100.0,0.0,23.5,100.0,0.0,0.0,1,0.0
art,BA,1111.25,10,10,89.9,21.23,26.4,100.0,0.0,16.0,70.0,20.0,10.0,10,0.0
art,DF,941.4,6,6,94.3,19.81,42.7,100.0,0.0,9.5,83.3,16.7,0.0,6,0.0
art,ES,76.79,1,1,49.9,26.89,53.9,100.0,0.0,5.0,100.0,0.0,0.0,1,100.0
art,GO,506.83,4,4,102.39,24.32,23.7,75.0,0.0,16.3,75.0,0.0,25.0,4,0.0
art,MG,1699.96,18,19,75.87,18.48,27.9,100.0,0.0,9.5,100.0,0.0,0.0,19,0.0
art,MS,151.39,1,1,129.99,21.4,16.5,100.0,0.0,23.0,0.0,0.0,100.0,1,0.0
art,MT,97.43,1,1,69.99,27.44,39.2,100.0,0.0,15.0,100.0,0.0,0.0,1,0.0
art,PA,250.32,2,2,84.94,40.22,48.3,100.0,0.0,20.5,50.0,0.0,50.0,2,0.0
art,PB,154.18,1,1,110.99,43.19,38.9,100.0,0.0,20.0,0.0,100.0,0.0,1,0.0
art,PE,144.22,1,1,110.99,33.23,29.9,100.0,0.0,19.0,100.0,0.0,0.0,1,0.0
art,PI,616.72,1,2,110.99,43.19,38.9,100.0,0.0,24.0,100.0,0.0,0.0,2,0.0
art,PR,966.4,9,9,78.98,19.68,27.9,88.9,0.0,10.2,88.9,11.1,0.0,9,11.1
art,RJ,3790.94,32,35,91.51,20.28,28.1,97.1,2.9,12.9,74.3,14.3,11.4,35,5.7
art,RN,137.1,1,1,79.99,57.11,71.4,100.0,0.0,15.0,0.0,0.0,100.0,1,0.0
art,RO,252.77,2,2,74.32,52.06,67.6,100.0,0.0,26.0,100.0,0.0,0.0,2,0.0
art,RS,809.87,9,9,67.94,17.86,29.3,88.9,0.0,13.9,55.6,33.3,11.1,9,0.0
art,SC,559.09,6,6,70.36,22.82,38.5,100.0,16.7,14.8,83.3,0.0,16.7,6,0.0
art,SP,18407.75,94,106,143.04,15.4,24.1,92.5,9.4,7.5,66.7,25.7,7.6,105,5.7
arts_and_craftmanship,DF,151.7,1,1,129.49,22.21,17.2,100.0,100.0,21.0,0.0,100.0,0.0,1,0.0
arts_and_craftmanship,MG,670.76,6,6,81.46,23.1,37.1,100.0,0.0,6.5,100.0,0.0,0.0,6,16.7
arts_and_craftmanship,SC,314.32,1,1,289.49,24.83,8.6,100.0,0.0,3.0,100.0,0.0,0.0,1,0.0
arts_and_craftmanship,SP,1189.39,15,16,56.64,11.53,33.7,100.0,0.0,4.0,68.8,12.5,18.8,16,25.0
audio,AL,675.28,5,5,110.02,25.04,32.5,100.0,80.0,34.6,50.0,25.0,25.0,4,0.0
audio,AM,114.53,1,1,89.9,24.63,27.4,100.0,0.0,28.0,100.0,0.0,0.0,1,0.0
audio,BA,1695.59,14,14,102.19,18.92,42.1,100.0,28.6,20.3,50.0,35.7,14.3,14,7.1
audio,CE,1080.71,5,6,160.32,35.86,44.8,100.0,0.0,15.7,100.0,0.0,0.0,6,0.0
audio,DF,2322.44,16,16,128.01,17.14,38.3,100.0,12.5,13.1,68.8,18.8,12.5,16,0.0
audio,ES,1531.46,13,14,85.56,16.18,41.2,100.0,21.4,16.1,57.1,28.6,14.3,14,0.0
audio,GO,2390.14,7,7,282.13,16.7,14.4,100.0,0.0,18.0,57.1,28.6,14.3,7,0.0
audio,MA,858.97,3,3,244.63,41.7,40.9,100.0,0.0,17.3,100.0,0.0,0.0,3,0.0
audio,MG,6866.66,33,37,153.43,17.53,33.5,97.3,5.4,12.8,73.0,21.6,5.4,37,2.7
audio,MS,206.99,1,1,190.9,16.09,8.4,100.0,0.0,20.0,100.0,0.0,0.0,1,0.0
audio,MT,758.57,4,4,167.95,21.69,42.8,100.0,25.0,20.5,50.0,50.0,0.0,4,0.0
audio,PA,608.67,1,1,568.0,40.67,7.2,100.0,100.0,48.0,0.0,100.0,0.0,1,0.0
audio,PB,103.55,1,1,79.0,24.55,31.1,100.0,100.0,42.0,0.0,100.0,0.0,1,0.0
audio,PE,542.44,4,4,110.45,25.16,29.8,100.0,0.0,18.8,100.0,0.0,0.0,4,0.0
audio,PI,347.14,4,5,51.92,28.32,65.3,100.0,0.0,13.0,60.0,0.0,40.0,5,0.0
audio,PR,3490.57,17,19,151.11,17.75,29.3,100.0,10.5,12.6,73.7,15.8,10.5,19,10.5
audio,RJ,11637.86,54,61,164.09,16.82,27.4,100.0,19.7,16.0,61.0,28.8,10.2,59,9.8
audio,RN,224.12,1,1,189.0,35.12,18.6,100.0,0.0,13.0,100.0,0.0,0.0,1,0.0
audio,RS,2512.81,16,17,143.3,16.69,33.0,100.0,0.0,15.1,58.8,23.5,17.6,17,0.0
audio,SC,1958.55,10,12,156.04,17.55,20.1,100.0,16.7,15.3,50.0,41.7,8.3,12,16.7
audio,SP,20248.65,139,151,119.68,10.81,24.7,99.3,5.3,7.9,75.3,16.0,8.7,150,4.6
audio,TO,212.92,1,1,175.0,37.92,21.7,100.0,100.0,33.0,0.0,100.0,0.0,1,0.0
auto,AC,661.91,4,5,121.39,29.28,36.5,100.0,0.0,13.2,80.0,20.0,0.0,5,0.0
auto,AL,5819.53,21,22,208.12,35.87,35.6,100.0,18.2,21.1,76.2,14.3,9.5,21,0.0
auto,AM,1853.25,4,6,120.65,25.5,31.4,100.0,0.0,24.5,83.3,16.7,0.0,6,0.0
auto,AP,1406.68,3,3,405.46,63.43,26.2,100.0,0.0,31.0,66.7,0.0,33.3,3,0.0
auto,BA,37702.62,148,163,189.5,28.09,32.8,98.2,16.0,20.3,66.0,22.2,11.7,162,3.7
auto,CE,19239.58,54,61,231.07,41.52,36.3,98.4,16.4,19.8,55.7,26.2,18.0,61,0.0
auto,DF,21849.38,104,113,154.76,23.98,30.9,95.6,3.5,11.5,79.6,14.2,6.2,113,6.2
auto,ES,16396.69,82,92,159.01,22.91,31.0,94.6,7.6,15.7,75.8,19.8,4.4,91,10.9
auto,GO,57801.73,75,100,114.31,22.23,31.0,99.0,0.0,11.9,76.2,11.2,12.5,80,4.0
auto,MA,7591.45,38,41,133.89,44.16,44.4,100.0,17.1,22.8,70.7,22.0,7.3,41,2.4
auto,MG,103174.71,471,539,140.1,22.03,30.1,97.4,5.6,11.5,78.6,14.2,7.3,537,5.8
auto,MS,8560.64,24,26,274.72,31.33,28.1,100.0,11.5,16.5,73.1,19.2,7.7,26,0.0
auto,MT,19014.11,51,61,200.96,32.79,31.2,96.7,4.9,17.3,88.5,6.6,4.9,61,4.9
auto,PA,12554.79,45,53,149.09,38.72,43.0,96.2,17.0,26.6,54.7,30.2,15.1,53,11.3
auto,PB,5463.19,22,25,174.45,56.66,42.8,100.0,12.0,21.0,84.0,8.0,8.0,25,4.0
auto,PE,16763.49,82,87,143.1,32.81,35.6,92.0,8.0,15.8,72.4,23.0,4.6,87,4.6
auto,PI,20192.38,28,35,291.7,52.19,28.5,97.1,17.1,19.4,68.6,31.4,0.0,35,0.0
auto,PR,47185.44,209,239,119.72,24.48,32.8,97.5,5.9,12.7,74.1,18.8,7.1,239,2.1
auto,RJ,84095.8,413,466,147.02,22.6,34.0,97.6,10.1,13.9,71.4,18.8,9.8,458,6.4
auto,RN,5191.7,17,20,215.83,40.55,42.4,100.0,15.0,18.5,75.0,20.0,5.0,20,0.0
auto,RO,1964.15,10,10,138.92,57.5,56.9,100.0,0.0,16.1,80.0,10.0,10.0,10,0.0
auto,RR,257.21,1,1,219.9,37.31,17.0,100.0,0.0,32.0,100.0,0.0,0.0,1,0.0
auto,RS,34838.01,176,195,141.06,23.99,31.1,97.9,5.1,14.1,81.5,12.3,6.2,195,5.1
auto,SC,43969.41,164,188,158.11,25.4,30.2,97.9,5.3,13.6,73.1,16.7,10.2,186,1.6
auto,SE,3416.98,20,21,113.04,39.99,44.9,95.2,19.0,28.4,71.4,14.3,14.3,21,0.0
auto,SP,275182.24,1615,1812,122.7,15.08,24.7,98.2,5.0,7.6,80.8,12.5,6.7,1803,5.7
auto,TO,2948.61,16,16,151.18,33.11,33.9,100.0,0.0,14.8,87.5,6.2,6.2,16,12.5
baby,AC,871.97,3,3,232.61,58.04,30.0,100.0,0.0,24.3,100.0,0.0,0.0,3,0.0
baby,AL,1071.93,7,7,104.11,49.02,47.1,100.0,0.0,21.0,85.7,0.0,14.3,7,0.0
baby,AM,796.97,5,5,131.54,27.86,46.1,100.0,0.0,22.6,80.0,0.0,20.0,5,0.0
baby,BA,19009.57,95,106,149.05,29.9,32.0,97.2,10.4,19.1,70.5,21.9,7.6,105,6.6
baby,CE,5869.98,30,32,143.7,36.16,39.6,100.0,18.8,23.8,56.2,21.9,21.9,32,6.2
baby,DF,11005.98,66,70,125.45,23.62,31.9,100.0,12.9,13.8,68.1,29.0,2.9,69,2.9
baby,ES,10304.92,62,62,135.01,24.75,31.6,98.4,9.7,16.0,74.2,17.7,8.1,62,6.5
baby,GO,11583.54,54,62,166.9,28.48,27.1,96.8,4.8,14.0,82.3,12.9,4.8,62,8.1
baby,MA,6378.48,27,27,195.38,40.86,34.6,96.3,14.8,20.3,77.8,22.2,0.0,27,3.7
baby,MG,64819.34,345,386,127.54,23.12,29.3,98.4,6.7,11.6,71.9,18.4,9.6,385,3.1
baby,MS,6613.02,28,31,148.72,22.4,24.3,100.0,3.2,14.3,77.4,12.9,9.7,31,6.5
baby,MT,8229.04,34,36,195.4,27.87,28.2,94.4,0.0,13.8,72.2,13.9,13.9,36,2.8
baby,PA,12311.26,42,45,222.28,37.62,29.8,100.0,11.1,22.8,62.2,24.4,13.3,45,0.0
baby,PB,2570.44,13,13,154.04,43.68,48.2,92.3,30.8,27.5,53.8,38.5,7.7,13,0.0
baby,PE,6370.89,41,43,116.96,34.21,35.1,100.0,16.3,19.0,78.6,11.9,9.5,42,2.3
baby,PI,5527.57,11,12,357.76,62.35,28.3,100.0,0.0,14.0,66.7,8.3,25.0,12,8.3
baby,PR,28526.28,152,170,132.47,22.15,28.5,98.2,2.9,11.0,80.2,15.0,4.8,167,5.3
baby,RJ,54940.02,345,380,116.55,24.66,30.7,96.8,15.5,16.3,67.4,24.3,8.3,374,5.3
baby,RN,3031.63,15,22,377.11,32.54,32.9,100.0,36.4,24.6,54.5,31.8,13.6,22,18.2
baby,RO,2810.54,11,11,201.31,41.83,42.8,90.9,0.0,15.2,63.6,36.4,0.0,11,9.1
baby,RR,1077.94,2,2,494.44,44.54,41.3,50.0,0.0,26.0,0.0,100.0,0.0,2,0.0
baby,RS,38571.06,201,219,142.7,24.92,28.1,98.2,5.5,13.2,80.8,12.8,6.4,219,11.0
baby,SC,35188.37,97,115,147.66,26.49,29.7,100.0,5.2,13.8,77.9,14.2,8.0,113,2.6
baby,SE,1880.43,8,8,180.94,54.12,34.5,100.0,25.0,22.5,87.5,12.5,0.0,8,0.0
baby,SP,198585.73,1184,1330,125.72,16.53,24.2,96.5,5.1,8.1,78.0,13.5,8.5,1319,5.5
baby,TO,2428.02,7,7,311.38,35.48,29.7,100.0,28.6,20.9,57.1,28.6,14.3,7,0.0
bed_bath_table,AC,1377.07,3,4,141.93,39.38,31.3,100.0,0.0,19.5,25.0,75.0,0.0,4,75.0
bed_bath_table,AL,3251.91,19,20,101.15,40.44,47.7,95.0,15.0,22.2,52.6,31.6,15.8,19,0.0
bed_bath_table,AM,1087.77,7,9,87.9,31.85,39.3,100.0,0.0,22.7,55.6,44.4,0.0,9,22.2
bed_bath_table,AP,1899.93,3,6,111.58,35.07,34.3,100.0,0.0,20.7,100.0,0.0,0.0,6,66.7
bed_bath_table,BA,49053.11,223,282,96.31,24.49,34.1,96.5,13.5,19.6,63.4,25.3,11.4,273,7.4
bed_bath_table,CE,14238.32,68,89,82.08,30.12,44.5,97.8,14.6,20.1,73.0,20.2,6.7,89,4.5
bed_bath_table,DF,28791.52,173,222,77.03,19.31,34.8,98.2,7.7,14.1,72.3,22.3,5.5,220,13.1
bed_bath_table,ES,34900.0,199,243,99.02,19.36,26.8,99.2,13.2,17.5,66.4,21.2,12.4,241,6.6
bed_bath_table,GO,43252.89,192,256,97.34,20.66,29.8,98.4,11.7,16.3,63.2,24.1,12.6,253,12.9
bed_bath_table,MA,6393.94,32,40,107.58,37.95,41.5,100.0,15.0,21.9,67.5,30.0,2.5,40,0.0
bed_bath_table,MG,220661.06,1129,1421,97.66,21.19,28.8,99.3,6.0,13.0,66.9,20.2,12.9,1406,11.0
bed_bath_table,MS,9302.72,57,74,86.9,19.58,31.8,100.0,9.5,15.7,79.7,12.2,8.1,74,20.3
bed_bath_table,MT,13785.13,56,71,100.61,23.63,31.3,100.0,1.4,16.6,80.0,11.4,8.6,70,14.1
bed_bath_table,PA,5309.29,34,42,88.37,28.5,41.9,100.0,7.1,24.9,64.3,23.8,11.9,42,9.5
bed_bath_table,PB,5826.84,29,33,108.62,38.53,43.7,100.0,3.0,18.5,68.8,21.9,9.4,32,9.1
bed_bath_table,PE,17849.44,82,96,100.93,35.25,41.2,96.9,7.3,19.5,71.7,22.8,5.4,92,9.4
bed_bath_table,PI,10397.57,24,35,116.19,40.45,42.2,100.0,22.9,22.4,54.5,30.3,15.2,33,25.7
bed_bath_table,PR,77743.09,402,487,98.42,20.44,28.5,99.0,3.1,12.0,71.5,20.2,8.3,484,8.4
bed_bath_table,RJ,248976.72,1393,1797,90.08,19.5,29.5,97.5,13.6,16.1,65.7,23.9,10.4,1761,10.5
bed_bath_table,RN,6348.14,24,34,104.68,36.93,49.0,100.0,2.9,23.0,79.4,17.6,2.9,34,5.9
bed_bath_table,RO,2916.18,15,15,115.48,42.15,39.6,100.0,0.0,19.2,60.0,20.0,20.0,15,13.3
bed_bath_table,RR,1532.36,2,3,203.23,71.65,43.2,100.0,33.3,44.3,66.7,33.3,0.0,3,0.0
bed_bath_table,RS,94751.3,540,675,94.32,20.04,28.9,99.6,8.1,16.3,68.7,20.9,10.4,671,13.0
bed_bath_table,SC,54545.76,272,352,95.02,19.98,28.0,98.9,10.2,15.3,69.0,22.7,8.3,348,10.5
bed_bath_table,SE,2875.38,14,15,120.81,39.84,39.1,100.0,13.3,20.3,73.3,26.7,0.0,15,0.0
bed_bath_table,SP,785272.86,4416,5657,90.03,14.92,23.9,98.6,3.5,8.7,74.6,16.2,9.2,5603,11.7
bed_bath_table,TO,1658.5,9,10,101.08,40.55,43.4,100.0,10.0,20.0,70.0,30.0,0.0,10,10.0
books_general_interest,AC,757.51,2,2,316.9,61.86,31.1,100.0,0.0,18.5,50.0,0.0,50.0,2,0.0
books_general_interest,AL,325.74,1,2,30.5,50.94,77.9,100.0,0.0,13.0,0.0,100.0,0.0,2,0.0
books_general_interest,AM,114.67,1,1,87.0,27.67,31.8,100.0,0.0,21.0,100.0,0.0,0.0,1,0.0
books_general_interest,BA,1334.66,15,15,67.85,20.48,42.4,93.3,20.0,19.7,85.7,14.3,0.0,14,0.0
books_general_interest,CE,1770.74,7,8,234.74,57.93,33.5,100.0,25.0,22.9,100.0,0.0,0.0,8,0.0
books_general_interest,DF,1663.53,17,19,72.02,19.07,51.4,89.5,0.0,9.8,89.5,5.3,5.3,19,5.3
books_general_interest,ES,3533.89,8,11,144.99,19.13,20.1,100.0,0.0,10.8,100.0,0.0,0.0,11,0.0
books_general_interest,GO,2771.84,13,15,137.51,23.49,29.5,93.3,0.0,12.4,73.3,26.7,0.0,15,0.0
books_general_interest,MA,395.63,3,3,99.67,32.21,39.9,100.0,33.3,24.3,100.0,0.0,0.0,3,0.0
books_general_interest,MG,6478.74,50,54,82.79,17.56,35.2,100.0,0.0,11.4,92.5,3.8,3.8,53,0.0
books_general_interest,MS,263.08,2,2,115.5,16.04,13.9,100.0,0.0,21.0,50.0,0.0,50.0,2,0.0
books_general_interest,MT,88.18,2,2,22.25,21.84,77.9,100.0,50.0,34.5,100.0,0.0,0.0,2,100.0
books_general_interest,PA,597.79,3,6,35.28,18.22,46.5,100.0,0.0,24.2,100.0,0.0,0.0,6,0.0
books_general_interest,PB,702.64,3,5,36.94,25.25,69.0,100.0,0.0,18.0,100.0,0.0,0.0,5,0.0
books_general_interest,PE,872.38,8,8,80.39,28.66,45.6,87.5,12.5,19.1,100.0,0.0,0.0,8,12.5
books_general_interest,PI,159.39,1,1,133.9,25.49,19.0,100.0,0.0,10.0,100.0,0.0,0.0,1,0.0
books_general_interest,PR,4155.21,34,38,82.42,16.95,35.9,97.4,5.3,10.8,94.7,2.6,2.6,38,0.0
books_general_interest,RJ,5306.38,55,58,73.78,15.89,38.2,87.9,12.1,13.5,84.2,15.8,0.0,57,3.4
books_general_interest,RN,2316.43,22,27,53.06,10.85,24.8,100.0,0.0,7.2,100.0,0.0,0.0,27,3.7
books_general_interest,RO,67.66,1,1,44.99,22.67,50.4,100.0,0.0,18.0,100.0,0.0,0.0,1,0.0
books_general_interest,RS,3109.92,28,30,89.58,18.1,29.7,100.0,10.0,15.2,83.3,13.3,3.3,30,3.3
books_general_interest,SC,2954.62,20,25,86.0,16.94,29.1,100.0,16.0,17.6,60.0,32.0,8.0,25,4.0
books_general_interest,SE,156.35,1,1,135.0,21.35,15.8,100.0,0.0,11.0,100.0,0.0,0.0,1,0.0
books_general_interest,SP,24749.78,214,230,84.27,12.98,30.3,98.3,5.2,8.0,87.8,7.0,5.2,229,6.5
books_general_interest,TO,48.0,1,1,32.9,15.1,45.9,100.0,0.0,10.0,100.0,0.0,0.0,1,0.0
books_imported,BA,93.98,1,1,77.0,16.98,22.1,100.0,0.0,26.0,0.0,0.0,100.0,1,0.0
books_imported,MA,804.96,1,1,749.0,55.96,7.5,100.0,0.0,15.0,100.0,0.0,0.0,1,0.0
books_imported,MG,634.14,6,7,52.12,15.48,38.8,85.7,14.3,12.7,71.4,28.6,0.0,7,0.0
books_imported,PA,337.44,1,2,64.99,19.37,29.8,100.0,0.0,7.0,100.0,0.0,0.0,2,0.0
books_imported,PR,155.7,2,2,61.0,16.86,30.4,100.0,0.0,8.5,50.0,50.0,0.0,2,0.0
books_imported,RJ,846.47,5,8,87.85,17.96,22.1,87.5,0.0,12.7,100.0,0.0,0.0,8,0.0
books_imported,RS,171.79,2,2,68.44,17.45,26.3,100.0,0.0,17.5,100.0,0.0,0.0,2,0.0
books_imported,SC,40.18,1,1,24.95,15.23,61.0,100.0,0.0,11.0,100.0,0.0,0.0,1,0.0
books_imported,SE,84.66,1,1,59.89,24.77,41.4,100.0,0.0,12.0,100.0,0.0,0.0,1,0.0
books_imported,SP,3532.57,33,37,67.15,9.11,19.8,97.3,2.7,4.7,86.5,10.8,2.7,37,8.1
books_technical,BA,909.55,10,11,75.95,19.71,36.2,100.0,0.0,14.3,90.9,9.1,0.0,11,0.0
books_technical,CE,349.01,4,4,67.74,19.52,37.4,75.0,0.0,10.0,100.0,0.0,0.0,3,0.0
books_technical,DF,1140.75,4,6,114.62,17.42,36.8,100.0,0.0,10.8,66.7,33.3,0.0,6,0.0
books_technical,ES,1381.46,14,14,81.33,17.35,35.1,100.0,50.0,19.7,78.6,14.3,7.1,14,0.0
books_technical,GO,430.43,2,3,65.55,16.06,27.4,100.0,0.0,16.7,100.0,0.0,0.0,3,0.0
books_technical,MA,238.08,3,3,35.26,44.1,77.9,100.0,0.0,15.7,66.7,33.3,0.0,3,0.0
books_technical,MG,2747.48,28,30,64.2,18.33,36.6,100.0,3.3,10.6,86.7,10.0,3.3,30,16.7
books_technical,MS,234.03,4,4,42.71,15.8,42.2,100.0,0.0,9.5,100.0,0.0,0.0,4,0.0
books_technical,MT,416.49,5,5,60.26,23.04,45.5,100.0,0.0,15.6,100.0,0.0,0.0,5,0.0
books_technical,PA,213.13,2,2,74.44,32.12,51.4,100.0,0.0,18.0,100.0,0.0,0.0,2,0.0
books_technical,PE,409.56,4,4,78.35,24.04,34.4,100.0,0.0,11.0,100.0,0.0,0.0,4,0.0
books_technical,PI,149.49,2,2,60.0,14.74,32.0,100.0,50.0,31.5,50.0,50.0,0.0,2,0.0
books_technical,PR,2042.7,15,15,117.63,18.55,32.1,100.0,6.7,11.7,80.0,13.3,6.7,15,0.0
books_technical,RJ,2152.29,29,29,55.92,18.3,44.9,100.0,10.3,11.1,75.0,14.3,10.7,28,0.0
books_technical,RN,100.77,1,1,65.0,35.77,55.0,100.0,0.0,23.0,100.0,0.0,0.0,1,0.0
books_technical,RS,1139.52,12,12,76.13,18.83,34.4,100.0,0.0,12.6,91.7,8.3,0.0,12,0.0
books_technical,SC,1470.03,9,10,97.52,18.46,35.0,90.0,0.0,13.9,70.0,30.0,0.0,10,0.0
books_technical,SP,9210.23,110,115,65.77,11.41,25.6,98.3,6.1,6.2,89.5,7.9,2.6,114,2.6
books_technical,TO,257.85,2,2,102.3,26.62,32.2,100.0,50.0,19.5,50.0,0.0,50.0,2,0.0
cds_dvds_musicals,MA,117.58,1,1,65.0,52.58,77.9,100.0,0.0,19.0,100.0,0.0,0.0,1,0.0
cds_dvds_musicals,RJ,122.22,2,2,45.0,16.11,35.8,100.0,0.0,10.0,50.0,0.0,50.0,2,0.0
cds_dvds_musicals,RS,549.99,3,5,45.0,16.11,35.8,100.0,0.0,9.6,100.0,0.0,0.0,5,0.0
cds_dvds_musicals,SP,409.64,6,6,58.33,9.94,17.6,100.0,0.0,9.7,100.0,0.0,0.0,6,0.0
christmas_supplies,AC,130.85,1,1,69.9,60.95,77.9,100.0,0.0,36.0,100.0,0.0,0.0,1,0.0
christmas_supplies,BA,1186.65,8,10,70.32,30.4,52.9,100.0,0.0,15.0,90.0,0.0,10.0,10,0.0
christmas_supplies,CE,238.9,2,2,79.9,39.55,49.5,100.0,50.0,52.0,50.0,50.0,0.0,2,0.0
christmas_supplies,DF,809.32,5,8,38.9,22.64,59.8,100.0,0.0,12.8,87.5,0.0,12.5,8,0.0
christmas_supplies,ES,161.38,2,2,63.11,17.58,47.5,100.0,0.0,15.5,100.0,0.0,0.0,1,50.0
christmas_supplies,GO,473.45,3,3,120.57,37.25,30.5,100.0,0.0,15.3,100.0,0.0,0.0,3,0.0
christmas_supplies,MA,155.27,1,1,116.9,38.37,32.8,100.0,0.0,18.0,100.0,0.0,0.0,1,0.0
christmas_supplies,MG,1718.69,18,19,66.91,20.51,49.8,94.7,0.0,12.0,63.2,31.6,5.3,19,10.5
christmas_supplies,MS,136.98,1,2,17.8,16.44,41.7,100.0,0.0,24.0,0.0,100.0,0.0,2,0.0
christmas_supplies,MT,109.5,1,1,79.9,29.6,37.0,100.0,0.0,21.0,100.0,0.0,0.0,1,0.0
christmas_supplies,PA,5589.72,1,6,116.9,38.37,32.8,100.0,100.0,43.0,75.0,15.0,10.0,0,0.0
christmas_supplies,PE,530.2,4,4,93.11,39.44,50.9,100.0,50.0,28.0,100.0,0.0,0.0,4,0.0
christmas_supplies,PR,289.86,6,6,31.69,16.62,60.3,100.0,16.7,16.2,83.3,0.0,16.7,6,16.7
christmas_supplies,RJ,1111.17,12,15,41.02,19.23,54.7,93.3,20.0,16.8,73.3,26.7,0.0,15,6.7
christmas_supplies,RN,53.98,1,1,19.83,34.15,77.9,100.0,0.0,17.0,100.0,0.0,0.0,1,0.0
christmas_supplies,RO,214.02,2,2,69.45,37.56,54.0,100.0,0.0,16.5,100.0,0.0,0.0,2,0.0
christmas_supplies,RS,841.31,5,6,80.82,22.6,34.0,100.0,16.7,21.8,50.0,33.3,16.7,6,0.0
christmas_supplies,SC,1950.91,11,14,64.15,21.04,38.4,92.9,0.0,15.6,64.3,21.4,14.3,14,0.0
christmas_supplies,SP,3292.61,44,52,41.73,12.98,42.3,100.0,1.9,8.9,82.7,5.8,11.5,52,5.8
cine_photo,BA,383.99,3,3,104.95,23.05,22.4,100.0,33.3,16.3,66.7,33.3,0.0,3,0.0
cine_photo,DF,118.23,1,1,99.95,18.28,18.3,100.0,0.0,10.0,100.0,0.0,0.0,1,0.0
cine_photo,ES,110.66,1,1,94.9,15.76,16.6,100.0,0.0,7.0,100.0,0.0,0.0,1,0.0
cine_photo,GO,127.41,1,1,119.0,8.41,7.1,100.0,0.0,5.0,100.0,0.0,0.0,1,0.0
cine_photo,MA,72.65,1,1,49.8,22.85,45.9,100.0,0.0,19.0,100.0,0.0,0.0,1,0.0
cine_photo,MG,726.94,6,6,82.48,22.85,32.9,83.3,0.0,11.0,50.0,33.3,16.7,6,0.0
cine_photo,MT,723.0,1,1,675.99,47.01,7.0,100.0,0.0,10.0,100.0,0.0,0.0,1,0.0
cine_photo,PA,560.62,2,3,83.23,21.68,28.1,100.0,33.3,28.7,33.3,66.7,0.0,3,0.0
cine_photo,PE,68.84,1,1,49.8,19.04,38.2,100.0,0.0,24.0,100.0,0.0,0.0,1,0.0
cine_photo,PR,336.12,2,2,146.8,21.26,16.6,100.0,0.0,19.5,100.0,0.0,0.0,2,0.0
cine_photo,RJ,626.8,5,5,105.72,19.64,27.5,100.0,20.0,14.8,60.0,20.0,20.0,5,20.0
cine_photo,RS,1342.88,9,12,68.46,18.21,48.0,100.0,0.0,12.1,91.7,8.3,0.0,12,0.0
cine_photo,SC,1213.58,4,4,276.72,26.67,20.8,100.0,0.0,9.5,75.0,0.0,25.0,4,25.0
cine_photo,SP,3141.89,28,33,62.48,12.19,31.4,97.0,3.0,4.9,81.8,12.1,6.1,33,6.1
computers,AC,1251.7,1,1,1200.0,51.7,4.3,100.0,100.0,66.0,0.0,100.0,0.0,1,0.0
computers,AL,2106.37,2,2,1024.99,28.19,2.8,100.0,0.0,14.5,100.0,0.0,0.0,2,0.0
computers,AM,1384.74,1,1,1340.0,44.74,3.3,100.0,0.0,33.0,100.0,0.0,0.0,1,0.0
computers,AP,1482.42,1,1,1437.0,45.42,3.2,100.0,0.0,15.0,100.0,0.0,0.0,1,0.0
computers,BA,37888.5,19,25,841.76,38.22,5.1,100.0,4.0,12.1,88.0,8.0,4.0,25,8.0
computers,CE,7439.58,6,7,1219.11,55.04,5.4,100.0,0.0,14.6,71.4,0.0,28.6,7,0.0
computers,DF,13010.5,6,7,1541.0,43.92,3.5,100.0,0.0,10.4,71.4,28.6,0.0,7,0.0
computers,ES,8353.72,3,3,2686.0,98.57,6.1,100.0,33.3,17.0,50.0,50.0,0.0,2,0.0
computers,GO,9649.56,2,7,751.42,45.36,6.4,100.0,0.0,14.0,100.0,0.0,0.0,7,0.0
computers,MA,6988.74,5,5,1357.4,40.35,3.0,100.0,0.0,15.0,100.0,0.0,0.0,5,0.0
computers,MG,23221.22,18,20,1120.5,45.64,5.0,100.0,0.0,10.4,90.0,5.0,5.0,20,0.0
computers,MS,690.68,1,1,599.0,91.68,15.3,100.0,0.0,18.0,100.0,0.0,0.0,1,0.0
computers,MT,2995.04,2,2,1445.0,52.52,3.7,100.0,0.0,17.5,100.0,0.0,0.0,2,0.0
computers,PA,3604.43,4,4,829.75,71.36,9.6,100.0,25.0,24.2,50.0,50.0,0.0,4,0.0
computers,PB,7369.29,4,5,1693.6,54.71,5.3,100.0,0.0,19.2,20.0,40.0,40.0,5,0.0
computers,PE,11643.95,9,10,959.7,62.81,8.9,90.0,20.0,18.3,70.0,30.0,0.0,10,20.0
computers,PI,2555.57,3,4,800.0,59.95,7.7,100.0,0.0,11.8,100.0,0.0,0.0,4,0.0
computers,PR,6957.82,4,4,1669.24,70.21,4.7,100.0,0.0,13.5,100.0,0.0,0.0,4,0.0
computers,RJ,25857.8,22,24,1029.06,53.63,8.6,91.7,0.0,12.5,73.9,21.7,4.3,23,0.0
computers,RO,2605.12,2,2,1249.95,52.61,4.2,100.0,0.0,28.0,100.0,0.0,0.0,2,0.0
computers,RS,9048.24,8,8,1068.36,62.67,8.2,100.0,12.5,20.9,85.7,0.0,14.3,7,0.0
computers,SC,6325.91,5,6,1211.66,51.12,4.6,100.0,0.0,13.0,83.3,0.0,16.7,6,16.7
computers,SE,2548.59,2,2,1250.0,24.3,1.9,50.0,0.0,16.0,0.0,100.0,0.0,2,0.0
computers,SP,82904.25,50,68,1065.31,41.14,4.4,100.0,4.4,9.4,86.8,8.8,4.4,68,4.4
computers,TO,1237.81,1,1,1200.0,37.81,3.2,100.0,0.0,13.0,100.0,0.0,0.0,1,0.0
computers_accessories,AC,1859.61,7,9,143.39,32.23,62.5,88.9,0.0,26.0,55.6,22.2,22.2,9,0.0
computers_accessories,AL,14452.58,34,41,188.16,31.89,36.1,95.1,19.5,23.2,73.2,19.5,7.3,41,7.3
computers_accessories,AM,6039.92,11,20,102.24,35.0,54.0,95.0,0.0,24.9,73.7,26.3,0.0,19,25.0
computers_accessories,AP,4249.94,7,10,225.45,34.07,27.0,90.0,0.0,25.1,70.0,20.0,10.0,10,0.0
computers_accessories,BA,59713.53,222,268,129.57,23.18,35.9,96.6,5.6,17.0,73.0,14.6,12.4,267,2.2
computers_accessories,CE,21822.3,85,105,138.62,29.23,38.5,94.3,12.4,20.3,69.5,25.7,4.8,105,8.6
computers_accessories,DF,43975.52,136,170,150.38,20.53,28.0,95.9,9.4,13.5,61.8,31.8,6.5,170,11.8
computers_accessories,ES,21127.67,139,158,98.04,21.17,33.9,98.7,8.9,15.9,78.6,16.2,5.2,154,4.4
computers_accessories,GO,21331.4,111,126,110.91,23.42,33.1,99.2,6.3,14.9,73.0,16.7,10.3,126,7.1
computers_accessories,MA,32922.86,65,76,167.69,33.56,43.6,90.8,11.8,20.4,57.9,30.3,11.8,76,6.6
computers_accessories,MG,174584.11,877,1042,110.47,18.36,28.0,98.2,4.5,12.1,72.6,17.9,9.6,1036,6.4
computers_accessories,MS,13187.78,55,63,156.81,22.19,29.0,98.4,4.8,12.6,79.4,12.7,7.9,63,3.2
computers_accessories,MT,14900.72,45,74,125.24,28.21,50.7,100.0,2.7,18.6,45.2,11.0,43.8,73,4.1
computers_accessories,PA,18333.64,84,95,135.31,32.74,41.4,95.8,6.3,23.2,71.6,17.9,10.5,95,5.3
computers_accessories,PB,15772.71,41,57,130.26,31.45,43.4,98.2,12.3,18.9,89.3,3.6,7.1,56,0.0
computers_accessories,PE,19003.3,100,113,120.61,28.18,35.4,100.0,8.0,16.6,74.3,14.2,11.5,113,0.9
computers_accessories,PI,6508.8,36,36,146.56,34.24,38.9,97.2,11.1,17.7,80.0,11.4,8.6,35,2.8
computers_accessories,PR,71385.48,338,399,113.06,17.88,26.9,98.5,3.5,11.3,76.4,16.8,6.8,398,10.5
computers_accessories,RJ,195969.58,859,1045,118.37,21.1,29.0,97.4,12.2,15.6,70.5,22.8,6.7,1032,10.7
computers_accessories,RN,4984.72,27,32,87.54,32.69,46.7,96.9,6.2,18.2,71.9,25.0,3.1,32,6.2
computers_accessories,RO,4291.42,17,23,90.5,35.51,56.7,100.0,21.7,21.8,65.2,21.7,13.0,23,0.0
computers_accessories,RR,678.18,5,5,93.6,42.03,67.3,80.0,0.0,17.0,60.0,20.0,20.0,5,0.0
computers_accessories,RS,111780.89,390,521,123.13,21.39,30.0,99.0,4.2,14.9,72.9,19.6,7.5,521,10.2
computers_accessories,SC,66894.45,267,336,116.47,19.44,30.4,96.7,10.1,16.1,72.3,17.8,9.9,332,5.1
computers_accessories,SE,6377.15,33,36,112.58,25.98,36.3,100.0,2.8,15.5,88.9,8.3,2.8,36,5.6
computers_accessories,SP,641880.72,2679,3267,110.26,14.54,22.7,97.8,4.2,9.5,74.7,17.2,8.0,3255,7.9
computers_accessories,TO,5452.08,19,23,197.58,32.95,40.7,95.7,8.7,15.9,82.6,8.7,8.7,23,0.0
consoles_games,AC,321.92,1,1,276.14,45.78,16.6,100.0,0.0,14.0,100.0,0.0,0.0,1,0.0
consoles_games,AL,2977.98,7,7,383.3,42.13,28.9,100.0,28.6,25.4,57.1,28.6,14.3,7,0.0
consoles_games,AM,511.94,2,2,211.65,38.98,35.9,100.0,0.0,26.5,100.0,0.0,0.0,2,0.0
consoles_games,AP,137.27,1,1,85.95,51.32,59.7,100.0,0.0,39.0,100.0,0.0,0.0,1,0.0
consoles_games,BA,5301.81,33,38,115.19,20.45,40.5,94.7,15.8,18.7,75.7,10.8,13.5,37,5.3
consoles_games,CE,4283.37,16,16,229.0,38.71,41.1,93.8,12.5,22.2,68.8,25.0,6.2,16,0.0
consoles_games,DF,2626.88,28,28,75.48,18.34,37.9,96.4,0.0,10.6,85.7,7.1,7.1,28,3.6
consoles_games,ES,4102.74,22,26,151.19,20.38,33.8,88.5,11.5,16.0,61.5,23.1,15.4,26,15.4
consoles_games,GO,2898.68,21,22,108.49,18.26,33.0,100.0,9.1,14.2,72.7,18.2,9.1,22,0.0
consoles_games,MA,1531.89,6,7,288.77,35.58,39.5,100.0,14.3,28.9,42.9,42.9,14.3,7,0.0
consoles_games,MG,24419.59,122,139,148.49,16.83,34.7,97.1,2.9,12.2,84.9,5.8,9.4,139,3.6
consoles_games,MS,596.31,6,6,78.01,21.37,32.2,100.0,0.0,11.7,100.0,0.0,0.0,6,0.0
consoles_games,MT,1512.67,9,9,147.83,20.24,31.3,100.0,0.0,19.0,77.8,11.1,11.1,9,0.0
consoles_games,PA,2539.84,14,16,130.22,37.04,51.4,100.0,18.8,34.8,75.0,25.0,0.0,16,0.0
consoles_games,PB,1095.58,7,8,129.78,33.74,44.1,100.0,0.0,13.9,62.5,0.0,37.5,8,0.0
consoles_games,PE,6340.67,20,22,262.74,34.6,34.8,90.9,13.6,22.4,70.0,20.0,10.0,20,4.5
consoles_games,PI,2672.81,7,9,185.61,40.84,43.2,88.9,0.0,19.9,66.7,22.2,11.1,9,0.0
consoles_games,PR,9745.88,41,51,138.5,17.03,33.5,94.1,2.0,10.9,64.7,31.4,3.9,51,3.9
consoles_games,RJ,21989.34,131,155,123.5,16.86,34.8,96.1,11.0,14.8,76.3,17.8,5.9,152,2.6
consoles_games,RN,1865.18,6,6,275.83,35.04,26.0,100.0,0.0,18.3,83.3,0.0,16.7,6,0.0
consoles_games,RO,54.05,1,1,19.9,34.15,77.9,100.0,0.0,20.0,100.0,0.0,0.0,1,0.0
consoles_games,RS,10272.49,58,61,142.63,18.94,33.7,95.1,8.2,16.7,70.5,18.0,11.5,61,0.0
consoles_games,SC,5230.93,33,37,129.84,19.18,31.3,100.0,13.5,17.7,64.9,16.2,18.9,37,2.7
consoles_games,SE,2069.4,5,6,288.67,31.85,43.5,100.0,0.0,25.0,100.0,0.0,0.0,6,0.0
consoles_games,SP,80314.97,462,514,132.74,13.19,28.2,94.9,2.9,9.5,73.2,15.9,10.8,508,4.5
consoles_games,TO,617.49,3,4,82.18,34.23,54.0,100.0,0.0,20.5,75.0,0.0,25.0,4,0.0
construction_tools_construction,AL,1554.15,2,2,597.5,179.58,30.0,50.0,0.0,27.0,50.0,50.0,0.0,2,0.0
construction_tools_construction,BA,9934.44,26,36,127.63,34.57,44.7,100.0,2.8,15.1,63.9,25.0,11.1,36,2.8
construction_tools_construction,CE,2624.93,9,11,167.91,32.25,27.8,100.0,9.1,14.8,63.6,9.1,27.3,11,0.0
construction_tools_construction,DF,1619.36,10,13,101.69,22.88,36.0,100.0,7.7,10.2,92.3,7.7,0.0,13,0.0
construction_tools_construction,ES,4612.63,10,14,208.3,37.99,26.5,100.0,0.0,8.6,100.0,0.0,0.0,14,7.1
construction_tools_construction,GO,2153.75,8,11,112.11,22.72,31.9,100.0,0.0,11.2,63.6,18.2,18.2,11,0.0
construction_tools_construction,MA,71.14,1,1,49.99,21.15,42.3,100.0,0.0,11.0,100.0,0.0,0.0,1,0.0
construction_tools_construction,MG,30649.17,99,122,148.01,21.44,30.4,99.2,4.9,11.1,74.6,15.6,9.8,122,10.7
construction_tools_construction,MS,5075.97,8,14,122.5,14.44,22.0,100.0,14.3,19.0,78.6,14.3,7.1,14,7.1
construction_tools_construction,MT,3750.54,7,7,459.41,50.26,15.1,100.0,0.0,17.4,85.7,0.0,14.3,7,0.0
construction_tools_construction,PA,556.02,2,2,243.94,34.06,15.3,100.0,0.0,18.5,100.0,0.0,0.0,2,0.0
construction_tools_construction,PB,280.84,1,1,226.9,53.94,23.8,100.0,0.0,11.0,0.0,100.0,0.0,1,0.0
construction_tools_construction,PE,6255.54,9,12,216.15,57.03,37.2,100.0,0.0,15.7,83.3,8.3,8.3,12,0.0
construction_tools_construction,PI,261.97,1,1,210.0,51.97,24.7,0.0,0.0,0.0,0.0,100.0,0.0,1,0.0
construction_tools_construction,PR,12035.24,46,55,173.76,25.19,29.9,100.0,3.6,9.7,85.5,7.3,7.3,55,1.8
construction_tools_construction,RJ,34503.24,105,125,170.45,26.29,26.3,97.6,13.6,15.0,54.1,34.4,11.5,122,8.8
construction_tools_construction,RN,2459.74,6,8,206.95,39.9,46.6,100.0,12.5,20.1,75.0,12.5,12.5,8,0.0
construction_tools_construction,RO,1565.56,4,4,343.62,47.76,27.9,100.0,0.0,16.2,50.0,0.0,50.0,4,0.0
construction_tools_construction,RS,9240.21,35,44,126.79,22.46,30.5,97.7,6.8,14.3,84.1,6.8,9.1,44,0.0
construction_tools_construction,SC,8229.19,21,30,165.89,22.92,29.8,100.0,0.0,9.2,90.0,0.0,10.0,30,20.0
construction_tools_construction,SE,847.38,1,1,779.9,67.48,8.7,100.0,0.0,8.0,100.0,0.0,0.0,1,100.0
construction_tools_construction,SP,104937.5,337,441,144.55,16.24,24.9,98.6,5.4,6.9,79.7,11.8,8.4,439,7.3
construction_tools_lights,BA,964.56,6,6,124.01,36.75,33.9,100.0,0.0,12.8,66.7,0.0,33.3,6,16.7
construction_tools_lights,CE,1768.4,1,1,219.9,99.3,45.2,100.0,0.0,9.0,100.0,0.0,0.0,1,0.0
construction_tools_lights,DF,966.23,4,4,197.0,44.56,25.7,100.0,0.0,10.2,100.0,0.0,0.0,4,0.0
construction_tools_lights,ES,2726.36,5,11,100.21,26.1,40.3,100.0,0.0,9.1,100.0,0.0,0.0,7,0.0
construction_tools_lights,GO,1177.11,5,5,197.0,38.42,22.5,100.0,0.0,11.4,100.0,0.0,0.0,5,0.0
construction_tools_lights,MA,331.2,1,1,250.0,81.2,32.5,100.0,100.0,32.0,0.0,100.0,0.0,1,0.0
construction_tools_lights,MG,10061.19,36,42,150.31,33.94,28.0,100.0,7.1,11.4,74.4,17.9,7.7,39,2.4
construction_tools_lights,MS,2458.57,5,9,100.55,29.47,33.7,100.0,22.2,12.2,22.2,66.7,11.1,9,0.0
construction_tools_lights,MT,816.21,3,3,216.66,55.41,24.3,100.0,0.0,17.0,100.0,0.0,0.0,3,33.3
construction_tools_lights,PA,48.11,1,1,29.0,19.11,65.9,100.0,0.0,11.0,100.0,0.0,0.0,1,0.0
construction_tools_lights,PE,485.37,3,3,128.33,33.46,30.1,66.7,0.0,14.5,66.7,33.3,0.0,3,0.0
construction_tools_lights,PI,394.36,1,1,297.0,51.93,17.5,100.0,0.0,18.0,0.0,100.0,0.0,1,0.0
construction_tools_lights,PR,2515.02,13,13,158.61,34.86,25.2,100.0,7.7,11.5,69.2,15.4,15.4,13,0.0
construction_tools_lights,RJ,4643.97,19,21,155.14,22.65,28.3,100.0,19.0,13.2,57.1,28.6,14.3,21,9.5
construction_tools_lights,RS,5518.32,18,24,93.86,24.36,31.8,100.0,0.0,12.1,79.2,12.5,8.3,24,0.0
construction_tools_lights,SC,3283.7,10,16,93.7,21.91,31.2,100.0,37.5,12.8,92.9,0.0,7.1,14,6.2
construction_tools_lights,SE,310.11,1,1,230.0,80.11,34.8,100.0,0.0,23.0,100.0,0.0,0.0,1,0.0
construction_tools_lights,SP,33307.68,110,150,131.49,17.52,19.5,98.7,4.7,5.9,76.7,10.7,12.7,150,4.7
construction_tools_lights,TO,1190.59,2,2,137.0,51.51,39.3,100.0,0.0,8.0,100.0,0.0,0.0,2,0.0
construction_tools_safety,BA,2546.53,7,7,340.7,23.09,41.5,85.7,0.0,11.8,28.6,28.6,42.9,7,0.0
construction_tools_safety,CE,1610.01,5,5,176.53,22.71,19.0,100.0,0.0,21.8,60.0,40.0,0.0,5,0.0
construction_tools_safety,DF,588.41,3,3,173.39,22.74,33.4,100.0,0.0,6.7,66.7,0.0,33.3,3,0.0
construction_tools_safety,GO,2418.41,6,7,88.91,14.59,28.7,100.0,0.0,13.4,57.1,42.9,0.0,7,0.0
construction_tools_safety,MG,11387.25,25,29,260.23,19.54,21.1,82.8,6.9,11.4,69.0,17.2,13.8,29,3.4
construction_tools_safety,MS,2272.2,2,2,1092.94,43.16,8.1,100.0,0.0,12.5,50.0,50.0,0.0,2,0.0
construction_tools_safety,MT,1244.24,4,4,265.9,45.16,17.2,100.0,0.0,17.5,75.0,25.0,0.0,4,25.0
construction_tools_safety,PB,2371.34,3,8,73.74,28.24,64.1,100.0,0.0,21.8,87.5,12.5,0.0,8,0.0
construction_tools_safety,PE,1200.71,4,4,254.04,46.13,17.3,75.0,0.0,14.3,50.0,25.0,25.0,4,0.0
construction_tools_safety,PR,4900.29,13,18,121.36,20.63,30.9,100.0,0.0,11.4,61.1,22.2,16.7,18,5.6
construction_tools_safety,RJ,3293.71,17,17,160.97,18.46,27.0,100.0,5.9,15.3,68.8,31.2,0.0,16,5.9
construction_tools_safety,RN,190.59,1,1,138.9,51.69,37.2,100.0,0.0,13.0,100.0,0.0,0.0,1,0.0
construction_tools_safety,RO,402.34,1,1,339.9,62.44,18.4,100.0,0.0,18.0,0.0,100.0,0.0,1,0.0
construction_tools_safety,RS,1552.62,7,9,168.47,16.73,29.0,66.7,0.0,17.0,44.4,33.3,22.2,9,22.2
construction_tools_safety,SC,3399.37,12,14,232.47,21.16,14.0,100.0,7.1,13.5,78.6,14.3,7.1,14,0.0
construction_tools_safety,SE,145.37,1,1,77.9,67.47,77.9,100.0,0.0,19.0,100.0,0.0,0.0,1,0.0
construction_tools_safety,SP,26167.64,56,69,216.18,14.28,11.9,97.1,1.4,6.6,84.1,13.0,2.9,69,10.1
cool_stuff,AC,130.22,1,1,99.99,30.23,30.2,100.0,0.0,12.0,0.0,100.0,0.0,1,0.0
cool_stuff,AL,3154.4,16,19,150.57,37.92,27.7,94.7,0.0,20.8,89.5,5.3,5.3,19,15.8
cool_stuff,AM,759.74,4,4,159.72,30.22,20.0,100.0,0.0,23.2,100.0,0.0,0.0,4,0.0
cool_stuff,AP,363.19,2,2,157.0,24.6,21.7,100.0,50.0,44.5,100.0,0.0,0.0,2,0.0
cool_stuff,BA,29607.03,139,161,169.19,26.6,26.7,95.7,7.5,18.9,73.3,18.0,8.7,161,2.5
cool_stuff,CE,15319.78,48,51,239.91,38.51,28.0,98.0,3.9,16.7,78.0,16.0,6.0,50,2.0
cool_stuff,DF,14867.23,79,83,153.0,21.57,23.3,97.6,4.8,12.6,72.3,14.5,13.3,83,4.8
cool_stuff,ES,13286.7,63,70,162.07,23.62,22.1,100.0,12.9,15.7,85.7,2.9,11.4,70,2.9
cool_stuff,GO,37605.42,86,102,227.63,28.59,22.3,94.1,2.0,12.5,76.2,16.8,6.9,101,2.0
cool_stuff,MA,9030.07,35,36,214.73,41.79,29.0,91.7,22.2,21.5,55.6,38.9,5.6,36,2.8
cool_stuff,MG,89563.63,434,473,158.29,22.24,24.0,98.9,3.8,11.0,82.2,11.0,6.8,472,1.9
cool_stuff,MS,8185.88,26,30,240.8,34.59,18.7,96.7,0.0,12.6,82.8,10.3,6.9,29,33.3
cool_stuff,MT,8967.38,45,46,161.05,26.5,22.8,97.8,4.3,17.2,87.0,4.3,8.7,46,0.0
cool_stuff,PA,11337.29,48,50,151.34,33.76,27.4,94.0,14.0,21.8,68.8,18.8,12.5,48,2.0
cool_stuff,PB,7796.34,22,25,218.33,42.6,29.0,100.0,0.0,16.4,78.3,17.4,4.3,23,12.0
cool_stuff,PE,18645.32,73,84,176.23,35.64,29.3,100.0,7.1,17.5,77.1,13.3,9.6,83,14.3
cool_stuff,PI,4182.82,20,21,172.18,34.54,24.3,100.0,0.0,16.2,85.7,9.5,4.8,21,0.0
cool_stuff,PR,45825.98,203,229,169.72,20.72,21.5,99.6,1.7,11.8,83.3,7.9,8.8,227,3.5
cool_stuff,RJ,102617.99,503,543,161.59,22.54,19.7,95.9,10.3,14.4,71.1,22.0,7.0,532,3.1
cool_stuff,RN,4668.35,21,22,183.19,41.24,27.2,100.0,9.1,18.7,90.5,4.8,4.8,21,9.1
cool_stuff,RO,3235.84,12,13,187.7,53.99,36.1,100.0,0.0,17.2,38.5,15.4,46.2,13,0.0
cool_stuff,RR,189.95,2,2,64.99,29.98,46.4,100.0,0.0,19.5,100.0,0.0,0.0,2,0.0
cool_stuff,RS,55715.53,255,281,174.75,22.38,19.9,98.9,6.0,14.1,82.4,9.3,8.2,279,5.3
cool_stuff,SC,35662.39,148,168,179.25,21.21,21.4,100.0,7.1,14.3,68.9,21.0,10.2,167,3.0
cool_stuff,SE,6702.78,17,18,337.04,61.75,24.3,100.0,16.7,20.5,77.8,16.7,5.6,18,0.0
cool_stuff,SP,250531.52,1314,1449,154.16,16.3,18.7,98.3,3.9,7.6,81.0,10.6,8.4,1440,3.6
cool_stuff,TO,3981.2,16,16,214.34,34.49,20.8,100.0,0.0,14.8,87.5,6.2,6.2,16,6.2
costruction_tools_garden,AM,182.35,2,2,66.4,24.78,37.7,100.0,0.0,11.5,100.0,0.0,0.0,2,100.0
costruction_tools_garden,BA,1858.29,7,8,196.17,24.8,32.1,100.0,12.5,16.6,75.0,25.0,0.0,8,0.0
costruction_tools_garden,CE,2752.8,7,8,248.5,38.44,32.9,100.0,25.0,15.5,62.5,37.5,0.0,8,0.0
costruction_tools_garden,DF,542.7,5,5,82.14,26.4,35.6,100.0,0.0,15.0,60.0,0.0,40.0,5,0.0
costruction_tools_garden,ES,948.59,3,5,97.96,20.35,52.9,100.0,0.0,8.8,20.0,80.0,0.0,5,0.0
costruction_tools_garden,GO,636.29,5,7,56.67,24.53,52.6,100.0,0.0,14.9,85.7,14.3,0.0,7,0.0
costruction_tools_garden,MG,5282.3,21,34,79.44,22.57,37.7,97.1,5.9,11.0,64.7,29.4,5.9,34,32.4
costruction_tools_garden,MS,236.53,2,2,90.5,27.77,44.7,100.0,0.0,11.0,50.0,50.0,0.0,2,0.0
costruction_tools_garden,PA,324.59,1,1,139.9,41.06,29.3,100.0,0.0,26.0,0.0,100.0,0.0,1,0.0
costruction_tools_garden,PB,624.59,1,1,599.9,24.69,4.1,100.0,0.0,8.0,100.0,0.0,0.0,1,0.0
costruction_tools_garden,PE,1228.77,6,7,162.92,42.67,39.1,100.0,0.0,14.3,100.0,0.0,0.0,7,0.0
costruction_tools_garden,PI,535.25,4,4,75.07,58.74,65.1,100.0,0.0,13.5,100.0,0.0,0.0,4,0.0
costruction_tools_garden,PR,1177.15,5,6,108.1,17.29,26.8,100.0,16.7,10.3,66.7,0.0,33.3,6,0.0
costruction_tools_garden,RJ,10465.47,29,40,163.43,21.36,31.0,97.5,7.5,13.1,75.0,20.0,5.0,40,5.0
costruction_tools_garden,RN,237.22,3,3,54.57,24.51,43.2,100.0,0.0,16.7,100.0,0.0,0.0,3,0.0
costruction_tools_garden,RO,202.56,2,2,50.18,51.1,66.0,100.0,0.0,17.5,100.0,0.0,0.0,2,0.0
costruction_tools_garden,RS,1171.74,7,7,144.71,22.68,35.6,85.7,14.3,14.7,71.4,28.6,0.0,7,0.0
costruction_tools_garden,SC,503.2,4,5,46.84,16.81,46.5,100.0,0.0,17.0,100.0,0.0,0.0,5,20.0
costruction_tools_garden,SP,13562.2,80,100,75.07,17.43,41.2,97.0,3.0,8.8,85.0,10.0,5.0,100,5.0
costruction_tools_tools,BA,814.83,4,5,117.94,26.35,40.2,100.0,0.0,11.8,100.0,0.0,0.0,5,0.0
costruction_tools_tools,CE,113.7,1,1,93.0,20.7,22.3,100.0,0.0,25.0,100.0,0.0,0.0,1,0.0
costruction_tools_tools,ES,599.03,4,4,128.5,21.26,41.7,100.0,25.0,14.8,100.0,0.0,0.0,4,0.0
costruction_tools_tools,GO,5042.39,5,7,361.36,19.77,19.6,100.0,0.0,10.0,100.0,0.0,0.0,7,0.0
costruction_tools_tools,MG,2523.71,17,19,97.85,18.3,29.6,100.0,0.0,9.3,84.2,10.5,5.3,19,10.5
costruction_tools_tools,MS,26.12,1,1,6.8,19.32,77.9,100.0,100.0,24.0,0.0,100.0,0.0,1,100.0
costruction_tools_tools,MT,222.16,1,1,190.0,32.16,16.9,100.0,0.0,20.0,100.0,0.0,0.0,1,0.0
costruction_tools_tools,PA,52.63,1,1,27.0,25.63,77.9,100.0,0.0,32.0,75.0,15.0,10.0,0,0.0
costruction_tools_tools,PB,355.01,1,1,309.0,46.01,14.9,100.0,0.0,16.0,100.0,0.0,0.0,1,0.0
costruction_tools_tools,PE,226.56,1,1,190.0,36.56,19.2,100.0,0.0,11.0,100.0,0.0,0.0,1,0.0
costruction_tools_tools,PR,510.16,7,8,33.37,18.73,61.2,100.0,0.0,12.2,100.0,0.0,0.0,6,0.0
costruction_tools_tools,RJ,1239.97,9,9,119.19,18.59,16.8,100.0,11.1,11.3,66.7,33.3,0.0,9,0.0
costruction_tools_tools,RS,1322.49,8,9,127.03,26.43,48.7,100.0,11.1,18.0,77.8,22.2,0.0,9,0.0
costruction_tools_tools,SC,613.07,5,5,99.12,23.49,37.8,100.0,20.0,16.0,100.0,0.0,0.0,5,0.0
costruction_tools_tools,SP,7407.24,32,33,205.64,15.96,27.5,100.0,3.0,9.1,96.9,3.1,0.0,32,3.0
diapers_and_hygiene,BA,55.06,1,1,38.0,17.06,44.9,0.0,0.0,0.0,0.0,100.0,0.0,1,0.0
diapers_and_hygiene,CE,80.69,1,1,60.0,20.69,34.5,100.0,0.0,14.0,0.0,100.0,0.0,1,0.0
diapers_and_hygiene,MG,58.23,1,1,43.0,15.23,35.4,100.0,0.0,9.0,100.0,0.0,0.0,1,0.0
diapers_and_hygiene,PB,98.05,1,1,47.0,51.05,77.9,100.0,0.0,9.0,100.0,0.0,0.0,1,0.0
diapers_and_hygiene,PR,135.93,2,2,48.5,19.46,42.4,100.0,0.0,9.5,100.0,0.0,0.0,2,0.0
diapers_and_hygiene,RJ,230.6,2,2,97.45,17.85,22.3,100.0,0.0,16.5,100.0,0.0,0.0,2,0.0
diapers_and_hygiene,SP,3562.69,19,31,35.09,12.74,40.8,96.8,0.0,9.8,38.7,25.8,35.5,31,32.3
drinks,AL,49.64,1,1,15.49,34.15,77.9,100.0,100.0,35.0,100.0,0.0,0.0,1,0.0
drinks,AM,83.16,1,1,47.49,35.67,75.1,100.0,0.0,40.0,0.0,0.0,100.0,1,0.0
drinks,BA,1727.2,6,11,44.66,19.52,60.5,45.5,0.0,15.4,100.0,0.0,0.0,5,0.0
drinks,CE,379.94,2,4,51.49,26.91,52.6,100.0,0.0,22.0,100.0,0.0,0.0,4,0.0
drinks,DF,382.57,5,5,58.47,18.04,35.7,100.0,0.0,10.2,100.0,0.0,0.0,5,0.0
drinks,ES,690.14,5,5,109.28,28.74,37.5,60.0,0.0,9.3,60.0,40.0,0.0,5,0.0
drinks,GO,1044.42,4,7,55.08,18.92,41.6,100.0,0.0,12.4,85.7,14.3,0.0,7,0.0
drinks,MG,4572.94,20,26,74.64,18.82,37.6,96.2,0.0,11.5,88.5,11.5,0.0,26,11.5
drinks,MS,264.45,4,4,49.99,16.12,32.5,100.0,0.0,18.2,100.0,0.0,0.0,4,25.0
drinks,MT,41.55,1,1,19.49,22.06,77.9,100.0,0.0,11.0,100.0,0.0,0.0,1,0.0
drinks,PA,125.78,1,1,105.0,20.78,19.8,100.0,100.0,46.0,0.0,0.0,100.0,1,0.0
drinks,PI,112.95,1,1,90.0,22.95,25.5,100.0,0.0,9.0,100.0,0.0,0.0,1,0.0
drinks,PR,4504.41,10,15,96.62,19.99,28.7,100.0,6.7,12.1,80.0,20.0,0.0,15,13.3
drinks,RJ,34511.41,41,56,102.81,19.35,32.5,96.4,1.8,13.4,75.0,17.9,7.1,56,0.0
drinks,RS,2267.29,14,18,59.64,20.76,41.2,94.4,11.1,21.2,61.1,33.3,5.6,18,27.8
drinks,SC,1141.62,14,14,63.71,17.84,34.4,100.0,0.0,13.0,85.7,0.0,14.3,14,0.0
drinks,SP,20026.66,167,220,42.82,11.5,39.6,96.8,4.5,6.7,75.0,14.1,10.9,220,16.8
dvds_blu_ray,AL,47.75,1,1,24.9,22.85,77.9,100.0,0.0,25.0,100.0,0.0,0.0,1,0.0
dvds_blu_ray,DF,164.16,3,8,67.59,16.78,33.5,100.0,12.5,14.4,87.5,12.5,0.0,8,0.0
dvds_blu_ray,GO,28.01,1,1,19.9,8.11,40.8,100.0,0.0,2.0,100.0,0.0,0.0,1,0.0
dvds_blu_ray,MG,338.7,4,4,67.19,17.48,36.1,100.0,25.0,16.2,75.0,25.0,0.0,4,0.0
dvds_blu_ray,MS,498.54,3,3,149.6,16.58,53.4,100.0,0.0,12.0,66.7,33.3,0.0,3,0.0
dvds_blu_ray,PE,77.99,2,2,17.4,20.98,77.9,100.0,50.0,23.0,50.0,50.0,0.0,2,0.0
dvds_blu_ray,PI,75.85,1,1,25.0,50.85,77.9,100.0,0.0,14.0,100.0,0.0,0.0,1,0.0
dvds_blu_ray,PR,474.35,3,5,20.9,34.11,70.9,100.0,0.0,13.2,100.0,0.0,0.0,5,60.0
dvds_blu_ray,RJ,771.83,12,13,32.24,18.64,61.6,92.3,0.0,11.7,75.0,25.0,0.0,12,0.0
dvds_blu_ray,RN,42.28,1,1,16.9,25.38,77.9,100.0,0.0,12.0,100.0,0.0,0.0,1,0.0
dvds_blu_ray,RO,46.05,1,1,24.9,21.15,77.9,100.0,0.0,18.0,100.0,0.0,0.0,1,0.0
dvds_blu_ray,RS,337.96,4,4,38.4,24.95,66.3,100.0,0.0,12.0,100.0,0.0,0.0,4,0.0
dvds_blu_ray,SC,87.1,2,2,22.4,21.15,77.9,100.0,0.0,17.5,100.0,0.0,0.0,2,0.0
dvds_blu_ray,SP,4944.71,21,25,173.3,18.07,55.3,88.0,4.0,9.8,76.0,20.0,4.0,25,4.0
electronics,AC,677.59,4,4,121.89,44.78,48.4,100.0,0.0,20.2,100.0,0.0,0.0,4,0.0
electronics,AL,881.44,13,14,24.61,29.15,72.7,92.9,21.4,23.3,78.6,21.4,0.0,14,0.0
electronics,AM,145.25,4,4,14.74,21.58,77.9,100.0,0.0,33.2,100.0,0.0,0.0,4,0.0
electronics,AP,1015.96,3,4,151.89,32.61,38.6,100.0,0.0,32.2,100.0,0.0,0.0,4,0.0
electronics,BA,9700.85,98,110,60.52,22.49,57.2,99.1,13.6,18.1,73.6,19.1,7.3,110,3.6
electronics,CE,6819.91,41,46,81.93,27.33,53.8,97.8,13.0,20.0,78.3,19.6,2.2,46,0.0
electronics,DF,3488.64,50,51,48.2,16.47,51.8,100.0,3.9,10.4,88.2,9.8,2.0,51,2.0
electronics,ES,5950.94,73,83,47.25,20.59,62.4,98.8,10.8,14.7,78.0,13.4,8.5,82,4.8
electronics,GO,1520.87,32,34,25.67,17.53,68.4,100.0,5.9,14.2,76.5,14.7,8.8,34,2.9
electronics,MA,780.04,13,13,29.45,30.55,70.3,100.0,23.1,21.2,38.5,23.1,38.5,13,0.0
electronics,MG,37927.13,260,303,70.98,18.49,52.8,99.7,5.0,12.2,69.1,21.3,9.6,301,2.6
electronics,MS,2702.26,20,23,71.43,19.68,54.6,100.0,17.4,16.3,87.0,4.3,8.7,23,8.7
electronics,MT,2336.36,22,26,37.91,19.76,58.0,100.0,15.4,18.8,57.7,42.3,0.0,26,3.8
electronics,PA,3944.24,27,28,102.71,33.94,59.3,100.0,3.6,20.6,64.3,17.9,17.9,28,3.6
electronics,PB,3069.71,13,14,184.89,37.08,60.1,100.0,14.3,19.3,78.6,21.4,0.0,14,0.0
electronics,PE,3601.03,37,41,48.07,22.91,58.7,92.7,9.8,18.7,84.6,10.3,5.1,39,0.0
electronics,PI,2530.4,22,23,63.68,32.46,62.1,95.7,21.7,20.5,73.9,26.1,0.0,23,0.0
electronics,PR,25387.61,168,189,59.49,15.74,54.2,96.8,2.6,11.7,74.9,15.5,9.6,187,2.6
electronics,RJ,41042.15,400,448,63.0,18.74,55.7,98.4,16.3,16.3,68.2,23.6,8.1,444,3.3
electronics,RN,869.71,14,14,26.32,35.81,74.3,85.7,7.1,21.3,71.4,28.6,0.0,14,0.0
electronics,RO,467.75,6,6,40.88,37.08,69.0,100.0,0.0,17.5,66.7,33.3,0.0,6,0.0
electronics,RR,80.09,2,2,13.65,26.4,77.9,100.0,0.0,23.0,100.0,0.0,0.0,2,0.0
electronics,RS,12430.51,157,169,54.17,16.83,56.4,100.0,7.1,13.9,77.4,15.5,7.1,168,4.7
electronics,SC,11571.74,114,127,67.56,17.53,58.2,98.4,7.9,13.9,75.2,16.0,8.8,125,2.4
electronics,SE,4511.27,13,19,58.2,31.46,56.3,94.7,15.8,19.2,78.9,21.1,0.0,19,0.0
electronics,SP,76100.38,938,1044,52.89,11.61,45.2,98.9,3.4,7.8,82.2,10.1,7.7,1039,3.8
electronics,TO,467.44,6,7,21.18,30.44,76.9,100.0,14.3,14.1,100.0,0.0,0.0,7,0.0
fashio_female_clothing,BA,171.69,1,1,64.9,22.84,35.2,100.0,0.0,25.0,0.0,100.0,0.0,1,0.0
fashio_female_clothing,DF,148.06,1,1,129.9,18.16,14.0,100.0,0.0,14.0,100.0,0.0,0.0,1,0.0
fashio_female_clothing,ES,131.51,1,1,115.0,16.51,14.4,100.0,0.0,18.0,0.0,100.0,0.0,1,0.0
fashio_female_clothing,GO,235.74,2,2,102.4,15.47,18.5,100.0,0.0,23.5,50.0,50.0,0.0,2,0.0
fashio_female_clothing,MG,585.1,7,7,67.95,15.63,30.1,100.0,0.0,13.3,85.7,0.0,14.3,7,14.3
fashio_female_clothing,MT,57.17,1,1,34.99,22.18,63.4,100.0,0.0,15.0,100.0,0.0,0.0,1,0.0
fashio_female_clothing,PB,304.32,1,2,54.9,21.18,38.6,100.0,100.0,25.0,100.0,0.0,0.0,2,0.0
fashio_female_clothing,PR,119.2,2,2,44.95,14.65,40.0,100.0,0.0,12.5,50.0,0.0,50.0,2,50.0
fashio_female_clothing,RJ,139.48,2,2,54.9,14.84,27.0,50.0,0.0,18.0,50.0,50.0,0.0,2,0.0
fashio_female_clothing,SC,35.0,1,1,19.9,15.1,75.9,100.0,0.0,21.0,100.0,0.0,0.0,1,0.0
fashio_female_clothing,SP,3292.8,20,30,51.16,10.33,26.3,90.0,3.3,7.3,66.7,16.7,16.7,30,23.3
fashion_bags_accessories,AC,121.2,1,1,89.9,31.3,34.8,100.0,0.0,15.0,100.0,0.0,0.0,1,0.0
fashion_bags_accessories,AL,360.14,4,5,52.74,30.86,55.2,100.0,20.0,18.6,80.0,20.0,0.0,5,0.0
fashion_bags_accessories,AM,725.69,1,1,699.99,25.7,3.7,100.0,0.0,34.0,100.0,0.0,0.0,1,0.0
fashion_bags_accessories,BA,9820.78,70,87,85.86,19.22,36.6,98.9,8.0,16.7,77.0,16.1,6.9,87,12.6
fashion_bags_accessories,CE,3879.75,28,32,86.17,24.42,42.7,90.6,6.2,20.3,84.4,15.6,0.0,32,9.4
fashion_bags_accessories,DF,5278.4,41,50,79.64,16.12,35.5,96.0,8.0,11.1,74.0,18.0,8.0,50,2.0
fashion_bags_accessories,ES,5035.03,45,53,73.43,17.05,35.9,96.2,7.5,13.1,73.6,15.1,11.3,53,7.5
fashion_bags_accessories,GO,4073.32,45,46,69.8,18.54,40.1,97.8,4.3,13.8,76.1,6.5,17.4,46,10.9
fashion_bags_accessories,MA,3344.24,22,28,84.45,28.0,42.8,96.4,3.6,16.3,67.9,17.9,14.3,28,7.1
fashion_bags_accessories,MG,30301.59,248,281,90.06,15.13,30.9,97.9,5.0,9.5,82.8,9.7,7.5,279,13.5
fashion_bags_accessories,MS,1277.08,14,15,72.03,17.37,36.6,100.0,13.3,17.6,73.3,20.0,6.7,15,13.3
fashion_bags_accessories,MT,1026.73,13,15,46.28,21.44,56.8,93.3,6.7,16.4,80.0,20.0,0.0,15,6.7
fashion_bags_accessories,PA,3326.53,29,34,67.1,26.12,51.7,100.0,17.6,23.1,66.7,24.2,9.1,33,11.8
fashion_bags_accessories,PB,2356.96,12,21,86.22,46.07,47.2,95.2,19.0,17.8,76.2,23.8,0.0,21,23.8
fashion_bags_accessories,PE,3886.31,34,47,62.22,25.52,51.8,93.6,12.8,17.1,74.5,21.3,4.3,47,29.8
fashion_bags_accessories,PI,407.63,5,5,55.56,25.97,51.4,80.0,20.0,14.8,40.0,40.0,20.0,5,0.0
fashion_bags_accessories,PR,11246.71,107,123,65.78,16.13,40.5,100.0,5.7,11.2,80.3,10.7,9.0,122,17.1
fashion_bags_accessories,RJ,23447.07,185,214,83.48,16.42,32.7,99.5,8.4,13.1,76.9,17.9,5.2,212,17.8
fashion_bags_accessories,RN,1948.83,7,8,181.97,37.85,38.7,100.0,12.5,22.4,37.5,50.0,12.5,8,0.0
fashion_bags_accessories,RO,1203.05,7,9,70.28,34.31,62.8,100.0,0.0,21.8,77.8,22.2,0.0,9,22.2
fashion_bags_accessories,RS,10820.6,77,86,101.98,17.31,30.8,100.0,3.5,14.5,76.7,5.8,17.4,86,11.6
fashion_bags_accessories,SC,8597.38,75,83,77.53,18.27,34.1,97.6,10.8,15.3,75.9,10.8,13.3,83,10.8
fashion_bags_accessories,SE,678.4,8,9,57.28,25.89,47.7,100.0,0.0,13.3,55.6,33.3,11.1,9,0.0
fashion_bags_accessories,SP,85856.34,780,905,66.03,11.33,25.8,97.8,2.7,6.9,80.1,11.6,8.3,900,13.9
fashion_bags_accessories,TO,795.79,6,12,35.55,30.77,73.0,100.0,0.0,14.7,66.7,0.0,33.3,12,8.3
fashion_childrens_clothes,BA,107.06,1,1,89.99,17.07,19.0,100.0,0.0,29.0,100.0,0.0,0.0,1,0.0
fashion_childrens_clothes,RJ,124.52,1,1,110.0,14.52,13.2,100.0,0.0,2.0,100.0,0.0,0.0,1,0.0
fashion_childrens_clothes,SC,173.12,2,2,44.94,11.61,24.9,50.0,0.0,6.0,50.0,50.0,0.0,2,50.0
fashion_childrens_clothes,SP,380.97,4,4,69.99,10.18,19.3,100.0,0.0,5.0,100.0,0.0,0.0,4,0.0
fashion_male_clothing,BA,1658.2,7,13,93.88,19.0,24.8,92.3,46.2,25.4,15.4,76.9,7.7,13,0.0
fashion_male_clothing,CE,55.62,1,1,29.99,25.63,77.9,100.0,0.0,22.0,100.0,0.0,0.0,1,0.0
fashion_male_clothing,ES,540.06,3,3,148.6,31.42,21.9,100.0,33.3,19.3,100.0,0.0,0.0,2,0.0
fashion_male_clothing,GO,390.99,3,3,102.87,27.46,27.2,100.0,0.0,13.7,33.3,33.3,33.3,3,0.0
fashion_male_clothing,MA,95.64,1,1,59.9,35.74,59.7,100.0,0.0,20.0,100.0,0.0,0.0,1,0.0
fashion_male_clothing,MG,3063.31,14,20,76.84,16.62,24.6,100.0,0.0,11.8,70.0,30.0,0.0,20,10.0
fashion_male_clothing,MT,183.85,1,1,147.5,36.35,24.6,100.0,0.0,19.0,0.0,100.0,0.0,1,0.0
fashion_male_clothing,PA,345.9,2,2,128.44,44.5,34.5,100.0,0.0,23.0,100.0,0.0,0.0,2,0.0
fashion_male_clothing,PR,1626.55,10,13,91.64,15.78,27.4,100.0,0.0,10.7,92.3,7.7,0.0,13,0.0
fashion_male_clothing,RJ,1171.57,12,16,77.62,17.02,24.8,87.5,6.2,13.6,75.0,18.8,6.2,16,6.2
fashion_male_clothing,RS,1348.42,7,9,70.98,15.92,37.7,88.9,0.0,14.0,44.4,55.6,0.0,9,22.2
fashion_male_clothing,SC,120.59,2,2,44.94,15.35,37.7,100.0,0.0,17.5,100.0,0.0,0.0,2,0.0
fashion_male_clothing,SP,6690.28,49,61,73.18,12.27,24.2,95.1,4.9,9.2,63.9,29.5,6.6,61,14.8
fashion_shoes,AC,393.74,2,2,147.8,49.07,35.2,100.0,0.0,17.5,100.0,0.0,0.0,2,0.0
fashion_shoes,AL,437.06,3,3,115.47,30.21,33.3,100.0,33.3,37.0,33.3,33.3,33.3,3,0.0
fashion_shoes,BA,1007.11,7,8,118.78,21.94,20.3,100.0,12.5,22.4,75.0,12.5,12.5,8,0.0
fashion_shoes,CE,560.06,2,3,83.23,33.89,40.5,100.0,0.0,26.0,66.7,0.0,33.3,3,0.0
fashion_shoes,DF,1084.59,7,8,137.81,20.46,20.6,100.0,0.0,11.9,100.0,0.0,0.0,8,0.0
fashion_shoes,ES,886.17,5,5,156.06,21.17,18.9,100.0,0.0,16.0,100.0,0.0,0.0,5,0.0
fashion_shoes,GO,1300.73,6,7,146.04,23.86,34.3,100.0,0.0,15.3,71.4,14.3,14.3,7,0.0
fashion_shoes,MA,53.28,1,1,27.9,25.38,77.9,100.0,0.0,15.0,100.0,0.0,0.0,1,0.0
fashion_shoes,MG,4458.15,41,44,77.14,17.92,31.8,100.0,4.5,15.0,79.1,9.3,11.6,43,6.8
fashion_shoes,MS,629.3,4,4,136.5,20.82,17.1,100.0,0.0,16.0,100.0,0.0,0.0,4,0.0
fashion_shoes,MT,550.98,3,3,159.5,24.16,16.5,100.0,0.0,14.7,100.0,0.0,0.0,3,0.0
fashion_shoes,PA,660.33,4,4,135.6,29.48,24.3,100.0,0.0,25.8,75.0,25.0,0.0,4,0.0
fashion_shoes,PB,439.48,1,2,71.82,38.05,53.0,100.0,0.0,24.0,0.0,100.0,0.0,2,0.0
fashion_shoes,PE,1559.41,11,11,111.04,30.73,32.2,90.9,9.1,22.3,90.9,9.1,0.0,11,45.5
fashion_shoes,PI,238.65,1,1,199.7,38.95,19.5,100.0,100.0,40.0,0.0,100.0,0.0,1,0.0
fashion_shoes,PR,1474.81,16,23,55.54,13.15,27.2,100.0,0.0,10.9,100.0,0.0,0.0,20,0.0
fashion_shoes,RJ,4123.87,23,32,78.93,17.39,34.9,96.9,3.1,14.0,74.2,22.6,3.2,31,12.5
fashion_shoes,RN,496.3,2,2,199.7,48.45,24.3,50.0,50.0,43.0,0.0,100.0,0.0,2,100.0
fashion_shoes,RO,227.75,1,1,169.79,57.96,34.1,100.0,0.0,12.0,100.0,0.0,0.0,1,0.0
fashion_shoes,RS,917.2,10,10,74.28,17.44,32.2,100.0,10.0,17.6,90.0,10.0,0.0,10,10.0
fashion_shoes,SC,1490.83,5,7,107.16,17.72,22.1,100.0,14.3,20.1,71.4,28.6,0.0,7,14.3
fashion_shoes,SP,9455.67,84,96,78.47,14.27,26.2,97.9,1.0,11.6,80.2,11.5,8.3,96,11.5
fashion_shoes,TO,229.5,1,1,199.7,29.8,14.9,100.0,0.0,15.0,100.0,0.0,0.0,1,0.0
fashion_sport,BA,248.45,2,2,62.44,17.91,28.7,100.0,0.0,20.0,50.0,50.0,0.0,2,0.0
fashion_sport,DF,78.18,1,2,24.99,14.1,56.4,100.0,0.0,12.0,100.0,0.0,0.0,2,100.0
fashion_sport,MA,314.37,1,1,205.9,108.47,52.7,100.0,0.0,19.0,0.0,100.0,0.0,1,0.0
fashion_sport,MG,293.7,2,2,132.45,14.4,22.0,100.0,0.0,6.0,100.0,0.0,0.0,2,0.0
fashion_sport,PA,1048.48,1,4,39.9,25.63,64.2,100.0,0.0,22.0,100.0,0.0,0.0,4,0.0
fashion_sport,PR,65.0,1,1,49.9,15.1,30.3,100.0,0.0,8.0,100.0,0.0,0.0,1,0.0
fashion_sport,RJ,159.42,2,2,64.9,14.81,26.3,100.0,0.0,9.5,100.0,0.0,0.0,2,0.0
fashion_sport,RS,81.13,2,2,24.99,15.58,62.3,50.0,0.0,16.0,50.0,50.0,0.0,2,0.0
fashion_sport,SC,225.53,3,3,56.58,18.59,33.9,100.0,0.0,13.3,100.0,0.0,0.0,3,0.0
fashion_sport,SP,1170.75,12,12,78.32,13.06,15.8,100.0,8.3,6.3,83.3,0.0,16.7,12,8.3
fashion_underwear_beach,BA,748.94,6,7,102.66,18.58,26.8,85.7,0.0,22.8,42.9,42.9,14.3,7,0.0
fashion_underwear_beach,DF,177.22,2,2,73.08,15.54,21.9,100.0,0.0,16.0,50.0,50.0,0.0,2,0.0
fashion_underwear_beach,ES,125.52,1,1,110.0,15.52,14.1,100.0,0.0,16.0,100.0,0.0,0.0,1,0.0
fashion_underwear_beach,GO,541.67,5,6,86.27,17.08,32.6,100.0,0.0,15.0,66.7,0.0,33.3,6,0.0
fashion_underwear_beach,MG,1879.45,13,19,58.98,15.32,39.6,100.0,0.0,9.4,94.4,0.0,5.6,18,31.6
fashion_underwear_beach,MS,492.37,3,3,147.3,16.82,15.8,100.0,33.3,17.3,66.7,0.0,33.3,3,33.3
fashion_underwear_beach,MT,98.7,1,1,79.9,18.8,23.5,0.0,0.0,0.0,0.0,0.0,100.0,1,0.0
fashion_underwear_beach,PA,246.33,3,3,60.57,21.54,35.7,100.0,0.0,23.0,100.0,0.0,0.0,3,0.0
fashion_underwear_beach,PE,253.87,2,2,100.95,25.98,34.3,100.0,50.0,33.0,50.0,50.0,0.0,2,0.0
fashion_underwear_beach,PI,186.86,1,1,152.0,34.86,22.9,100.0,0.0,25.0,0.0,100.0,0.0,1,0.0
fashion_underwear_beach,PR,353.86,6,6,44.26,14.71,43.5,100.0,0.0,18.0,83.3,16.7,0.0,6,50.0
fashion_underwear_beach,RJ,2273.84,14,17,79.97,15.41,27.9,100.0,29.4,19.0,52.9,47.1,0.0,17,5.9
fashion_underwear_beach,RS,447.37,3,3,132.6,16.52,16.2,100.0,0.0,18.0,33.3,66.7,0.0,3,0.0
fashion_underwear_beach,SC,548.2,7,8,45.9,17.09,41.4,100.0,25.0,16.0,50.0,37.5,12.5,8,0.0
fashion_underwear_beach,SP,4340.34,54,65,65.69,11.71,23.4,96.9,4.6,8.8,89.2,6.2,4.6,65,3.1
fixed_telephony,AL,909.59,4,5,154.37,26.14,47.2,100.0,0.0,21.4,80.0,20.0,0.0,5,40.0
fixed_telephony,AM,41.14,1,1,19.99,21.15,77.9,100.0,0.0,34.0,100.0,0.0,0.0,1,0.0
fixed_telephony,AP,1678.58,2,6,38.82,24.84,64.3,100.0,0.0,13.3,100.0,0.0,0.0,6,0.0
fixed_telephony,BA,9679.63,8,12,344.32,21.04,35.4,100.0,8.3,19.3,33.3,58.3,8.3,12,0.0
fixed_telephony,CE,579.3,3,4,92.45,34.11,63.8,100.0,25.0,22.2,25.0,50.0,25.0,4,0.0
fixed_telephony,DF,120.6,3,3,24.33,15.87,66.6,100.0,0.0,7.3,66.7,33.3,0.0,3,33.3
fixed_telephony,ES,30248.54,6,10,833.68,22.86,18.2,100.0,0.0,13.9,20.0,70.0,10.0,10,0.0
fixed_telephony,GO,640.25,5,6,68.3,17.44,39.7,100.0,0.0,11.7,66.7,16.7,16.7,6,0.0
fixed_telephony,MA,124.43,1,1,90.0,34.43,38.3,100.0,0.0,12.0,100.0,0.0,0.0,1,0.0
fixed_telephony,MG,1550.69,17,17,73.21,18.01,49.9,100.0,5.9,12.4,75.0,18.8,6.2,16,0.0
fixed_telephony,MS,49.04,1,1,32.99,16.05,48.7,100.0,0.0,20.0,100.0,0.0,0.0,1,0.0
fixed_telephony,PA,614.49,1,1,577.99,36.5,6.3,100.0,100.0,37.0,75.0,15.0,10.0,0,0.0
fixed_telephony,PB,2239.98,4,5,369.16,29.67,27.6,100.0,20.0,22.4,80.0,20.0,0.0,5,20.0
fixed_telephony,PE,152.75,3,3,29.96,20.96,69.4,100.0,0.0,21.0,66.7,0.0,33.3,3,0.0
fixed_telephony,PI,402.8,2,2,155.0,46.4,32.0,100.0,0.0,19.5,100.0,0.0,0.0,2,0.0
fixed_telephony,PR,371.03,6,6,46.61,15.22,52.1,100.0,0.0,12.0,83.3,0.0,16.7,6,0.0
fixed_telephony,RJ,116943.62,27,38,552.14,21.73,26.8,89.5,2.6,14.4,52.6,44.7,2.6,38,2.6
fixed_telephony,RS,2768.22,18,20,121.79,16.36,42.3,100.0,0.0,11.6,84.2,5.3,10.5,19,5.0
fixed_telephony,SC,2439.21,5,7,273.84,17.66,27.4,100.0,0.0,11.7,100.0,0.0,0.0,7,0.0
fixed_telephony,SE,223.16,1,2,34.99,20.8,59.4,100.0,0.0,11.0,0.0,100.0,0.0,2,0.0
fixed_telephony,SP,33849.43,97,120,134.41,12.95,24.2,95.0,3.3,9.0,70.8,21.7,7.5,120,5.8
fixed_telephony,TO,1444.57,2,2,695.5,26.79,40.3,100.0,0.0,20.0,50.0,50.0,0.0,2,0.0
flowers,ES,110.29,2,2,38.94,16.2,50.8,100.0,0.0,9.0,100.0,0.0,0.0,2,0.0
flowers,GO,41.1,1,1,24.99,16.11,64.5,100.0,0.0,10.0,100.0,0.0,0.0,1,0.0
flowers,MG,247.67,4,5,19.26,17.19,75.3,100.0,0.0,10.4,80.0,0.0,20.0,5,0.0
flowers,MS,46.3,1,1,31.2,15.1,48.4,100.0,0.0,8.0,100.0,0.0,0.0,1,0.0
flowers,PE,290.24,1,2,54.9,17.66,32.2,100.0,0.0,15.0,75.0,15.0,10.0,0,0.0
flowers,RJ,567.98,7,8,31.95,16.9,59.4,100.0,12.5,14.6,87.5,12.5,0.0,8,0.0
flowers,RS,124.96,3,3,25.2,16.45,66.1,100.0,0.0,18.3,100.0,0.0,0.0,3,0.0
flowers,SP,784.47,10,11,39.88,10.86,36.1,100.0,0.0,5.7,81.8,9.1,9.1,11,0.0
food,AL,215.58,1,1,189.9,25.68,13.5,100.0,0.0,11.0,100.0,0.0,0.0,1,0.0
food,AM,187.91,1,1,149.9,38.01,25.4,100.0,100.0,138.0,0.0,100.0,0.0,1,0.0
food,BA,1740.17,15,18,55.08,21.13,53.9,83.3,11.1,17.9,85.7,14.3,0.0,14,16.7
food,CE,453.5,5,5,69.74,20.96,41.2,100.0,0.0,9.6,100.0,0.0,0.0,5,0.0
food,DF,1116.66,7,9,56.79,18.53,47.8,100.0,11.1,12.3,83.3,16.7,0.0,6,22.2
food,ES,1219.06,14,14,68.83,18.24,33.8,92.9,14.3,15.4,78.6,14.3,7.1,14,7.1
food,GO,667.16,6,7,56.92,16.94,35.1,100.0,0.0,15.1,42.9,28.6,28.6,7,0.0
food,MG,3088.73,35,39,58.09,17.22,38.6,97.4,5.1,9.0,79.5,10.3,10.3,39,2.6
food,MS,460.45,4,4,96.06,19.05,29.2,100.0,0.0,10.2,100.0,0.0,0.0,4,0.0
food,MT,1331.65,6,7,104.91,31.63,38.1,100.0,0.0,18.4,100.0,0.0,0.0,7,42.9
food,PB,300.8,3,4,76.97,30.38,41.5,75.0,0.0,22.7,100.0,0.0,0.0,4,25.0
food,PE,757.46,8,14,49.68,17.07,60.5,100.0,14.3,13.9,78.6,21.4,0.0,14,21.4
food,PI,173.49,1,1,149.9,23.59,15.7,100.0,0.0,20.0,100.0,0.0,0.0,1,0.0
food,PR,2797.89,27,31,57.39,18.55,43.7,93.5,9.7,9.7,90.3,6.5,3.2,31,3.2
food,RJ,4971.23,41,49,59.7,16.71,37.6,100.0,8.2,14.9,75.5,14.3,10.2,49,4.1
food,RN,156.42,2,2,34.95,43.26,77.9,100.0,0.0,16.0,100.0,0.0,0.0,2,0.0
food,RO,126.45,1,1,98.99,27.46,27.7,100.0,0.0,8.0,100.0,0.0,0.0,1,0.0
food,RS,1304.13,12,14,57.88,20.03,38.6,92.9,0.0,12.8,71.4,28.6,0.0,14,28.6
food,SC,1322.09,14,16,46.72,16.64,44.2,100.0,6.2,12.9,75.0,12.5,12.5,16,0.0
food,SE,37.34,1,1,18.45,18.89,77.9,100.0,0.0,25.0,100.0,0.0,0.0,1,0.0
food,SP,24000.5,246,288,54.09,10.47,27.0,99.3,6.2,5.5,83.6,12.5,3.9,280,8.0
food_drink,AL,68.54,1,1,44.06,24.48,55.6,100.0,0.0,22.0,100.0,0.0,0.0,1,0.0
food_drink,BA,998.32,6,8,68.8,15.59,24.6,100.0,0.0,10.1,87.5,0.0,12.5,8,12.5
food_drink,CE,429.45,3,4,72.96,21.09,53.2,100.0,0.0,12.0,50.0,0.0,50.0,4,0.0
food_drink,DF,377.68,4,4,77.7,16.72,25.4,100.0,0.0,9.8,50.0,0.0,50.0,4,25.0
food_drink,ES,583.5,6,7,44.43,18.37,41.2,100.0,0.0,15.0,100.0,0.0,0.0,7,0.0
food_drink,MA,326.08,2,3,47.66,30.79,66.0,100.0,33.3,22.3,66.7,33.3,0.0,3,66.7
food_drink,MG,3071.09,20,26,73.61,16.77,41.9,100.0,0.0,11.2,76.9,3.8,19.2,26,3.8
food_drink,MS,33.7,1,1,18.6,15.1,77.9,100.0,0.0,12.0,100.0,0.0,0.0,1,0.0
food_drink,PA,85.85,1,1,64.6,21.25,32.9,100.0,0.0,19.0,100.0,0.0,0.0,1,0.0
food_drink,PE,775.75,5,6,139.5,22.22,26.0,100.0,0.0,18.5,100.0,0.0,0.0,6,0.0
food_drink,PI,237.47,1,1,215.56,21.91,10.2,100.0,0.0,6.0,100.0,0.0,0.0,1,0.0
food_drink,PR,1272.85,13,18,41.13,17.89,51.0,100.0,5.6,10.8,94.4,5.6,0.0,18,16.7
food_drink,RJ,5762.57,41,56,58.79,18.7,50.8,96.4,16.1,15.1,67.9,16.1,16.1,56,7.1
food_drink,RN,465.08,4,4,89.01,27.26,50.5,100.0,0.0,10.2,100.0,0.0,0.0,4,0.0
food_drink,RS,604.46,4,6,41.5,24.02,62.3,100.0,0.0,10.2,50.0,50.0,0.0,6,0.0
food_drink,SC,131.11,3,3,30.23,13.47,54.3,100.0,0.0,10.0,100.0,0.0,0.0,3,0.0
food_drink,SE,135.5,1,1,119.9,15.6,13.0,100.0,0.0,18.0,100.0,0.0,0.0,1,0.0
food_drink,SP,12115.43,111,141,48.98,13.82,41.3,94.3,0.0,7.4,87.1,5.7,7.1,140,9.2
furniture_bedroom,BA,1027.16,4,4,166.75,90.04,55.9,100.0,50.0,28.5,50.0,50.0,0.0,4,0.0
furniture_bedroom,DF,565.58,1,1,510.0,55.58,10.9,100.0,0.0,7.0,100.0,0.0,0.0,1,0.0
furniture_bedroom,ES,120.33,1,1,99.9,20.43,20.5,100.0,0.0,21.0,100.0,0.0,0.0,1,0.0
furniture_bedroom,GO,218.62,1,1,159.0,59.62,37.5,100.0,0.0,14.0,100.0,0.0,0.0,1,0.0
furniture_bedroom,MG,2664.82,7,7,319.69,61.0,25.3,85.7,0.0,9.3,85.7,14.3,0.0,7,0.0
furniture_bedroom,MS,224.71,1,1,179.0,45.71,25.5,100.0,0.0,23.0,100.0,0.0,0.0,1,0.0
furniture_bedroom,MT,1255.32,1,2,234.9,78.93,33.6,100.0,0.0,19.0,100.0,0.0,0.0,2,0.0
furniture_bedroom,PE,227.98,1,1,129.0,98.98,76.7,0.0,0.0,0.0,0.0,100.0,0.0,1,0.0
furniture_bedroom,PR,644.18,8,9,32.59,10.11,63.5,77.8,0.0,11.6,77.8,22.2,0.0,9,88.9
furniture_bedroom,RJ,5459.95,17,32,147.44,53.3,42.9,96.9,3.1,14.0,50.0,50.0,0.0,32,0.0
furniture_bedroom,RN,488.08,2,3,84.0,44.11,65.6,100.0,0.0,12.0,100.0,0.0,0.0,3,66.7
furniture_bedroom,RS,855.73,2,3,228.33,56.91,24.9,33.3,0.0,16.0,66.7,33.3,0.0,3,66.7
furniture_bedroom,SC,959.92,3,3,267.67,52.31,19.2,100.0,0.0,15.0,33.3,33.3,33.3,3,0.0
furniture_bedroom,SE,413.55,2,2,134.99,71.78,51.6,100.0,0.0,18.0,50.0,50.0,0.0,2,0.0
furniture_bedroom,SP,16785.5,44,56,191.12,34.67,22.0,100.0,7.1,9.7,83.9,8.9,7.1,56,7.1
furniture_decor,AC,5261.23,7,12,109.7,35.85,35.2,100.0,8.3,19.4,66.7,16.7,16.7,12,16.7
furniture_decor,AL,8724.66,25,34,109.21,44.03,49.6,88.2,14.7,26.4,50.0,44.1,5.9,34,2.9
furniture_decor,AM,326.63,4,4,53.82,27.84,54.0,100.0,0.0,25.0,75.0,0.0,25.0,4,0.0
furniture_decor,AP,629.53,2,3,90.27,34.56,39.9,100.0,66.7,133.7,100.0,0.0,0.0,3,0.0
furniture_decor,BA,48793.37,202,271,92.26,28.87,38.4,98.2,16.2,20.1,66.0,23.5,10.4,268,13.7
furniture_decor,CE,16706.02,68,90,103.68,33.17,41.8,95.6,7.8,19.5,57.8,26.7,15.6,90,5.6
furniture_decor,DF,27959.6,109,157,78.22,21.53,39.0,99.4,12.1,14.1,66.9,18.5,14.6,157,14.0
furniture_decor,ES,25632.42,114,147,89.05,23.47,34.6,100.0,10.9,14.7,72.6,19.9,7.5,146,11.6
furniture_decor,GO,25246.79,104,130,99.23,23.51,32.4,96.2,9.2,15.7,63.8,22.8,13.4,127,9.2
furniture_decor,MA,7526.14,40,49,97.9,38.12,49.5,93.9,20.4,21.6,77.1,16.7,6.2,48,16.3
furniture_decor,MG,158914.7,727,1015,83.87,21.13,34.8,98.7,2.8,11.7,76.5,16.5,7.1,1003,10.8
furniture_decor,MS,10957.86,45,66,88.78,20.72,33.3,100.0,6.1,14.2,75.4,24.6,0.0,65,1.5
furniture_decor,MT,13284.93,54,75,87.59,27.06,41.1,100.0,6.7,18.8,64.7,30.9,4.4,68,12.0
furniture_decor,PA,20104.06,54,74,127.04,41.76,41.1,97.3,8.1,22.4,55.4,25.7,18.9,74,12.2
furniture_decor,PB,9001.06,31,44,107.53,46.32,47.0,100.0,15.9,22.4,72.7,18.2,9.1,44,2.3
furniture_decor,PE,20912.72,73,104,95.41,28.93,40.5,96.2,6.7,18.6,60.0,31.0,9.0,100,11.5
furniture_decor,PI,3981.51,15,22,68.88,40.62,58.9,86.4,22.7,22.0,63.6,18.2,18.2,22,0.0
furniture_decor,PR,117780.96,397,541,95.42,22.4,31.8,99.3,3.9,11.4,74.1,18.9,7.0,541,12.2
furniture_decor,RJ,184650.63,858,1168,90.9,21.9,32.5,97.1,10.5,15.7,64.0,26.8,9.1,1151,10.9
furniture_decor,RN,4365.83,29,29,111.78,38.77,47.3,100.0,17.2,22.3,69.0,24.1,6.9,29,0.0
furniture_decor,RO,3735.09,10,13,118.86,47.23,47.9,100.0,0.0,19.1,53.8,23.1,23.1,13,30.8
furniture_decor,RR,1444.51,4,6,98.5,36.3,51.1,66.7,0.0,10.0,66.7,33.3,0.0,6,0.0
furniture_decor,RS,94622.35,444,576,96.94,22.9,33.9,99.0,6.2,15.0,72.2,17.2,10.6,575,7.3
furniture_decor,SC,61573.46,276,365,90.16,22.74,34.5,98.1,11.5,15.6,69.2,18.6,12.2,360,17.3
furniture_decor,SE,8544.12,19,27,159.57,44.32,40.8,100.0,25.9,23.5,72.0,28.0,0.0,25,0.0
furniture_decor,SP,558429.82,2724,3792,81.17,16.26,27.8,97.6,4.6,8.7,74.7,16.8,8.5,3760,10.5
furniture_decor,TO,4853.61,14,18,113.73,38.15,42.3,94.4,5.6,15.1,88.9,11.1,0.0,18,22.2
furniture_living_room,AC,132.82,1,1,79.9,52.92,66.2,100.0,0.0,13.0,100.0,0.0,0.0,1,0.0
furniture_living_room,AL,901.42,3,3,243.26,57.21,35.7,100.0,0.0,18.0,100.0,0.0,0.0,3,66.7
furniture_living_room,BA,4032.28,17,21,124.78,38.78,38.0,100.0,4.8,18.8,66.7,23.8,9.5,21,9.5
furniture_living_room,CE,685.96,2,2,301.49,41.49,36.8,100.0,50.0,22.0,50.0,50.0,0.0,2,0.0
furniture_living_room,DF,1674.09,7,7,200.81,38.35,22.4,100.0,0.0,13.3,85.7,0.0,14.3,7,28.6
furniture_living_room,ES,2809.31,11,17,90.18,31.04,44.9,94.1,0.0,17.5,94.1,0.0,5.9,17,47.1
furniture_living_room,GO,1766.95,10,11,135.05,39.38,35.4,100.0,9.1,15.5,63.6,27.3,9.1,11,9.1
furniture_living_room,MA,6464.53,2,4,379.98,190.49,47.7,100.0,100.0,41.5,0.0,100.0,0.0,4,0.0
furniture_living_room,MG,11598.76,43,55,159.54,32.47,27.8,98.2,7.3,13.5,74.1,14.8,11.1,54,0.0
furniture_living_room,MS,619.95,3,3,139.6,55.44,39.8,100.0,0.0,16.3,100.0,0.0,0.0,3,0.0
furniture_living_room,MT,634.7,3,3,173.29,38.27,22.7,100.0,0.0,17.0,100.0,0.0,0.0,3,0.0
furniture_living_room,PA,218.21,1,1,179.99,38.22,21.2,100.0,0.0,20.0,100.0,0.0,0.0,1,0.0
furniture_living_room,PB,700.51,3,7,256.07,62.01,33.4,100.0,71.4,29.3,100.0,0.0,0.0,2,0.0
furniture_living_room,PE,718.52,4,4,144.7,34.93,29.7,75.0,50.0,28.3,50.0,50.0,0.0,4,0.0
furniture_living_room,PI,288.34,2,2,109.9,34.27,33.7,100.0,0.0,19.5,100.0,0.0,0.0,2,0.0
furniture_living_room,PR,4308.08,14,17,120.74,33.07,33.6,94.1,0.0,9.4,52.9,17.6,29.4,17,5.9
furniture_living_room,RJ,35377.09,96,123,142.73,36.23,31.1,98.4,9.8,14.0,69.7,18.9,11.5,122,11.4
furniture_living_room,RO,212.73,1,1,139.9,72.83,52.1,100.0,0.0,23.0,100.0,0.0,0.0,1,0.0
furniture_living_room,RS,5523.27,22,24,149.29,45.53,38.2,100.0,0.0,15.0,91.7,8.3,0.0,24,8.3
furniture_living_room,SC,3090.83,12,12,177.61,53.16,33.8,100.0,0.0,11.1,75.0,8.3,16.7,12,25.0
furniture_living_room,SE,2209.31,2,3,290.33,97.0,38.7,100.0,33.3,21.0,100.0,0.0,0.0,3,0.0
furniture_living_room,SP,52494.48,161,209,117.36,28.27,30.0,99.0,4.8,11.1,68.0,19.9,12.1,206,8.1
furniture_living_room,TO,391.84,2,2,123.1,72.82,60.7,100.0,0.0,11.0,50.0,50.0,0.0,2,0.0
furniture_mattress_and_upholstery,DF,258.33,1,2,249.0,9.33,3.7,100.0,0.0,6.0,100.0,0.0,0.0,2,0.0
furniture_mattress_and_upholstery,GO,147.41,1,1,85.0,62.41,73.4,100.0,0.0,18.0,100.0,0.0,0.0,1,0.0
furniture_mattress_and_upholstery,MG,723.4,3,3,187.16,53.97,39.4,100.0,0.0,12.3,100.0,0.0,0.0,3,0.0
furniture_mattress_and_upholstery,RJ,1368.35,8,8,127.5,43.54,43.1,100.0,12.5,15.0,62.5,37.5,0.0,8,12.5
furniture_mattress_and_upholstery,RN,288.29,1,1,249.0,39.29,15.8,100.0,100.0,49.0,0.0,100.0,0.0,1,0.0
furniture_mattress_and_upholstery,SC,250.55,2,2,59.85,65.42,77.9,100.0,50.0,46.5,50.0,0.0,50.0,2,0.0
furniture_mattress_and_upholstery,SP,2962.21,22,24,95.95,39.63,44.8,95.8,8.3,9.5,66.7,16.7,16.7,24,12.5
garden_tools,AC,707.2,2,2,314.5,39.1,20.3,100.0,0.0,11.0,100.0,0.0,0.0,2,0.0
garden_tools,AL,2256.17,13,15,116.54,39.23,42.3,93.3,20.0,24.6,66.7,33.3,0.0,15,6.7
garden_tools,AM,2267.8,5,5,396.18,57.38,42.6,100.0,0.0,19.0,80.0,0.0,20.0,5,20.0
garden_tools,AP,300.2,2,2,120.0,30.1,45.2,100.0,0.0,22.0,100.0,0.0,0.0,2,0.0
garden_tools,BA,40415.05,145,187,133.11,31.44,38.6,99.5,11.2,19.3,68.3,20.2,11.5,183,5.3
garden_tools,CE,12407.22,46,62,105.3,34.75,44.3,98.4,25.8,23.8,67.7,24.2,8.1,62,8.1
garden_tools,DF,15058.53,45,60,154.12,23.69,34.7,100.0,3.3,12.2,75.0,19.6,5.4,56,1.7
garden_tools,ES,18146.2,85,108,101.54,26.63,36.4,98.1,11.1,14.0,74.8,12.1,13.1,107,13.9
garden_tools,GO,43190.94,76,121,131.67,24.77,28.2,99.2,5.8,14.8,77.5,10.8,11.7,120,9.9
garden_tools,MA,4212.03,19,24,90.64,41.29,59.4,95.8,29.2,22.6,45.8,54.2,0.0,24,4.2
garden_tools,MG,103428.09,488,633,98.72,21.31,30.9,99.2,2.7,11.4,81.7,10.3,7.9,629,4.6
garden_tools,MS,6857.46,20,23,222.15,36.74,33.3,100.0,8.7,13.8,73.9,21.7,4.3,23,0.0
garden_tools,MT,17449.79,37,82,242.64,40.12,25.7,63.4,1.2,19.2,40.2,47.6,12.2,82,8.5
garden_tools,PA,10797.38,27,37,154.55,47.73,50.3,100.0,21.6,27.9,64.7,32.4,2.9,34,0.0
garden_tools,PB,6504.73,14,15,372.67,49.27,53.2,100.0,26.7,28.1,71.4,14.3,14.3,14,0.0
garden_tools,PE,11654.82,58,75,107.54,33.77,43.7,98.7,8.0,18.8,80.0,13.3,6.7,75,1.3
garden_tools,PI,4337.62,17,19,203.59,36.51,42.2,94.7,21.1,19.6,78.9,21.1,0.0,19,10.5
garden_tools,PR,35236.79,174,228,96.2,23.5,32.9,99.1,3.1,13.0,82.9,11.4,5.7,228,3.5
garden_tools,RJ,118182.35,550,696,110.86,24.57,33.4,96.7,13.2,16.1,65.3,28.2,6.5,692,7.9
garden_tools,RN,4336.5,16,21,153.38,35.91,46.7,95.2,9.5,21.4,81.0,14.3,4.8,21,0.0
garden_tools,RO,1055.45,6,7,79.34,46.76,59.5,100.0,0.0,16.3,85.7,0.0,14.3,7,14.3
garden_tools,RR,288.35,2,2,105.0,39.17,51.5,100.0,0.0,19.0,100.0,0.0,0.0,2,0.0
garden_tools,RS,71235.51,232,302,124.84,23.58,31.1,97.0,4.6,16.0,74.5,17.2,8.3,302,4.3
garden_tools,SC,38006.43,145,185,129.8,22.83,33.2,100.0,5.9,15.5,80.0,14.1,5.9,185,1.6
garden_tools,SE,8276.2,19,31,116.51,37.67,59.6,93.5,25.8,24.8,58.1,35.5,6.5,31,38.7
garden_tools,SP,261238.94,1267,1635,100.78,17.52,26.8,98.2,3.1,9.2,80.0,11.4,8.6,1625,8.3
garden_tools,TO,2873.84,8,13,92.79,34.0,47.7,100.0,15.4,22.2,61.5,23.1,15.4,13,7.7
health_beauty,AC,2067.62,6,7,198.08,38.35,29.3,100.0,0.0,20.0,71.4,14.3,14.3,7,0.0
health_beauty,AL,15036.79,63,68,200.55,33.33,33.5,98.5,32.4,26.9,63.2,30.9,5.9,68,11.8
health_beauty,AM,4566.7,15,21,139.32,31.14,43.3,100.0,0.0,25.6,81.0,19.0,0.0,21,0.0
health_beauty,AP,1719.02,10,10,138.06,33.84,31.3,100.0,0.0,21.5,80.0,0.0,20.0,10,0.0
health_beauty,BA,67071.92,329,395,142.6,24.77,31.2,97.5,13.9,18.6,72.3,19.2,8.5,390,5.6
health_beauty,CE,47441.88,156,175,196.83,33.36,29.0,97.1,17.1,21.8,70.9,18.0,11.0,172,6.3
health_beauty,DF,38685.02,223,252,121.68,19.07,28.2,98.4,8.3,13.3,76.5,13.1,10.4,251,2.8
health_beauty,ES,26959.0,153,168,121.09,21.98,30.9,98.8,11.9,15.4,77.2,15.6,7.2,167,5.4
health_beauty,GO,37577.35,208,233,123.87,21.7,30.3,99.1,8.6,15.0,75.5,15.0,9.4,233,8.2
health_beauty,MA,17742.19,83,91,144.09,32.09,35.6,98.9,25.3,20.0,68.9,20.0,11.1,90,7.7
health_beauty,MG,200833.12,1011,1113,143.73,19.35,27.1,98.0,4.0,10.9,80.8,11.4,7.8,1101,6.8
health_beauty,MS,14185.68,58,68,182.11,25.57,31.7,98.5,13.2,15.0,79.4,14.7,5.9,68,2.9
health_beauty,MT,21106.35,84,92,168.3,27.83,29.3,98.9,5.4,17.5,71.7,16.3,12.0,92,2.2
health_beauty,PA,31773.51,101,110,219.42,38.0,31.5,98.2,13.6,23.0,72.2,19.4,8.3,108,4.5
health_beauty,PB,20116.74,77,84,204.32,40.39,33.6,97.6,10.7,19.2,71.4,19.0,9.5,84,3.6
health_beauty,PE,57765.01,226,242,173.93,34.54,31.0,97.1,12.0,17.1,77.6,15.6,6.8,237,3.7
health_beauty,PI,15054.16,51,57,197.29,40.88,31.6,96.5,15.8,19.0,66.7,24.6,8.8,57,5.3
health_beauty,PR,75859.41,381,434,128.43,18.51,29.6,97.5,3.7,10.9,80.5,11.8,7.7,431,4.4
health_beauty,RJ,184904.53,974,1112,133.8,18.08,26.9,96.3,9.1,12.5,74.9,17.3,7.8,1098,7.0
health_beauty,RN,16308.19,57,68,254.5,38.33,32.5,98.5,4.4,16.5,86.8,2.9,10.3,68,5.9
health_beauty,RO,8517.22,23,28,260.87,33.96,32.5,100.0,3.6,16.9,85.7,14.3,0.0,28,14.3
health_beauty,RR,1522.32,6,7,150.09,36.25,40.2,85.7,28.6,33.3,14.3,42.9,42.9,7,0.0
health_beauty,RS,69621.69,396,456,123.28,21.18,31.7,97.4,6.4,14.5,78.5,15.8,5.7,456,10.5
health_beauty,SC,50378.79,287,317,127.4,20.3,28.8,98.4,7.6,14.2,79.0,15.6,5.4,315,5.7
health_beauty,SE,10182.55,40,40,222.09,32.47,23.3,95.0,20.0,22.3,72.5,17.5,10.0,40,2.5
health_beauty,SP,617922.35,3789,4348,109.46,13.61,23.8,98.2,5.8,7.7,80.5,11.7,7.7,4312,6.4
health_beauty,TO,8368.96,29,36,133.31,34.09,37.5,100.0,19.4,17.0,69.4,27.8,2.8,36,0.0
home_appliances,AL,344.04,3,3,68.85,45.83,57.2,66.7,0.0,28.0,66.7,33.3,0.0,3,0.0
home_appliances,AM,286.83,2,2,95.4,48.02,55.1,100.0,50.0,36.0,100.0,0.0,0.0,2,0.0
home_appliances,BA,3699.05,38,41,68.07,20.75,46.1,95.1,2.4,15.5,56.1,19.5,24.4,41,19.5
home_appliances,CE,2097.25,7,7,240.13,59.48,52.1,85.7,14.3,23.2,85.7,14.3,0.0,7,0.0
home_appliances,DF,2301.57,15,17,112.14,23.24,38.6,100.0,5.9,14.4,87.5,12.5,0.0,16,35.3
home_appliances,ES,1404.48,15,15,74.73,18.9,39.5,100.0,6.7,14.9,73.3,6.7,20.0,15,26.7
home_appliances,GO,963.65,14,14,51.02,17.81,41.9,92.9,0.0,15.8,85.7,0.0,14.3,14,14.3
home_appliances,MA,1584.05,3,3,432.6,95.42,31.6,100.0,0.0,13.0,100.0,0.0,0.0,3,0.0
home_appliances,MG,7945.05,85,96,64.5,19.3,45.1,99.0,4.2,10.6,72.9,21.9,5.2,96,20.8
home_appliances,MS,456.11,6,8,40.31,16.71,45.9,100.0,0.0,11.2,100.0,0.0,0.0,8,62.5
home_appliances,MT,1187.85,8,9,116.91,20.26,29.2,100.0,0.0,17.0,100.0,0.0,0.0,9,33.3
home_appliances,PA,934.65,10,10,65.05,28.41,55.3,90.0,0.0,24.4,60.0,10.0,30.0,10,20.0
home_appliances,PB,2419.3,2,2,1155.0,54.65,11.6,100.0,0.0,14.0,100.0,0.0,0.0,2,0.0
home_appliances,PE,390.84,5,5,47.53,30.64,64.3,100.0,0.0,16.0,80.0,0.0,20.0,5,0.0
home_appliances,PI,470.52,4,4,77.12,40.5,59.3,100.0,0.0,15.8,50.0,0.0,50.0,4,0.0
home_appliances,PR,7117.42,42,48,128.48,22.77,39.4,100.0,8.3,10.6,89.6,2.1,8.3,48,25.0
home_appliances,RJ,11172.89,83,94,99.71,19.46,42.6,95.7,4.3,14.6,75.5,13.8,10.6,94,37.2
home_appliances,RN,527.64,2,2,217.12,46.7,27.9,100.0,0.0,23.5,50.0,50.0,0.0,2,0.0
home_appliances,RO,364.85,2,2,130.79,51.64,43.8,100.0,0.0,8.5,100.0,0.0,0.0,2,0.0
home_appliances,RR,1125.05,3,3,318.06,56.96,37.7,100.0,33.3,29.7,66.7,33.3,0.0,3,0.0
home_appliances,RS,7133.43,44,45,143.81,22.49,35.1,100.0,0.0,12.4,91.1,2.2,6.7,45,6.7
home_appliances,SC,3721.24,24,26,118.25,22.85,33.5,100.0,3.8,13.2,80.8,19.2,0.0,26,7.7
home_appliances,SE,128.0,1,1,80.0,48.0,60.0,100.0,0.0,19.0,100.0,0.0,0.0,1,0.0
home_appliances,SP,41343.04,345,368,101.56,14.38,30.1,98.4,4.1,7.2,82.2,10.9,6.8,366,20.4
home_appliances,TO,181.45,1,1,143.75,37.7,26.2,100.0,0.0,19.0,100.0,0.0,0.0,1,0.0
home_appliances_2,AL,2515.7,2,2,1172.5,85.35,9.1,100.0,0.0,11.0,100.0,0.0,0.0,2,0.0
home_appliances_2,AM,592.49,1,1,540.0,52.49,9.7,100.0,0.0,32.0,100.0,0.0,0.0,1,0.0
home_appliances_2,BA,2511.08,6,6,342.3,76.22,37.2,83.3,16.7,26.6,66.7,16.7,16.7,6,16.7
home_appliances_2,CE,2982.29,3,3,884.63,109.46,17.9,100.0,0.0,19.0,100.0,0.0,0.0,3,0.0
home_appliances_2,DF,2966.72,5,5,546.78,46.56,12.8,100.0,0.0,13.0,80.0,20.0,0.0,5,20.0
home_appliances_2,ES,1248.78,3,3,383.33,32.93,11.3,100.0,33.3,27.0,66.7,33.3,0.0,3,0.0
home_appliances_2,GO,1691.64,3,3,512.63,51.25,19.4,100.0,0.0,11.7,100.0,0.0,0.0,3,0.0
home_appliances_2,MG,7552.78,20,22,304.01,40.77,25.7,95.5,9.1,19.4,81.0,4.8,14.3,21,0.0
home_appliances_2,MS,1082.25,3,4,192.42,49.39,32.3,100.0,0.0,19.0,75.0,0.0,25.0,4,0.0
home_appliances_2,MT,971.33,3,3,271.93,51.85,19.0,66.7,33.3,28.0,66.7,33.3,0.0,3,0.0
home_appliances_2,PE,1151.99,2,2,480.0,96.0,26.9,100.0,0.0,15.0,50.0,0.0,50.0,2,0.0
home_appliances_2,PI,674.83,1,1,599.5,75.33,12.6,100.0,0.0,19.0,100.0,0.0,0.0,1,0.0
home_appliances_2,PR,8395.04,14,16,459.99,38.16,29.2,93.8,6.2,12.5,93.8,6.2,0.0,16,18.8
home_appliances_2,RJ,30567.89,45,49,621.8,36.2,15.6,100.0,6.1,12.8,72.9,12.5,14.6,48,10.2
home_appliances_2,RN,1621.02,2,2,719.95,90.56,12.6,100.0,0.0,15.0,50.0,50.0,0.0,2,0.0
home_appliances_2,RS,11599.71,12,12,900.01,66.63,10.6,100.0,8.3,13.8,58.3,33.3,8.3,12,0.0
home_appliances_2,SC,8709.96,17,17,469.96,42.39,13.1,94.1,5.9,13.4,94.1,5.9,0.0,17,29.4
home_appliances_2,SE,182.85,1,1,119.99,62.86,52.4,100.0,0.0,12.0,100.0,0.0,0.0,1,0.0
home_appliances_2,SP,36607.11,88,102,351.97,36.61,17.9,98.0,2.9,10.0,82.4,11.8,5.9,102,0.0
home_appliances_2,TO,1240.46,3,16,412.93,94.86,24.1,100.0,0.0,13.7,100.0,0.0,0.0,16,0.0
home_comfort_2,BA,29.69,1,1,12.9,16.79,77.9,100.0,100.0,35.0,0.0,0.0,100.0,1,0.0
home_comfort_2,ES,28.0,1,1,12.9,15.1,77.9,100.0,0.0,22.0,100.0,0.0,0.0,1,0.0
home_comfort_2,GO,200.22,4,5,12.9,15.94,77.9,100.0,40.0,24.4,60.0,40.0,0.0,5,40.0
home_comfort_2,MG,134.06,3,3,12.9,12.02,67.1,100.0,33.3,20.3,33.3,66.7,0.0,3,0.0
home_comfort_2,PR,28.0,1,1,12.9,15.1,77.9,100.0,0.0,12.0,100.0,0.0,0.0,1,0.0
home_comfort_2,RJ,280.0,2,4,12.9,15.1,77.9,100.0,0.0,10.5,100.0,0.0,0.0,1,0.0
home_comfort_2,RS,129.35,1,1,109.99,19.36,17.6,100.0,0.0,17.0,100.0,0.0,0.0,1,0.0
home_comfort_2,SP,881.22,11,15,31.31,11.92,64.7,100.0,0.0,7.8,66.7,20.0,13.3,15,0.0
home_confort,AL,128.08,1,1,89.9,38.18,42.5,100.0,100.0,36.0,0.0,0.0,100.0,1,0.0
home_confort,BA,2161.3,10,12,105.03,27.0,35.5,100.0,16.7,19.3,58.3,25.0,16.7,12,0.0
home_confort,CE,574.36,4,4,86.65,28.18,32.7,100.0,25.0,24.0,75.0,25.0,0.0,4,0.0
home_confort,DF,1190.25,6,7,74.5,15.86,27.8,100.0,0.0,11.4,57.1,28.6,14.3,7,0.0
home_confort,ES,2075.28,11,13,135.94,18.54,20.2,92.3,7.7,15.2,61.5,23.1,15.4,13,7.7
home_confort,GO,1472.51,8,9,153.28,18.89,14.5,100.0,11.1,16.6,66.7,11.1,22.2,9,0.0
home_confort,MA,809.93,2,2,342.95,62.02,38.5,100.0,50.0,25.0,50.0,0.0,50.0,2,0.0
home_confort,MG,11612.61,53,60,139.24,20.51,19.4,100.0,1.7,12.7,71.7,10.0,18.3,60,16.7
home_confort,MS,110.09,1,1,86.9,23.19,26.7,100.0,100.0,35.0,0.0,100.0,0.0,1,0.0
home_confort,MT,980.42,3,4,171.95,23.24,12.4,100.0,0.0,17.0,100.0,0.0,0.0,4,0.0
home_confort,PB,140.06,1,1,86.9,53.16,61.2,100.0,100.0,33.0,0.0,100.0,0.0,1,0.0
home_confort,PE,1950.76,6,8,121.3,28.69,31.3,100.0,12.5,20.1,12.5,87.5,0.0,8,0.0
home_confort,PI,660.51,3,3,166.3,46.95,31.9,100.0,0.0,15.0,100.0,0.0,0.0,3,0.0
home_confort,PR,2196.12,13,13,125.93,19.63,22.1,100.0,0.0,12.6,69.2,7.7,23.1,13,7.7
home_confort,RJ,12198.42,56,64,126.4,20.72,21.8,100.0,14.1,14.5,76.2,14.3,9.5,63,9.4
home_confort,RN,115.02,1,1,89.9,25.12,27.9,100.0,100.0,174.0,0.0,0.0,100.0,1,0.0
home_confort,RO,257.37,1,1,229.0,28.37,12.4,100.0,0.0,11.0,100.0,0.0,0.0,1,0.0
home_confort,RS,3976.0,19,21,142.47,21.27,24.8,100.0,14.3,19.2,61.9,33.3,4.8,21,9.5
home_confort,SC,1977.38,12,12,135.52,19.78,19.6,91.7,8.3,16.5,50.0,50.0,0.0,12,8.3
home_confort,SE,294.8,1,1,219.0,75.8,34.6,100.0,0.0,15.0,0.0,100.0,0.0,1,0.0
home_confort,SP,39271.37,184,239,136.26,15.89,17.0,98.7,6.3,9.8,71.8,16.4,11.8,238,5.9
home_confort,TO,695.61,1,1,599.0,96.61,16.1,100.0,0.0,13.0,0.0,0.0,100.0,1,0.0
home_construction,AL,821.4,3,3,210.25,63.55,37.1,100.0,0.0,20.3,100.0,0.0,0.0,3,0.0
home_construction,AM,1001.81,4,4,188.35,62.1,33.4,100.0,25.0,34.0,50.0,50.0,0.0,4,0.0
home_construction,BA,5221.34,11,14,189.59,38.49,32.7,100.0,0.0,18.9,85.7,14.3,0.0,14,0.0
home_construction,CE,3911.54,7,10,158.16,34.4,32.9,80.0,10.0,21.1,30.0,70.0,0.0,10,0.0
home_construction,DF,954.84,7,7,113.38,23.03,25.8,100.0,0.0,12.3,42.9,42.9,14.3,7,0.0
home_construction,ES,2577.64,14,17,136.64,21.03,26.3,100.0,5.9,14.9,100.0,0.0,0.0,17,5.9
home_construction,GO,4494.03,12,15,191.15,37.21,24.3,100.0,13.3,15.5,66.7,13.3,20.0,15,20.0
home_construction,MA,1574.89,4,5,142.75,59.01,57.7,100.0,0.0,20.6,60.0,40.0,0.0,5,0.0
home_construction,MG,11425.92,58,63,133.07,25.41,26.8,100.0,4.8,12.2,75.0,15.0,10.0,60,11.1
home_construction,MS,1885.28,7,8,176.0,29.27,19.6,87.5,37.5,23.3,50.0,25.0,25.0,8,25.0
home_construction,MT,2739.06,6,7,155.04,39.99,38.7,100.0,0.0,16.3,71.4,28.6,0.0,7,0.0
home_construction,PA,487.56,2,2,124.9,28.4,23.3,100.0,0.0,24.5,50.0,50.0,0.0,2,0.0
home_construction,PB,1235.51,5,6,184.88,60.04,41.1,100.0,0.0,13.0,100.0,0.0,0.0,6,0.0
home_construction,PE,2415.81,6,7,191.66,58.6,35.1,100.0,0.0,13.3,85.7,14.3,0.0,7,0.0
home_construction,PI,1525.33,4,4,205.15,42.2,26.6,100.0,25.0,21.0,100.0,0.0,0.0,4,25.0
home_construction,PR,3795.62,21,24,114.5,22.14,28.8,100.0,0.0,11.9,70.8,12.5,16.7,24,4.2
home_construction,RJ,12603.96,51,79,120.99,22.86,32.6,98.7,8.9,16.3,78.2,15.4,6.4,78,2.5
home_construction,RN,528.62,1,1,452.6,76.02,16.8,100.0,0.0,10.0,100.0,0.0,0.0,1,0.0
home_construction,RS,14748.22,37,43,174.37,27.13,19.7,100.0,7.0,15.0,76.7,16.3,7.0,43,7.0
home_construction,SC,4988.42,22,25,155.12,23.93,22.7,100.0,0.0,11.6,72.0,16.0,12.0,25,4.0
home_construction,SE,1305.8,3,4,239.74,44.27,22.5,100.0,0.0,21.8,50.0,25.0,25.0,4,50.0
home_construction,SP,56415.67,204,286,125.35,14.95,19.8,98.6,4.9,9.3,74.0,17.5,8.4,285,9.8
home_construction,TO,118.73,1,1,79.9,38.83,48.6,100.0,0.0,22.0,100.0,0.0,0.0,1,0.0
housewares,AC,1136.43,3,4,128.27,44.3,42.4,100.0,0.0,15.5,100.0,0.0,0.0,4,25.0
housewares,AL,1571.61,9,10,102.04,33.78,55.1,90.0,10.0,20.2,50.0,50.0,0.0,10,0.0
housewares,AM,518.86,4,4,102.17,27.54,38.7,100.0,0.0,20.2,75.0,25.0,0.0,4,25.0
housewares,AP,731.61,4,4,122.62,60.28,45.8,100.0,0.0,25.2,100.0,0.0,0.0,4,0.0
housewares,BA,27736.95,143,175,102.74,31.72,42.1,96.0,6.3,16.7,70.6,12.9,16.5,170,3.4
housewares,CE,17936.38,47,60,138.83,38.6,43.0,95.0,6.7,18.4,70.0,23.3,6.7,60,1.7
housewares,DF,25804.85,123,162,81.97,21.6,39.6,98.8,0.6,10.6,77.4,14.5,8.2,159,8.0
housewares,ES,18206.46,103,118,103.55,25.61,37.9,98.3,12.7,15.7,80.2,12.9,6.9,116,6.8
housewares,GO,42114.34,101,135,112.01,28.68,40.4,97.8,2.2,13.5,71.9,17.8,10.4,135,3.7
housewares,MA,3541.68,22,24,99.36,37.4,50.9,100.0,50.0,27.0,50.0,37.5,12.5,24,0.0
housewares,MG,140584.92,702,885,91.62,22.05,36.9,97.5,3.6,10.7,76.5,16.2,7.3,880,7.3
housewares,MS,13155.19,34,40,280.29,32.8,38.0,100.0,7.5,15.4,75.0,15.0,10.0,40,5.0
housewares,MT,8933.83,40,55,70.24,25.79,45.4,100.0,3.6,15.4,72.7,14.5,12.7,55,7.3
housewares,PA,7980.09,31,40,124.3,41.49,51.9,97.5,5.0,21.7,92.5,7.5,0.0,40,0.0
housewares,PB,6769.25,18,23,106.25,35.97,47.3,100.0,17.4,22.1,39.1,43.5,17.4,23,4.3
housewares,PE,8795.0,55,65,88.77,33.55,48.0,96.9,0.0,15.1,84.6,9.2,6.2,65,9.2
housewares,PI,7341.38,14,22,126.78,55.13,46.0,100.0,13.6,16.4,66.7,28.6,4.8,21,0.0
housewares,PR,49592.98,283,367,98.81,23.41,36.7,99.5,2.7,11.0,74.7,16.6,8.7,367,5.2
housewares,RJ,134969.19,746,934,87.77,22.39,37.5,96.4,7.7,13.2,67.1,21.4,11.5,929,7.7
housewares,RN,3719.43,22,26,72.92,33.21,55.7,100.0,7.7,19.5,69.2,23.1,7.7,26,7.7
housewares,RO,713.96,5,6,114.33,35.98,37.0,100.0,16.7,19.5,83.3,0.0,16.7,6,0.0
housewares,RS,82226.79,350,449,89.29,22.92,36.9,98.9,5.1,13.3,75.1,16.8,8.1,446,3.8
housewares,SC,43150.43,224,270,101.26,23.45,37.6,97.4,8.9,13.3,71.4,18.2,10.4,269,7.4
housewares,SE,2014.72,8,11,131.59,30.65,26.3,100.0,36.4,22.3,63.6,27.3,9.1,11,27.3
housewares,SP,446633.21,2781,3475,84.59,16.82,30.8,97.4,3.7,7.6,79.6,12.9,7.6,3451,7.4
housewares,TO,2020.55,12,16,84.35,36.73,60.5,93.8,0.0,12.5,75.0,6.2,18.8,16,12.5
industry_commerce_and_business,AL,272.76,1,1,199.0,73.76,37.1,100.0,100.0,36.0,0.0,0.0,100.0,1,0.0
industry_commerce_and_business,BA,829.47,4,5,93.0,30.92,39.3,100.0,20.0,16.6,80.0,0.0,20.0,5,0.0
industry_commerce_and_business,CE,300.06,2,2,124.0,26.03,21.0,100.0,50.0,28.5,50.0,50.0,0.0,2,0.0
industry_commerce_and_business,DF,1656.71,5,6,212.0,30.09,26.8,100.0,16.7,9.8,83.3,0.0,16.7,6,0.0
industry_commerce_and_business,ES,223.61,2,2,68.0,43.81,63.2,100.0,0.0,11.0,100.0,0.0,0.0,2,0.0
industry_commerce_and_business,GO,1855.97,6,7,204.02,39.79,24.6,100.0,28.6,17.7,80.0,0.0,20.0,5,0.0
industry_commerce_and_business,MA,157.79,1,1,125.0,32.79,26.2,100.0,0.0,16.0,100.0,0.0,0.0,1,0.0
industry_commerce_and_business,MG,2874.39,14,17,98.59,23.23,26.7,100.0,0.0,11.1,52.9,41.2,5.9,17,0.0
industry_commerce_and_business,MS,113.4,1,1,89.9,23.5,26.1,100.0,0.0,22.0,100.0,0.0,0.0,1,0.0
industry_commerce_and_business,MT,388.06,3,3,93.67,35.69,39.1,100.0,0.0,15.7,100.0,0.0,0.0,3,66.7
industry_commerce_and_business,PB,3759.73,3,3,1107.32,145.92,35.6,100.0,0.0,20.3,66.7,33.3,0.0,3,0.0
industry_commerce_and_business,PE,1913.24,4,4,382.22,96.08,31.9,50.0,0.0,8.5,50.0,50.0,0.0,4,0.0
industry_commerce_and_business,PI,972.52,3,3,291.43,32.74,39.1,100.0,0.0,11.0,100.0,0.0,0.0,3,0.0
industry_commerce_and_business,PR,2100.2,10,13,101.37,30.54,35.7,92.3,7.7,10.9,46.2,15.4,38.5,13,0.0
industry_commerce_and_business,RJ,5579.88,23,29,112.57,29.47,30.4,100.0,17.2,16.1,72.4,20.7,6.9,29,3.4
industry_commerce_and_business,RN,194.97,1,1,150.0,44.97,30.0,100.0,0.0,9.0,100.0,0.0,0.0,1,0.0
industry_commerce_and_business,RO,127.9,1,1,79.9,48.0,60.1,100.0,0.0,24.0,100.0,0.0,0.0,1,100.0
industry_commerce_and_business,RS,5368.52,19,24,134.31,29.41,29.3,100.0,4.2,15.2,79.2,20.8,0.0,24,16.7
industry_commerce_and_business,SC,2873.26,13,16,91.93,30.16,37.2,100.0,6.2,10.9,93.3,0.0,6.7,15,0.0
industry_commerce_and_business,SE,469.6,3,3,84.0,72.53,69.1,100.0,0.0,11.7,100.0,0.0,0.0,3,0.0
industry_commerce_and_business,SP,24682.11,115,129,144.64,22.19,22.1,99.2,3.1,6.4,80.6,10.1,9.3,129,3.9
industry_commerce_and_business,TO,128.63,1,1,69.0,59.63,77.9,100.0,0.0,7.0,100.0,0.0,0.0,1,0.0
kitchen_dining_laundry_garden_furniture,AL,393.76,1,2,72.0,26.44,36.7,100.0,0.0,9.0,0.0,100.0,0.0,2,0.0
kitchen_dining_laundry_garden_furniture,BA,267.42,3,3,67.3,21.84,40.2,100.0,0.0,12.0,100.0,0.0,0.0,3,33.3
kitchen_dining_laundry_garden_furniture,CE,221.8,1,1,140.0,81.8,58.4,100.0,100.0,37.0,0.0,0.0,100.0,1,0.0
kitchen_dining_laundry_garden_furniture,DF,1703.23,5,5,264.76,75.89,24.3,100.0,0.0,11.6,40.0,20.0,40.0,5,0.0
kitchen_dining_laundry_garden_furniture,ES,66.94,1,1,48.0,18.94,39.5,100.0,0.0,5.0,100.0,0.0,0.0,1,0.0
kitchen_dining_laundry_garden_furniture,GO,984.12,2,4,76.44,46.58,63.4,100.0,0.0,10.5,50.0,50.0,0.0,4,0.0
kitchen_dining_laundry_garden_furniture,MG,5834.3,27,29,134.02,41.17,44.4,100.0,3.4,11.7,86.2,6.9,6.9,29,10.3
kitchen_dining_laundry_garden_furniture,MT,1118.68,2,3,220.0,100.09,57.4,100.0,0.0,19.3,0.0,66.7,33.3,3,66.7
kitchen_dining_laundry_garden_furniture,PA,86.8,1,1,48.9,37.9,77.5,100.0,0.0,21.0,100.0,0.0,0.0,1,0.0
kitchen_dining_laundry_garden_furniture,PB,660.39,1,1,409.0,251.39,61.5,100.0,0.0,22.0,100.0,0.0,0.0,1,0.0
kitchen_dining_laundry_garden_furniture,PE,1367.54,4,4,262.97,78.92,38.3,100.0,0.0,19.5,75.0,25.0,0.0,4,0.0
kitchen_dining_laundry_garden_furniture,PR,5978.73,12,14,245.65,45.21,27.3,100.0,7.1,8.9,85.7,7.1,7.1,14,14.3
kitchen_dining_laundry_garden_furniture,RJ,11106.96,43,59,153.16,51.14,38.1,96.6,5.1,13.8,74.1,15.5,10.3,58,10.2
kitchen_dining_laundry_garden_furniture,RN,425.53,2,3,149.97,35.66,22.3,100.0,33.3,29.3,0.0,33.3,66.7,3,0.0
kitchen_dining_laundry_garden_furniture,RS,2668.28,12,15,145.84,32.05,30.0,100.0,0.0,11.1,100.0,0.0,0.0,15,0.0
kitchen_dining_laundry_garden_furniture,SC,1134.33,6,7,102.07,40.26,56.8,100.0,14.3,17.1,100.0,0.0,0.0,7,14.3
kitchen_dining_laundry_garden_furniture,SP,40642.62,124,146,167.49,35.71,28.9,95.9,2.7,9.5,72.4,16.6,11.0,145,2.7
kitchen_dining_laundry_garden_furniture,TO,214.61,1,1,129.0,85.61,66.4,100.0,0.0,17.0,100.0,0.0,0.0,1,0.0
la_cuisine,GO,299.54,1,1,137.0,0.11,0.1,100.0,0.0,14.0,75.0,15.0,10.0,0,0.0
la_cuisine,MG,316.01,2,3,131.67,25.4,19.3,100.0,0.0,7.3,100.0,0.0,0.0,3,0.0
la_cuisine,RS,516.64,3,4,137.24,28.7,21.0,100.0,0.0,7.8,100.0,0.0,0.0,4,25.0
la_cuisine,SC,546.3,2,2,247.0,26.15,11.8,100.0,0.0,5.5,100.0,0.0,0.0,2,50.0
la_cuisine,SP,1235.04,5,6,121.5,23.91,22.9,100.0,0.0,6.3,50.0,50.0,0.0,6,0.0
luggage_accessories,AC,466.41,2,3,132.6,57.92,58.8,100.0,0.0,25.0,33.3,0.0,66.7,3,0.0
luggage_accessories,AL,1578.16,5,6,166.56,36.75,25.5,100.0,50.0,30.2,50.0,50.0,0.0,6,0.0
luggage_accessories,AM,751.63,2,3,130.27,56.87,61.4,100.0,0.0,9.3,66.7,33.3,0.0,3,0.0
luggage_accessories,BA,4525.17,32,38,101.66,31.71,34.5,94.7,10.5,18.8,73.7,15.8,10.5,38,7.9
luggage_accessories,CE,5401.16,21,29,127.14,38.79,37.0,96.6,0.0,15.1,79.3,3.4,17.2,29,27.6
luggage_accessories,DF,3532.88,23,24,115.7,26.08,28.4,100.0,12.5,13.2,70.8,16.7,12.5,24,0.0
luggage_accessories,ES,3587.1,15,16,159.59,38.62,32.1,100.0,12.5,15.5,81.2,12.5,6.2,16,0.0
luggage_accessories,GO,2087.34,12,12,136.06,37.88,29.2,100.0,0.0,12.7,83.3,8.3,8.3,12,16.7
luggage_accessories,MA,1865.56,8,9,133.6,63.8,52.7,100.0,22.2,18.7,55.6,33.3,11.1,9,33.3
luggage_accessories,MG,29212.29,176,199,120.61,23.83,22.1,99.5,1.5,8.1,88.9,6.0,5.0,199,1.0
luggage_accessories,MS,1608.86,9,9,151.74,27.03,18.7,100.0,0.0,13.0,77.8,11.1,11.1,9,0.0
luggage_accessories,MT,1358.96,8,8,142.45,25.91,20.4,100.0,0.0,17.4,87.5,0.0,12.5,8,0.0
luggage_accessories,PA,1896.73,7,7,216.52,54.44,29.4,100.0,0.0,12.7,100.0,0.0,0.0,7,14.3
luggage_accessories,PB,1331.77,7,7,152.36,37.9,39.2,100.0,0.0,14.6,100.0,0.0,0.0,7,14.3
luggage_accessories,PE,2375.8,13,13,125.79,56.96,44.6,100.0,15.4,19.9,84.6,15.4,0.0,13,0.0
luggage_accessories,PI,865.27,5,6,126.75,53.23,41.7,100.0,16.7,15.2,16.7,83.3,0.0,6,0.0
luggage_accessories,PR,8331.92,49,51,125.84,25.0,26.7,98.0,0.0,9.6,94.1,2.0,3.9,51,3.9
luggage_accessories,RJ,20309.87,117,129,120.24,29.22,28.7,96.9,10.9,12.1,81.0,15.1,4.0,126,10.1
luggage_accessories,RN,470.01,1,1,299.9,170.11,56.7,100.0,0.0,15.0,100.0,0.0,0.0,1,0.0
luggage_accessories,RO,1598.71,6,7,207.36,73.4,39.2,100.0,0.0,20.3,85.7,14.3,0.0,7,0.0
luggage_accessories,RS,9111.31,56,67,120.77,28.76,27.6,98.5,1.5,14.3,67.2,26.9,6.0,67,3.0
luggage_accessories,SC,7187.24,35,37,162.8,34.28,27.8,97.3,2.7,13.3,81.1,8.1,10.8,37,0.0
luggage_accessories,SE,373.92,3,3,96.57,28.07,31.6,100.0,0.0,15.0,100.0,0.0,0.0,3,33.3
luggage_accessories,SP,76864.0,420,477,127.88,23.0,21.9,99.2,1.9,7.4,85.9,7.4,6.7,476,4.0
luggage_accessories,TO,459.22,2,2,174.9,54.71,28.8,100.0,0.0,16.5,100.0,0.0,0.0,2,0.0
market_place,AC,88.27,1,1,62.8,25.47,40.6,100.0,0.0,34.0,100.0,0.0,0.0,1,0.0
market_place,AL,531.74,2,3,73.3,23.77,40.4,100.0,0.0,14.7,33.3,66.7,0.0,3,0.0
market_place,AM,202.06,1,1,180.0,22.06,12.3,100.0,0.0,37.0,100.0,0.0,0.0,1,0.0
market_place,BA,2344.37,4,4,533.92,52.17,32.0,100.0,0.0,20.0,75.0,0.0,25.0,4,0.0
market_place,CE,686.85,4,4,139.59,32.12,30.7,100.0,0.0,23.2,50.0,50.0,0.0,4,0.0
market_place,DF,405.95,4,4,81.68,19.81,40.4,100.0,0.0,13.0,75.0,0.0,25.0,4,0.0
market_place,ES,988.75,7,8,107.22,21.51,31.4,100.0,0.0,14.2,62.5,25.0,12.5,8,0.0
market_place,GO,1964.6,7,14,33.35,15.64,51.9,85.7,0.0,12.7,84.6,0.0,15.4,13,7.1
market_place,MA,4051.03,4,9,74.7,28.08,42.4,100.0,0.0,19.0,88.9,11.1,0.0,9,0.0
market_place,MG,3734.01,31,39,79.15,17.99,34.2,100.0,7.7,11.2,89.7,2.6,7.7,39,2.6
market_place,MS,258.3,2,2,59.44,16.22,34.7,100.0,0.0,10.0,50.0,50.0,0.0,2,0.0
market_place,MT,786.51,5,5,132.45,24.85,23.2,100.0,0.0,19.2,80.0,0.0,20.0,5,20.0
market_place,PA,616.6,5,6,91.33,26.06,40.6,100.0,0.0,12.8,100.0,0.0,0.0,6,0.0
market_place,PB,861.04,2,3,140.93,18.75,22.2,100.0,0.0,14.3,100.0,0.0,0.0,3,0.0
market_place,PE,564.65,3,4,68.74,21.37,30.9,100.0,0.0,9.2,100.0,0.0,0.0,4,0.0
market_place,PI,312.87,3,4,55.72,38.53,65.1,75.0,0.0,14.7,75.0,25.0,0.0,4,0.0
market_place,PR,1404.39,14,18,55.82,16.18,39.1,100.0,0.0,13.0,83.3,16.7,0.0,18,0.0
market_place,RJ,4289.77,34,40,79.36,17.41,29.4,95.0,7.5,14.9,60.0,25.0,15.0,40,7.5
market_place,RN,176.2,2,3,53.23,22.52,55.6,100.0,0.0,24.0,100.0,0.0,0.0,3,0.0
market_place,RO,209.48,1,1,149.99,59.49,39.7,100.0,0.0,25.0,100.0,0.0,0.0,1,0.0
market_place,RS,2354.15,21,21,94.22,16.78,34.8,100.0,0.0,11.1,85.0,10.0,5.0,20,9.5
market_place,SC,1684.96,14,14,103.48,16.88,21.2,100.0,14.3,13.3,85.7,0.0,14.3,14,0.0
market_place,SE,633.03,3,3,177.93,33.08,40.4,100.0,0.0,17.0,66.7,0.0,33.3,3,0.0
market_place,SP,16105.82,105,120,83.51,12.74,25.2,98.3,3.3,7.9,72.5,16.7,10.8,120,5.0
market_place,TO,80.52,1,1,62.8,17.72,28.2,100.0,0.0,10.0,100.0,0.0,0.0,1,0.0
music,AM,38.95,1,1,16.1,22.85,77.9,100.0,0.0,24.0,100.0,0.0,0.0,1,0.0
music,CE,169.64,1,1,149.9,19.74,13.2,100.0,100.0,44.0,0.0,100.0,0.0,1,0.0
music,DF,65.83,1,1,50.35,15.48,30.7,100.0,0.0,8.0,100.0,0.0,0.0,1,0.0
music,GO,1244.12,1,1,1165.97,78.15,6.7,100.0,0.0,13.0,100.0,0.0,0.0,1,0.0
music,MG,927.86,6,7,98.17,15.86,42.1,100.0,0.0,7.9,85.7,14.3,0.0,7,42.9
music,PR,661.81,7,7,79.8,14.74,49.0,100.0,0.0,9.6,71.4,0.0,28.6,7,28.6
music,RJ,1153.57,8,8,127.23,16.96,33.4,100.0,0.0,8.8,87.5,0.0,12.5,8,0.0
music,RS,322.17,1,1,299.0,23.17,7.7,100.0,0.0,18.0,100.0,0.0,0.0,1,0.0
music,SP,2317.48,12,13,177.94,15.85,27.3,100.0,7.7,11.2,69.2,15.4,15.4,13,0.0
musical_instruments,AC,79.28,1,1,36.9,42.38,77.9,100.0,0.0,19.0,100.0,0.0,0.0,1,0.0
musical_instruments,AL,420.29,1,1,367.0,53.29,14.5,100.0,0.0,11.0,100.0,0.0,0.0,1,0.0
musical_instruments,AM,517.2,1,1,439.0,78.2,17.8,100.0,0.0,32.0,100.0,0.0,0.0,1,0.0
musical_instruments,AP,348.94,2,2,146.95,27.52,22.5,100.0,0.0,16.0,100.0,0.0,0.0,2,0.0
musical_instruments,BA,14493.16,33,41,267.03,43.42,25.7,82.9,9.8,18.3,75.6,19.5,4.9,41,12.2
musical_instruments,CE,3601.87,7,7,465.95,48.6,27.9,100.0,0.0,15.6,85.7,0.0,14.3,7,14.3
musical_instruments,DF,3002.24,10,10,253.26,46.96,25.8,100.0,0.0,11.0,80.0,20.0,0.0,10,0.0
musical_instruments,ES,5941.06,19,23,231.19,19.8,21.9,100.0,13.0,13.9,73.9,13.0,13.0,23,4.3
musical_instruments,GO,1702.24,9,9,163.65,25.49,35.4,100.0,0.0,12.9,77.8,11.1,11.1,9,11.1
musical_instruments,MA,4332.42,9,10,347.7,50.16,37.7,100.0,0.0,22.7,70.0,20.0,10.0,10,0.0
musical_instruments,MG,36420.69,71,84,349.77,29.04,24.6,96.4,7.1,12.8,82.7,9.9,7.4,81,7.1
musical_instruments,MS,3848.58,7,7,511.79,38.01,13.4,100.0,14.3,20.3,85.7,0.0,14.3,7,0.0
musical_instruments,MT,6333.46,5,6,636.45,97.9,25.9,100.0,0.0,16.5,83.3,0.0,16.7,6,0.0
musical_instruments,PA,2363.69,9,10,173.34,33.71,31.8,100.0,0.0,16.0,100.0,0.0,0.0,10,0.0
musical_instruments,PB,1175.01,4,4,251.95,41.8,43.0,100.0,0.0,13.0,75.0,25.0,0.0,4,0.0
musical_instruments,PE,6934.95,11,11,582.77,47.68,24.9,100.0,9.1,20.5,72.7,18.2,9.1,11,9.1
musical_instruments,PI,1810.53,5,9,242.6,36.49,37.6,100.0,11.1,18.8,44.4,55.6,0.0,9,0.0
musical_instruments,PR,12655.41,34,39,264.52,27.09,26.5,94.9,5.1,12.2,84.6,5.1,10.3,39,0.0
musical_instruments,RJ,24365.21,76,84,276.87,26.75,24.4,96.4,15.5,15.6,73.2,23.2,3.7,82,1.2
musical_instruments,RN,477.28,2,2,204.9,33.74,22.3,100.0,0.0,15.0,100.0,0.0,0.0,2,0.0
musical_instruments,RO,72.27,1,1,39.9,22.67,56.8,100.0,0.0,25.0,100.0,0.0,0.0,1,0.0
musical_instruments,RS,10447.97,30,32,284.58,30.99,27.3,96.9,9.4,14.2,62.5,21.9,15.6,32,0.0
musical_instruments,SC,10258.23,24,30,258.06,20.7,17.6,83.3,6.7,9.4,76.7,16.7,6.7,30,0.0
musical_instruments,SE,1855.55,3,4,717.45,57.07,10.3,100.0,25.0,59.2,75.0,25.0,0.0,4,0.0
musical_instruments,SP,79673.12,253,290,279.0,19.66,19.0,96.9,3.8,7.9,82.6,12.5,4.9,288,4.1
musical_instruments,TO,71.05,1,1,36.9,34.15,77.9,100.0,0.0,27.0,100.0,0.0,0.0,1,0.0
office_furniture,AL,3729.7,3,7,144.26,32.83,17.8,100.0,0.0,25.1,100.0,0.0,0.0,7,0.0
office_furniture,AM,267.34,2,2,92.4,41.27,52.7,100.0,0.0,32.5,50.0,0.0,50.0,2,0.0
office_furniture,BA,55602.51,61,95,154.0,49.16,34.7,100.0,10.5,28.5,51.6,15.8,32.6,95,17.9
office_furniture,CE,9883.11,22,28,168.46,62.48,39.7,100.0,14.3,28.8,53.6,39.3,7.1,28,0.0
office_furniture,DF,3884.4,19,20,157.14,45.88,31.1,95.0,10.0,19.7,65.0,25.0,10.0,20,10.0
office_furniture,ES,9249.54,24,31,170.51,54.21,36.2,100.0,6.5,22.2,61.3,12.9,25.8,31,0.0
office_furniture,GO,4415.26,21,22,143.72,43.49,30.2,100.0,0.0,23.7,86.4,9.1,4.5,22,0.0
office_furniture,MA,13384.95,14,23,161.55,88.95,53.3,100.0,30.4,33.1,36.4,22.7,40.9,22,0.0
office_furniture,MG,56042.37,134,168,168.26,46.19,30.1,100.0,1.8,18.6,59.4,23.6,17.0,165,2.4
office_furniture,MS,993.95,4,4,184.94,63.54,36.1,100.0,0.0,20.5,75.0,25.0,0.0,4,0.0
office_furniture,MT,9809.92,14,20,186.04,60.4,33.6,100.0,10.0,24.8,57.9,36.8,5.3,19,0.0
office_furniture,PA,7948.79,21,27,152.42,67.33,44.6,96.3,0.0,25.0,44.4,48.1,7.4,27,0.0
office_furniture,PB,3579.19,7,11,121.03,59.27,52.0,100.0,0.0,36.2,27.3,27.3,45.5,11,0.0
office_furniture,PE,5897.73,19,20,175.98,69.98,43.1,100.0,15.0,28.4,60.0,35.0,5.0,20,0.0
office_furniture,PI,1955.11,9,9,153.62,63.61,40.2,88.9,55.6,52.6,66.7,33.3,0.0,9,0.0
office_furniture,PR,51451.66,55,94,170.57,48.42,30.9,95.7,7.4,19.7,61.7,27.7,10.6,94,8.5
office_furniture,RJ,126380.83,217,361,148.06,40.6,29.6,98.6,10.0,23.9,57.9,34.6,7.5,361,5.3
office_furniture,RN,1742.15,5,6,235.78,95.04,39.7,100.0,16.7,30.5,75.0,25.0,0.0,4,0.0
office_furniture,RO,1850.79,5,6,181.31,55.47,32.0,100.0,0.0,31.3,50.0,16.7,33.3,6,0.0
office_furniture,RR,434.76,1,1,289.9,144.86,50.0,100.0,0.0,39.0,100.0,0.0,0.0,1,0.0
office_furniture,RS,21134.47,56,69,155.4,42.87,30.1,97.1,5.8,25.1,69.6,13.0,17.4,69,4.3
office_furniture,SC,25816.82,42,64,179.99,45.11,30.1,95.3,7.8,22.2,59.4,31.2,9.4,64,4.7
office_furniture,SE,694.06,3,3,168.98,62.38,37.5,100.0,0.0,23.3,66.7,0.0,33.3,3,0.0
office_furniture,SP,233223.03,510,691,162.44,27.36,18.6,98.8,6.5,15.2,62.5,22.4,15.1,683,4.2
office_furniture,TO,2644.06,5,6,204.42,92.77,42.6,100.0,33.3,21.2,100.0,0.0,0.0,6,0.0
party_supplies,DF,269.73,1,1,231.2,38.53,16.7,100.0,0.0,8.0,100.0,0.0,0.0,1,0.0
party_supplies,ES,98.99,2,2,31.25,18.24,61.8,100.0,0.0,9.5,100.0,0.0,0.0,2,0.0
party_supplies,GO,175.84,1,2,21.9,22.06,77.9,100.0,0.0,8.0,0.0,100.0,0.0,2,0.0
party_supplies,MG,1297.26,4,5,220.6,22.8,39.2,100.0,0.0,13.8,40.0,60.0,0.0,5,0.0
party_supplies,PI,292.88,1,1,231.2,61.68,26.7,100.0,0.0,21.0,100.0,0.0,0.0,1,0.0
party_supplies,PR,356.49,2,2,158.8,19.44,22.4,100.0,0.0,7.0,100.0,0.0,0.0,2,0.0
party_supplies,RJ,453.03,5,6,48.58,15.5,38.0,100.0,0.0,10.5,50.0,16.7,33.3,6,0.0
party_supplies,RS,730.72,3,4,89.9,16.98,31.9,100.0,0.0,14.2,50.0,50.0,0.0,4,25.0
party_supplies,SC,334.16,2,2,129.45,37.63,32.1,100.0,0.0,7.5,50.0,50.0,0.0,2,0.0
party_supplies,SP,1957.21,18,21,88.38,14.83,27.9,95.2,0.0,5.4,81.0,4.8,14.3,21,0.0
perfumery,AC,380.56,3,3,101.29,25.56,34.1,100.0,0.0,21.3,100.0,0.0,0.0,3,0.0
perfumery,AL,2219.08,12,14,150.97,30.07,28.3,100.0,42.9,30.4,64.3,28.6,7.1,14,14.3
perfumery,AM,148.98,2,2,47.44,27.04,56.7,100.0,0.0,27.5,100.0,0.0,0.0,2,0.0
perfumery,BA,12259.83,80,89,117.02,21.17,26.5,100.0,11.2,18.9,82.0,12.4,5.6,89,11.2
perfumery,CE,11431.42,54,58,152.2,25.38,23.9,96.6,13.8,20.1,74.1,19.0,6.9,58,1.7
perfumery,DF,12500.35,82,92,111.9,16.1,25.1,96.7,5.4,11.8,77.2,12.0,10.9,92,6.5
perfumery,ES,10041.65,60,74,95.12,17.15,26.6,100.0,10.8,13.8,60.8,32.4,6.8,74,1.4
perfumery,GO,13278.13,85,113,113.04,17.45,27.6,95.6,2.7,13.8,75.2,21.2,3.5,113,6.2
perfumery,MA,5560.69,30,32,140.42,30.67,29.7,96.9,3.1,20.2,84.4,9.4,6.2,32,3.1
perfumery,MG,60316.38,379,422,119.99,16.37,24.9,96.7,4.3,10.7,80.7,12.9,6.4,420,4.0
perfumery,MS,2778.86,21,27,68.51,16.94,43.0,96.3,7.4,15.5,88.9,11.1,0.0,27,0.0
perfumery,MT,4726.67,22,31,96.2,20.33,36.3,100.0,22.6,19.9,64.5,32.3,3.2,31,0.0
perfumery,PA,6301.61,33,39,121.0,27.2,29.8,100.0,0.0,20.6,87.2,10.3,2.6,39,7.7
perfumery,PB,3403.89,18,18,133.45,30.96,36.7,100.0,0.0,14.8,83.3,5.6,11.1,18,5.6
perfumery,PE,8728.07,47,52,132.03,28.78,34.0,96.2,13.5,18.2,72.5,23.5,3.9,51,11.5
perfumery,PI,2772.25,16,17,121.8,34.18,38.4,94.1,17.6,18.8,56.2,43.8,0.0,16,0.0
perfumery,PR,21080.41,138,156,102.77,15.96,25.8,100.0,5.8,11.2,84.0,7.7,8.3,156,3.2
perfumery,RJ,69505.23,415,468,118.89,15.09,23.5,97.4,8.3,11.6,72.8,19.2,8.0,463,6.6
perfumery,RN,3935.89,21,21,141.46,36.29,31.0,95.2,19.0,27.8,57.1,42.9,0.0,21,0.0
perfumery,RO,1454.0,6,6,215.22,27.12,25.7,100.0,16.7,26.0,66.7,16.7,16.7,6,33.3
perfumery,RR,272.99,1,1,244.0,28.99,11.9,100.0,0.0,25.0,100.0,0.0,0.0,1,0.0
perfumery,RS,25299.66,146,161,129.83,18.15,24.8,97.5,4.3,14.3,83.6,9.4,6.9,159,5.0
perfumery,SC,18022.45,108,128,113.54,16.77,24.7,98.4,9.4,14.6,73.2,14.2,12.6,127,11.7
perfumery,SE,1416.62,6,7,124.1,26.19,26.3,100.0,14.3,19.7,57.1,28.6,14.3,7,0.0
perfumery,SP,208112.15,1365,1543,111.85,12.42,21.6,97.9,5.1,8.3,79.3,14.7,6.0,1542,6.4
perfumery,TO,2590.21,12,15,140.26,32.43,26.2,100.0,0.0,13.1,71.4,0.0,28.6,14,0.0
pet_shop,AL,2426.72,3,3,731.97,76.94,17.6,100.0,33.3,32.3,66.7,0.0,33.3,3,0.0
pet_shop,AM,541.05,4,4,93.7,41.56,44.6,100.0,0.0,23.5,75.0,25.0,0.0,4,0.0
pet_shop,AP,175.6,1,2,29.9,14.0,46.8,100.0,0.0,27.0,100.0,0.0,0.0,2,0.0
pet_shop,BA,8871.78,54,63,92.8,22.44,32.0,98.4,6.3,15.2,72.1,14.8,13.1,61,4.8
pet_shop,CE,1619.74,13,16,85.69,26.64,42.7,100.0,12.5,18.9,62.5,12.5,25.0,16,0.0
pet_shop,DF,7167.83,35,41,125.43,24.39,27.0,97.6,0.0,9.8,80.5,7.3,12.2,41,2.4
pet_shop,ES,3872.52,21,26,83.5,25.38,37.3,100.0,3.8,14.2,65.4,34.6,0.0,26,7.7
pet_shop,GO,6179.46,25,28,167.59,25.3,24.8,100.0,7.1,15.4,75.0,17.9,7.1,28,7.1
pet_shop,MA,1354.8,9,10,84.64,37.53,51.4,100.0,10.0,19.2,80.0,0.0,20.0,10,10.0
pet_shop,MG,45562.99,222,262,126.11,21.25,28.3,100.0,4.6,10.0,82.4,11.8,5.7,262,9.9
pet_shop,MS,3855.98,22,25,102.8,22.65,26.1,100.0,8.0,17.4,76.0,16.0,8.0,25,0.0
pet_shop,MT,3770.29,14,16,183.51,37.68,40.6,93.8,18.8,20.7,81.2,12.5,6.2,16,0.0
pet_shop,PA,2484.23,11,12,193.32,44.33,34.6,100.0,0.0,19.8,75.0,16.7,8.3,12,0.0
pet_shop,PB,1041.62,8,8,98.31,31.89,44.3,100.0,12.5,21.1,62.5,25.0,12.5,8,12.5
pet_shop,PE,3804.39,22,23,124.56,37.5,48.7,100.0,13.0,18.3,60.9,30.4,8.7,23,8.7
pet_shop,PI,1706.65,7,8,176.47,41.91,42.7,100.0,0.0,16.5,87.5,0.0,12.5,8,0.0
pet_shop,PR,11615.88,82,94,91.97,18.85,33.7,97.9,5.3,12.5,75.5,14.9,9.6,94,12.8
pet_shop,RJ,35152.54,199,229,119.47,19.61,26.6,96.9,10.9,12.6,74.6,21.5,3.9,228,3.9
pet_shop,RN,6066.77,9,13,177.05,28.08,27.9,100.0,0.0,15.5,100.0,0.0,0.0,13,15.4
pet_shop,RO,1384.17,8,8,121.94,51.08,42.3,100.0,0.0,20.6,75.0,25.0,0.0,8,0.0
pet_shop,RS,16377.43,84,101,119.44,26.71,33.0,98.0,2.0,13.1,82.2,11.9,5.9,101,11.9
pet_shop,SC,13523.08,79,86,106.48,20.65,28.3,100.0,7.0,13.4,76.7,8.1,15.1,86,2.3
pet_shop,SE,269.94,3,3,57.51,32.47,55.1,100.0,0.0,16.7,100.0,0.0,0.0,3,0.0
pet_shop,SP,132321.86,771,945,99.02,16.71,25.4,99.0,2.9,8.0,82.9,10.0,7.0,938,5.7
pet_shop,TO,435.79,4,4,83.08,25.87,32.8,100.0,0.0,19.5,100.0,0.0,0.0,4,0.0
security_and_services,DF,115.45,1,1,100.0,15.45,15.4,100.0,0.0,11.0,0.0,100.0,0.0,1,0.0
security_and_services,RO,209.06,1,1,183.29,25.77,14.1,100.0,0.0,19.0,100.0,0.0,0.0,1,0.0
signaling_and_security,BA,868.82,6,6,120.97,23.83,41.4,100.0,0.0,15.8,83.3,0.0,16.7,6,0.0
signaling_and_security,DF,738.69,4,4,156.51,28.16,25.4,100.0,0.0,10.5,100.0,0.0,0.0,4,0.0
signaling_and_security,ES,2221.67,4,6,143.32,59.0,37.8,100.0,0.0,10.2,83.3,0.0,16.7,6,0.0
signaling_and_security,GO,1534.67,5,6,178.56,23.34,21.2,100.0,0.0,11.2,83.3,16.7,0.0,6,0.0
signaling_and_security,MG,1469.23,10,11,68.59,34.32,45.0,100.0,0.0,8.9,63.6,27.3,9.1,11,0.0
signaling_and_security,MS,382.22,1,1,358.0,24.22,6.8,100.0,0.0,14.0,100.0,0.0,0.0,1,0.0
signaling_and_security,MT,19457.04,1,6,486.57,53.91,10.8,100.0,0.0,13.0,0.0,0.0,100.0,6,0.0
signaling_and_security,PA,774.18,1,3,49.9,36.12,72.4,100.0,0.0,9.0,100.0,0.0,0.0,3,0.0
signaling_and_security,PB,17069.76,1,6,175.0,299.16,77.9,100.0,0.0,13.0,100.0,0.0,0.0,6,0.0
signaling_and_security,PE,309.2,1,2,38.9,38.4,77.9,100.0,0.0,23.0,100.0,0.0,0.0,2,0.0
signaling_and_security,PR,388.07,3,5,69.47,28.9,40.1,100.0,0.0,15.2,40.0,60.0,0.0,5,0.0
signaling_and_security,RJ,3942.19,17,20,122.28,21.68,32.0,95.0,5.0,13.6,68.4,15.8,15.8,19,5.0
signaling_and_security,RN,100.02,1,1,75.0,25.02,33.4,100.0,0.0,24.0,100.0,0.0,0.0,1,0.0
signaling_and_security,RS,2503.71,14,17,81.91,31.06,35.6,100.0,0.0,10.7,64.7,5.9,29.4,17,11.8
signaling_and_security,SC,1565.1,5,10,61.25,16.78,52.8,100.0,10.0,12.1,50.0,10.0,40.0,10,10.0
signaling_and_security,SE,438.84,1,2,84.99,24.72,29.1,100.0,100.0,30.0,0.0,0.0,100.0,2,0.0
signaling_and_security,SP,14724.64,65,95,83.68,18.24,37.8,98.9,4.2,7.1,79.8,13.8,6.4,94,8.4
small_appliances,AC,100.91,1,1,54.0,46.91,77.9,100.0,0.0,13.0,100.0,0.0,0.0,1,0.0
small_appliances,BA,4387.69,18,19,205.62,28.37,40.9,100.0,15.8,19.4,78.9,15.8,5.3,19,0.0
small_appliances,CE,5428.59,8,8,630.41,48.16,23.6,87.5,0.0,15.9,75.0,25.0,0.0,8,0.0
small_appliances,DF,12787.91,23,25,637.41,41.9,14.3,96.0,4.0,13.1,72.0,16.0,12.0,25,12.0
small_appliances,ES,736.04,3,3,222.92,22.43,22.2,100.0,0.0,15.7,100.0,0.0,0.0,3,33.3
small_appliances,GO,3260.43,10,11,243.63,34.9,22.4,90.9,9.1,20.0,54.5,27.3,18.2,11,0.0
small_appliances,MA,320.79,2,2,131.45,28.94,26.2,100.0,50.0,18.0,50.0,50.0,0.0,2,0.0
small_appliances,MG,20162.41,61,67,266.67,23.62,22.7,97.0,4.5,11.0,72.7,22.7,4.5,66,7.5
small_appliances,MS,553.84,5,7,42.46,17.63,51.3,100.0,0.0,12.7,71.4,28.6,0.0,7,0.0
small_appliances,MT,4199.69,7,8,437.86,31.41,18.0,100.0,0.0,13.8,100.0,0.0,0.0,8,0.0
small_appliances,PA,3995.42,8,9,374.03,48.43,30.2,100.0,0.0,14.9,77.8,11.1,11.1,9,0.0
small_appliances,PB,2283.33,4,5,452.27,49.65,13.9,100.0,0.0,21.2,100.0,0.0,0.0,5,20.0
small_appliances,PE,1115.35,3,3,260.63,36.74,33.3,100.0,0.0,13.7,33.3,66.7,0.0,3,0.0
small_appliances,PR,12422.38,39,42,267.08,22.4,25.9,97.6,7.1,10.0,92.9,2.4,4.8,42,2.4
small_appliances,RJ,32889.68,85,97,324.49,25.49,25.3,96.9,6.2,13.7,84.4,11.5,4.2,96,8.2
small_appliances,RN,365.85,3,5,94.99,35.09,36.9,100.0,0.0,10.0,40.0,0.0,60.0,5,0.0
small_appliances,RO,125.15,1,1,99.9,25.25,25.3,100.0,0.0,30.0,100.0,0.0,0.0,1,0.0
small_appliances,RS,18205.33,39,48,356.31,26.66,22.3,100.0,10.4,13.4,83.3,14.6,2.1,48,0.0
small_appliances,SC,11123.27,26,28,306.75,29.62,27.0,96.4,3.6,12.4,81.5,7.4,11.1,27,10.7
small_appliances,SE,1677.03,3,3,495.57,63.44,31.6,100.0,0.0,12.0,66.7,33.3,0.0,3,0.0
small_appliances,SP,90510.65,281,313,238.87,18.19,22.2,96.5,2.2,7.0,80.0,14.2,5.8,310,2.2
small_appliances_home_oven_and_coffee,BA,1717.69,3,3,524.97,47.6,29.9,100.0,33.3,17.7,100.0,0.0,0.0,3,0.0
small_appliances_home_oven_and_coffee,DF,793.09,1,1,750.0,43.09,5.7,100.0,0.0,8.0,100.0,0.0,0.0,1,100.0
small_appliances_home_oven_and_coffee,MG,4991.66,10,10,466.84,30.04,28.4,100.0,0.0,7.0,100.0,0.0,0.0,10,0.0
small_appliances_home_oven_and_coffee,MS,818.4,1,1,750.0,68.4,9.1,100.0,0.0,20.0,100.0,0.0,0.0,1,0.0
small_appliances_home_oven_and_coffee,MT,836.7,1,1,750.0,86.7,11.6,100.0,100.0,29.0,0.0,0.0,100.0,1,0.0
small_appliances_home_oven_and_coffee,PE,673.47,1,1,640.99,32.48,5.1,100.0,0.0,10.0,0.0,100.0,0.0,1,0.0
small_appliances_home_oven_and_coffee,PR,8924.98,8,10,1009.0,47.18,9.2,100.0,10.0,10.9,90.0,10.0,0.0,10,0.0
small_appliances_home_oven_and_coffee,RJ,4232.75,7,7,558.73,45.95,15.8,85.7,0.0,10.8,85.7,14.3,0.0,7,0.0
small_appliances_home_oven_and_coffee,RO,2114.63,1,1,1999.0,115.63,5.8,100.0,0.0,16.0,100.0,0.0,0.0,1,0.0
small_appliances_home_oven_and_coffee,RS,565.34,3,3,164.97,23.48,18.2,100.0,0.0,9.3,100.0,0.0,0.0,3,0.0
small_appliances_home_oven_and_coffee,SC,4894.2,4,4,1188.72,34.83,7.0,100.0,0.0,12.0,100.0,0.0,0.0,4,0.0
small_appliances_home_oven_and_coffee,SP,18571.97,34,35,473.22,28.47,15.2,94.3,2.9,7.0,77.1,14.3,8.6,35,0.0
small_appliances_home_oven_and_coffee,TO,2094.44,1,1,1999.0,95.44,4.8,100.0,0.0,14.0,100.0,0.0,0.0,1,0.0
sports_leisure,AC,2071.54,9,9,186.38,43.79,32.1,100.0,0.0,17.4,66.7,22.2,11.1,9,22.2
sports_leisure,AL,5169.57,32,34,116.64,32.84,36.0,97.1,11.8,21.6,70.6,20.6,8.8,34,2.9
sports_leisure,AM,1815.28,12,14,109.11,30.31,33.6,100.0,0.0,24.3,71.4,28.6,0.0,14,0.0
sports_leisure,AP,1480.91,6,8,110.96,28.7,31.4,100.0,0.0,26.2,87.5,0.0,12.5,8,0.0
sports_leisure,BA,60216.68,257,310,130.45,25.75,31.3,97.7,10.3,18.4,71.7,22.5,5.9,307,13.5
sports_leisure,CE,14934.63,89,95,113.17,32.33,39.8,97.9,13.7,20.1,73.4,13.8,12.8,94,4.2
sports_leisure,DF,37561.53,194,227,101.87,20.37,28.0,97.4,3.1,11.8,79.7,15.0,5.3,227,9.3
sports_leisure,ES,26888.17,157,180,114.79,21.9,27.7,99.4,12.2,15.2,79.9,12.8,7.3,179,6.1
sports_leisure,GO,26471.97,151,176,118.16,22.54,31.7,97.7,7.4,15.8,77.9,14.0,8.1,172,8.5
sports_leisure,MA,14576.4,59,67,128.27,37.54,44.4,98.5,19.4,20.5,64.6,27.7,7.7,65,10.4
sports_leisure,MG,158106.92,867,1009,115.59,21.1,30.3,97.8,3.4,11.1,78.8,12.4,8.9,1004,9.0
sports_leisure,MS,14527.35,61,82,119.46,21.31,27.7,98.8,6.1,14.3,82.9,14.6,2.4,82,4.9
sports_leisure,MT,12813.32,70,77,125.23,25.8,35.5,96.1,7.8,17.6,74.0,22.1,3.9,77,15.6
sports_leisure,PA,20056.53,76,86,148.53,36.0,33.8,95.3,14.0,24.5,65.5,22.6,11.9,84,5.8
sports_leisure,PB,7765.59,32,36,138.85,37.45,35.5,86.1,8.3,20.3,68.6,11.4,20.0,35,19.4
sports_leisure,PE,31034.82,135,153,134.64,33.64,39.7,94.1,5.9,17.2,71.5,19.9,8.6,151,2.6
sports_leisure,PI,8060.44,31,35,163.88,36.91,38.1,97.1,11.4,17.7,85.7,11.4,2.9,35,11.4
sports_leisure,PR,81884.95,428,492,119.85,18.91,27.0,97.8,4.1,10.0,79.8,12.9,7.3,490,8.1
sports_leisure,RJ,181704.86,925,1094,123.84,20.68,27.5,97.6,12.7,14.8,70.9,21.6,7.5,1082,7.0
sports_leisure,RN,5360.02,20,23,181.8,37.64,33.7,100.0,8.7,16.6,91.3,8.7,0.0,23,0.0
sports_leisure,RO,5336.59,17,21,160.52,39.13,35.8,95.2,9.5,20.8,71.4,28.6,0.0,21,9.5
sports_leisure,RR,2579.08,6,8,168.82,49.04,32.5,100.0,12.5,34.5,50.0,25.0,25.0,8,37.5
sports_leisure,RS,77515.87,421,500,111.19,20.14,28.5,98.4,5.6,14.0,83.0,11.8,5.2,499,10.8
sports_leisure,SC,63773.11,315,376,121.46,20.23,26.5,98.1,4.8,13.2,79.6,15.3,5.1,373,5.6
sports_leisure,SE,5456.98,31,35,89.05,35.82,45.8,94.3,5.7,18.4,71.4,11.4,17.1,35,14.3
sports_leisure,SP,526098.71,3296,3831,105.39,14.9,24.2,97.6,4.1,8.2,80.3,12.2,7.5,3808,8.9
sports_leisure,TO,6961.25,23,26,212.82,53.6,33.2,100.0,7.7,17.0,76.9,11.5,11.5,26,3.8
stationery,AC,646.76,2,2,264.45,58.93,32.6,100.0,0.0,16.5,100.0,0.0,0.0,2,0.0
stationery,AL,879.24,8,9,74.83,27.43,47.0,100.0,11.1,17.6,88.9,11.1,0.0,9,22.2
stationery,AM,869.01,6,6,116.5,28.34,34.3,100.0,0.0,27.0,100.0,0.0,0.0,6,0.0
stationery,AP,335.04,2,2,117.45,50.07,42.5,100.0,0.0,24.0,50.0,50.0,0.0,2,0.0
stationery,BA,9177.71,76,78,95.19,21.61,33.7,97.4,16.7,20.6,74.4,19.2,6.4,78,10.3
stationery,CE,6135.21,31,39,82.52,31.77,47.0,97.4,10.3,21.0,62.2,32.4,5.4,37,0.0
stationery,DF,6367.54,45,51,100.0,18.86,29.6,94.1,9.8,14.2,70.0,22.0,8.0,50,5.9
stationery,ES,7177.54,47,53,106.95,20.67,25.6,100.0,5.7,13.3,77.4,11.3,11.3,53,7.5
stationery,GO,7684.95,43,51,92.33,21.35,31.7,96.1,7.8,15.4,80.4,13.7,5.9,51,2.0
stationery,MA,3060.17,16,20,72.79,30.32,52.2,100.0,10.0,20.6,80.0,15.0,5.0,20,0.0
stationery,MG,37032.51,243,287,89.55,17.48,29.0,97.9,4.2,10.9,84.0,10.5,5.6,287,7.7
stationery,MS,2756.66,19,22,78.55,19.31,35.1,100.0,13.6,15.9,77.3,13.6,9.1,22,0.0
stationery,MT,4317.3,24,30,107.6,25.47,30.4,100.0,6.7,17.0,90.0,3.3,6.7,30,0.0
stationery,PA,3152.21,22,25,109.72,29.52,42.7,100.0,24.0,23.2,70.8,16.7,12.5,24,8.0
stationery,PB,3210.95,16,20,116.5,42.47,41.4,100.0,15.0,21.5,75.0,20.0,5.0,20,0.0
stationery,PE,6361.37,47,51,90.37,33.25,44.1,98.0,3.9,18.9,76.5,9.8,13.7,51,0.0
stationery,PI,1858.74,10,11,109.87,37.81,40.1,90.9,0.0,16.7,90.9,0.0,9.1,11,9.1
stationery,PR,14773.1,121,136,88.41,20.09,30.3,98.5,1.5,12.0,87.5,11.0,1.5,136,2.2
stationery,RJ,45071.06,305,340,100.23,20.28,28.8,96.5,13.8,16.2,70.5,22.9,6.5,336,7.1
stationery,RN,5860.0,11,15,238.73,38.55,37.4,100.0,6.7,19.8,73.3,20.0,6.7,15,0.0
stationery,RO,1179.23,7,9,92.51,33.56,45.9,100.0,0.0,20.3,55.6,22.2,22.2,9,0.0
stationery,RR,181.02,2,2,64.99,25.52,46.0,50.0,0.0,17.0,50.0,50.0,0.0,2,0.0
stationery,RS,17676.42,137,158,86.18,18.69,30.0,99.4,6.3,15.2,82.9,12.7,4.4,158,4.4
stationery,SC,13686.49,83,96,94.97,22.18,33.5,99.0,8.3,15.8,81.1,15.8,3.2,95,5.2
stationery,SE,300.33,3,3,69.6,30.51,45.8,100.0,33.3,27.0,100.0,0.0,0.0,3,0.0
stationery,SP,118003.93,982,1106,85.23,14.41,25.9,98.2,4.2,8.0,83.5,9.9,6.6,1097,4.0
stationery,TO,350.6,3,3,92.27,24.6,39.4,100.0,0.0,20.7,100.0,0.0,0.0,3,0.0
tablets_printing_image,AM,72.85,1,1,50.0,22.85,45.7,100.0,0.0,24.0,100.0,0.0,0.0,1,0.0
tablets_printing_image,BA,759.43,5,6,84.3,18.7,23.2,100.0,33.3,19.5,66.7,33.3,0.0,6,0.0
tablets_printing_image,CE,47.62,1,1,29.99,17.63,58.8,100.0,0.0,10.0,100.0,0.0,0.0,1,0.0
tablets_printing_image,ES,1094.04,4,4,256.7,16.81,32.4,100.0,0.0,12.2,100.0,0.0,0.0,3,0.0
tablets_printing_image,GO,117.12,1,1,99.0,18.12,18.3,100.0,0.0,17.0,0.0,100.0,0.0,1,0.0
tablets_printing_image,MA,178.55,1,1,152.99,25.56,16.7,100.0,0.0,14.0,100.0,0.0,0.0,1,0.0
tablets_printing_image,MG,1307.19,9,10,85.17,14.45,19.3,100.0,0.0,12.9,50.0,30.0,20.0,10,0.0
tablets_printing_image,MS,461.56,1,2,99.0,16.39,16.6,100.0,0.0,14.0,100.0,0.0,0.0,2,0.0
tablets_printing_image,MT,87.39,2,3,21.9,19.13,66.6,100.0,0.0,14.3,0.0,33.3,66.7,3,0.0
tablets_printing_image,PA,455.36,4,4,90.45,23.39,30.2,100.0,0.0,16.5,75.0,25.0,0.0,4,0.0
tablets_printing_image,PE,249.15,2,2,99.0,25.58,25.8,100.0,0.0,19.0,100.0,0.0,0.0,2,0.0
tablets_printing_image,PI,381.85,3,4,99.0,29.84,30.1,100.0,0.0,16.0,25.0,25.0,50.0,4,0.0
tablets_printing_image,PR,298.54,3,3,83.33,16.18,21.9,100.0,0.0,8.0,100.0,0.0,0.0,3,0.0
tablets_printing_image,RJ,1059.27,10,10,90.78,15.15,21.9,100.0,20.0,15.7,88.9,11.1,0.0,9,0.0
tablets_printing_image,RS,115.39,1,1,99.0,16.39,16.6,100.0,0.0,19.0,0.0,0.0,100.0,1,0.0
tablets_printing_image,SP,3357.62,31,34,77.88,9.46,13.0,100.0,2.9,8.1,94.1,2.9,2.9,34,11.8
telephony,AC,1271.43,5,5,220.79,33.49,51.0,100.0,0.0,15.6,100.0,0.0,0.0,5,0.0
telephony,AL,5672.61,26,29,155.9,26.99,43.7,96.6,27.6,28.5,65.5,20.7,13.8,29,6.9
telephony,AM,1252.64,14,15,51.07,26.24,63.4,100.0,13.3,26.9,80.0,20.0,0.0,15,0.0
telephony,AP,396.29,4,4,76.2,22.88,46.8,100.0,0.0,26.0,50.0,25.0,25.0,4,0.0
telephony,BA,30529.38,229,271,92.31,18.02,47.0,96.7,14.8,18.5,64.3,26.4,9.3,269,5.2
telephony,CE,10501.81,95,102,74.57,22.98,57.1,93.1,12.7,20.0,67.6,23.5,8.8,102,2.9
telephony,DF,10353.47,85,101,67.68,15.66,43.9,97.0,4.0,12.8,81.2,12.9,5.9,101,6.9
telephony,ES,15702.04,104,117,80.52,16.16,46.6,99.1,12.0,15.1,64.6,15.9,19.5,113,0.9
telephony,GO,9532.04,115,131,48.62,16.73,55.9,96.9,4.6,14.5,77.9,13.0,9.2,131,6.1
telephony,MA,7818.0,60,66,76.62,27.41,57.0,98.5,13.6,19.3,59.1,21.2,19.7,66,3.0
telephony,MG,46536.09,460,499,72.76,16.27,47.6,98.0,5.0,11.5,77.2,13.3,9.5,495,2.4
telephony,MS,2199.76,26,28,52.7,16.67,50.2,100.0,10.7,13.9,82.1,17.9,0.0,28,7.1
telephony,MT,6165.18,60,68,51.66,19.16,59.8,95.6,5.9,16.2,69.1,16.2,14.7,68,2.9
telephony,PA,12087.33,70,78,103.43,26.49,57.2,100.0,14.1,24.0,58.4,28.6,13.0,77,7.7
telephony,PB,4186.75,25,27,117.5,30.32,60.6,96.3,11.1,19.4,59.3,33.3,7.4,27,7.4
telephony,PE,15465.39,122,135,81.42,24.14,53.7,98.5,6.7,18.7,79.9,9.7,10.4,134,5.2
telephony,PI,4851.0,35,42,84.3,29.09,60.1,92.9,11.9,17.5,88.1,7.1,4.8,42,7.1
telephony,PR,22634.92,226,261,53.18,15.91,53.6,100.0,4.2,11.9,76.5,15.0,8.5,260,9.2
telephony,RJ,51871.99,407,448,88.5,16.43,44.0,95.5,10.0,13.2,71.9,17.7,10.4,441,3.3
telephony,RN,6783.72,22,32,177.78,27.73,41.9,100.0,21.9,21.2,59.4,25.0,15.6,32,6.2
telephony,RO,1560.83,17,20,34.25,33.8,74.2,90.0,5.0,19.8,84.2,10.5,5.3,19,10.0
telephony,RR,209.13,4,4,25.11,27.17,77.9,100.0,0.0,29.5,75.0,0.0,25.0,4,0.0
telephony,RS,49540.19,255,295,65.14,17.05,52.9,96.9,2.4,14.2,76.9,13.3,9.9,294,12.9
telephony,SC,18906.38,165,180,74.97,16.53,51.2,96.7,10.6,15.9,65.2,19.7,15.2,178,5.6
telephony,SE,3123.42,27,31,78.74,23.54,55.1,93.5,16.1,19.3,51.6,38.7,9.7,31,6.5
telephony,SP,146022.4,1521,1716,63.57,10.7,33.0,98.0,4.0,7.5,74.6,15.9,9.5,1706,4.7
telephony,TO,2015.52,20,21,60.39,29.87,63.4,100.0,14.3,18.2,61.9,23.8,14.3,21,0.0
toys,AC,318.05,3,3,78.26,27.75,38.4,100.0,33.3,35.0,66.7,33.3,0.0,3,66.7
toys,AL,1419.18,12,12,87.76,30.51,43.8,100.0,33.3,24.5,58.3,33.3,8.3,12,0.0
toys,AM,1135.1,6,7,103.08,27.24,36.0,100.0,0.0,20.1,100.0,0.0,0.0,7,0.0
toys,AP,389.72,3,3,99.28,30.63,46.3,100.0,0.0,22.0,66.7,0.0,33.3,3,0.0
toys,BA,18173.69,116,130,124.09,25.91,32.1,96.9,13.1,19.4,78.1,13.3,8.6,128,6.2
toys,CE,11285.87,63,67,118.5,31.1,36.0,97.0,11.9,19.0,77.3,16.7,6.1,66,3.0
toys,DF,15558.46,91,101,123.6,22.0,28.0,98.0,3.0,11.0,75.2,15.8,8.9,101,3.0
toys,ES,13129.25,93,101,110.25,19.36,26.7,99.0,6.9,12.8,78.0,13.0,9.0,100,8.9
toys,GO,11419.71,76,91,95.75,21.26,29.0,97.8,2.2,14.4,76.9,16.5,6.6,91,9.9
toys,MA,4437.07,21,25,137.68,36.51,40.1,96.0,4.0,17.9,72.0,16.0,12.0,25,12.0
toys,MG,76718.79,458,512,118.32,19.65,26.7,98.8,5.3,10.9,80.6,12.0,7.5,510,4.7
toys,MS,5302.88,34,36,110.4,22.11,28.4,94.4,8.3,16.0,58.3,25.0,16.7,36,2.8
toys,MT,8418.48,39,47,128.5,30.6,30.8,100.0,8.5,17.1,78.7,19.1,2.1,47,2.1
toys,PA,4688.55,29,30,132.85,29.38,34.3,93.3,10.0,24.7,73.3,13.3,13.3,30,6.7
toys,PB,5697.84,15,19,262.79,44.48,37.7,100.0,10.5,21.8,89.5,5.3,5.3,19,0.0
toys,PE,12452.83,57,69,134.99,32.45,39.3,95.7,7.2,15.8,79.7,10.1,10.1,69,5.8
toys,PI,5566.96,28,30,135.43,32.82,32.2,100.0,6.7,16.0,69.0,10.3,20.7,29,10.0
toys,PR,29147.3,201,214,118.52,19.23,27.1,98.6,6.1,11.0,81.5,11.4,7.1,211,6.1
toys,RJ,93897.19,552,602,125.79,17.64,23.3,97.5,11.1,13.4,75.0,18.5,6.6,595,5.6
toys,RN,3175.67,23,25,78.58,31.6,45.1,100.0,8.0,15.8,84.0,12.0,4.0,25,4.0
toys,RO,4175.38,13,15,205.27,34.29,36.4,100.0,0.0,18.7,66.7,13.3,20.0,15,46.7
toys,RS,35388.76,203,224,134.39,21.42,26.0,98.2,7.6,14.3,78.5,12.6,9.0,223,4.9
toys,SC,18932.17,115,122,130.99,19.99,24.7,98.4,4.9,11.8,86.0,8.3,5.8,121,4.9
toys,SE,1461.93,11,11,100.03,32.88,39.7,100.0,0.0,18.5,54.5,36.4,9.1,11,9.1
toys,SP,235214.91,1612,1772,107.69,15.0,21.5,97.8,4.1,7.7,80.3,12.2,7.5,1756,5.3
toys,TO,2469.97,12,13,143.4,32.61,39.9,100.0,15.4,21.9,84.6,7.7,7.7,13,7.7
watches_gifts,AC,1573.72,4,5,470.24,43.54,29.5,100.0,0.0,17.0,80.0,20.0,0.0,5,0.0
watches_gifts,AL,13361.94,35,38,334.06,30.11,19.8,97.4,15.8,21.7,81.6,15.8,2.6,38,5.3
watches_gifts,AM,2152.09,11,11,164.67,30.98,26.3,90.9,0.0,28.3,60.0,40.0,0.0,10,0.0
watches_gifts,AP,2016.42,7,8,204.98,25.89,20.7,100.0,0.0,20.8,62.5,25.0,12.5,8,0.0
watches_gifts,BA,56336.79,222,246,209.46,20.66,21.1,96.7,11.8,18.2,64.9,20.8,14.3,245,6.1
watches_gifts,CE,35667.42,129,152,205.46,25.51,26.2,98.7,11.8,19.9,76.7,13.3,10.0,150,0.7
watches_gifts,DF,36906.04,143,154,218.73,19.23,16.0,98.7,3.2,12.3,76.3,14.5,9.2,152,4.5
watches_gifts,ES,34076.76,145,154,192.34,17.32,16.5,98.1,8.4,15.3,74.7,16.0,9.3,150,7.1
watches_gifts,GO,36860.63,143,159,240.37,19.02,15.9,96.9,4.4,15.5,81.0,9.5,9.5,158,0.6
watches_gifts,MA,12641.13,58,64,163.89,33.17,32.9,96.9,17.2,22.8,71.4,17.5,11.1,63,3.1
watches_gifts,MG,140749.36,611,654,196.51,17.11,16.9,98.3,4.4,11.4,78.5,13.9,7.6,647,5.2
watches_gifts,MS,10128.35,29,40,165.51,17.47,16.6,100.0,15.0,15.8,62.5,15.0,22.5,40,0.0
watches_gifts,MT,17758.4,59,62,244.77,22.81,19.3,100.0,6.5,15.5,77.4,12.9,9.7,62,3.2
watches_gifts,PA,25172.49,74,79,309.94,30.14,28.9,96.2,8.9,21.7,76.9,16.7,6.4,78,5.1
watches_gifts,PB,14888.76,43,44,327.02,35.44,24.2,95.5,4.5,20.3,79.5,15.9,4.5,44,13.6
watches_gifts,PE,40151.18,147,177,182.9,27.66,29.3,98.9,10.2,17.1,67.8,19.2,13.0,177,4.5
watches_gifts,PI,10362.77,38,44,185.45,31.93,28.2,100.0,15.9,20.7,63.6,18.2,18.2,44,0.0
watches_gifts,PR,88288.6,274,329,189.4,17.12,19.3,97.6,3.3,11.3,73.9,19.0,7.1,326,1.8
watches_gifts,RJ,218684.56,817,888,212.64,15.87,15.6,96.6,13.3,14.3,67.2,24.3,8.5,878,5.7
watches_gifts,RN,12400.15,47,50,205.11,32.34,27.4,98.0,12.0,18.0,72.9,10.4,16.7,48,2.0
watches_gifts,RO,5160.54,14,15,303.55,32.2,26.0,93.3,0.0,18.6,86.7,13.3,0.0,15,0.0
watches_gifts,RR,287.45,1,1,219.0,68.45,31.3,100.0,0.0,40.0,100.0,0.0,0.0,1,0.0
watches_gifts,RS,53625.89,227,244,208.28,17.15,19.1,98.8,7.4,14.7,73.4,17.4,9.1,241,5.3
watches_gifts,SC,42489.58,164,191,184.21,16.21,20.3,99.5,4.2,13.3,77.9,11.6,10.5,190,8.4
watches_gifts,SE,3491.07,20,20,144.8,29.75,33.0,100.0,30.0,21.7,60.0,30.0,10.0,20,0.0
watches_gifts,SP,508047.12,2135,2354,191.51,12.16,12.8,97.8,4.5,7.9,77.7,14.0,8.3,2341,6.8
watches_gifts,TO,7274.27,27,30,181.56,31.67,30.4,96.7,10.0,16.8,76.7,13.3,10.0,30,6.7
