category,state,year_month,revenue,orders,avg_sentiment
Unknown,AC,2017-05,127.34,2,5.0
Unknown,AL,2017-04,35.8,1,5.0
Unknown,AL,2017-10,309.25,1,5.0
Unknown,AL,2017-12,709.36,2,3.0
Unknown,AL,2018-01,144.65,1,2.0
Unknown,AL,2018-04,200.74,1,4.0
Unknown,AM,2017-05,120.49,1,2.0
Unknown,AM,2017-09,1277.32,1,3.0
Unknown,BA,2017-02,239.95,1,5.0
Unknown,BA,2017-03,229.76,1,
Unknown,BA,2017-04,1401.23,4,3.6
Unknown,BA,2017-05,798.3299999999999,6,3.3333333333333335
Unknown,BA,2017-06,280.72,2,3.0
Unknown,BA,2017-07,748.96,5,2.1666666666666665
Unknown,BA,2017-08,619.97,2,5.0
Unknown,BA,2017-09,1086.38,5,3.0
Unknown,BA,2017-10,817.3199999999999,4,2.0
Unknown,BA,2017-11,2048.4300000000003,7,2.125
Unknown,BA,2017-12,222.55,2,4.0
Unknown,BA,2018-01,3783.1800000000003,13,2.4705882352941178
Unknown,BA,2018-02,1030.74,3,4.714285714285714
Unknown,BA,2018-03,1399.47,7,2.857142857142857
Unknown,BA,2018-05,1136.01,2,3.7
Unknown,BA,2018-06,127.44,1,1.0
Unknown,BA,2018-07,674.47,3,4.0
Unknown,BA,2018-08,122.07,1,4.0
Unknown,CE,2016-10,61.99,1,1.0
Unknown,CE,2017-03,586.96,4,1.0
Unknown,CE,2017-04,126.85,1,3.0
Unknown,CE,2017-05,154.07,1,2.0
Unknown,CE,2017-06,817.1899999999999,3,2.3333333333333335
Unknown,CE,2017-08,119.04,1,5.0
Unknown,CE,2017-10,1957.0300000000002,2,3.0
Unknown,CE,2017-11,58.62,1,1.0
Unknown,CE,2017-12,255.07999999999998,2,3.5
Unknown,CE,2018-01,347.77,1,5.0
Unknown,CE,2018-02,187.43,1,1.0
Unknown,CE,2018-03,4348.900000000001,4,3.0
Unknown,CE,2018-05,640.89,1,1.0
Unknown,CE,2018-08,822.46,2,1.5
Unknown,DF,2017-03,78.03,2,1.0
Unknown,DF,2017-04,94.0,2,4.5
Unknown,DF,2017-05,34.89,1,5.0
Unknown,DF,2017-06,145.79,2,4.0
Unknown,DF,2017-07,338.51,3,2.5
Unknown,DF,2017-08,70.0,1,1.0
Unknown,DF,2017-09,439.1,2,3.0
Unknown,DF,2017-10,321.26,2,1.0
Unknown,DF,2017-11,1042.34,10,2.727272727272727
Unknown,DF,2017-12,768.78,6,4.166666666666667
Unknown,DF,2018-01,526.96,5,4.8
Unknown,DF,2018-02,309.34000000000003,4,5.0
Unknown,DF,2018-03,138.73,1,5.0
Unknown,DF,2018-04,337.90999999999997,3,4.666666666666667
Unknown,DF,2018-05,233.01,1,4.0
Unknown,DF,2018-07,35.83,1,2.0
Unknown,DF,2018-08,447.68,1,1.0
Unknown,ES,2017-01,153.21,1,1.0
Unknown,ES,2017-02,181.87,2,4.333333333333333
Unknown,ES,2017-05,99.74000000000001,2,3.0
Unknown,ES,2017-06,353.63,4,2.25
Unknown,ES,2017-07,157.13,1,1.0
Unknown,ES,2017-09,299.2,1,4.0
Unknown,ES,2017-11,147.21,3,3.6666666666666665
Unknown,ES,2017-12,626.89,3,1.75
Unknown,ES,2018-01,315.51,2,3.0
Unknown,ES,2018-02,126.24,2,3.0
Unknown,ES,2018-03,499.05,3,2.3333333333333335
Unknown,ES,2018-04,52.53,1,5.0
Unknown,ES,2018-08,106.78,1,1.0
Unknown,GO,2016-10,68.39,1,1.0
Unknown,GO,2017-01,370.68,1,5.0
Unknown,GO,2017-03,784.2900000000001,4,4.0
Unknown,GO,2017-04,556.0,3,3.5
Unknown,GO,2017-05,3365.85,5,3.6
Unknown,GO,2017-07,51.09,1,4.0
Unknown,GO,2017-08,274.21999999999997,3,2.3333333333333335
Unknown,GO,2017-09,506.95,3,3.0
Unknown,GO,2017-10,253.13,4,4.0
Unknown,GO,2017-11,831.63,5,2.0
Unknown,GO,2017-12,534.11,3,5.0
Unknown,GO,2018-01,993.4,7,4.142857142857143
Unknown,GO,2018-02,1131.92,7,4.571428571428571
Unknown,GO,2018-03,970.3199999999999,6,4.166666666666667
Unknown,GO,2018-04,642.62,4,4.0
Unknown,GO,2018-05,429.63,2,3.6666666666666665
Unknown,GO,2018-06,155.63,1,4.0
Unknown,GO,2018-07,153.83,1,1.0
Unknown,GO,2018-08,725.06,4,1.5
Unknown,MA,2017-01,188.32999999999998,2,3.0
Unknown,MA,2017-03,354.63,2,2.5
Unknown,MA,2017-04,359.12,2,1.5
Unknown,MA,2017-05,105.53,2,4.5
Unknown,MA,2017-08,205.81,1,3.0
Unknown,MA,2017-09,64.05,1,5.0
Unknown,MA,2017-10,1098.98,2,4.5
Unknown,MA,2017-11,765.0799999999999,2,3.0
Unknown,MA,2017-12,83.92,1,1.0
Unknown,MA,2018-01,28.14,1,1.0
Unknown,MA,2018-02,156.53,2,2.5
Unknown,MG,2017-01,384.01,3,2.0
Unknown,MG,2017-02,1973.81,16,2.388888888888889
Unknown,MG,2017-03,2952.88,15,3.1176470588235294
Unknown,MG,2017-04,1293.0,10,3.727272727272727
Unknown,MG,2017-05,1116.5700000000002,12,3.0833333333333335
Unknown,MG,2017-06,642.76,5,4.0
Unknown,MG,2017-07,1675.8,15,2.526315789473684
Unknown,MG,2017-08,1967.59,13,4.066666666666666
Unknown,MG,2017-09,1682.41,17,3.0588235294117645
Unknown,MG,2017-10,2872.15,15,2.933333333333333
Unknown,MG,2017-11,4353.58,25,2.7777777777777777
Unknown,MG,2017-12,4747.84,22,2.5
Unknown,MG,2018-01,2584.26,21,4.285714285714286
Unknown,MG,2018-02,3348.5099999999998,22,3.6296296296296298
Unknown,MG,2018-03,2781.2,19,3.5714285714285716
Unknown,MG,2018-04,1056.6,8,4.375
Unknown,MG,2018-05,945.0,7,2.8333333333333335
Unknown,MG,2018-06,156.83,1,5.0
Unknown,MG,2018-07,413.90000000000003,5,3.2
Unknown,MG,2018-08,3057.14,11,4.181818181818182
Unknown,MG,2018-09,582.16,4,1.75
Unknown,MS,2017-03,43.94,1,1.0
Unknown,MS,2017-05,834.94,4,2.25
Unknown,MS,2017-06,55.0,1,5.0
Unknown,MS,2017-09,97.79,1,1.0
Unknown,MS,2017-10,431.9,2,2.5
Unknown,MS,2017-12,137.6,1,1.0
Unknown,MS,2018-01,166.0,2,5.0
Unknown,MS,2018-02,138.6,1,3.0
Unknown,MS,2018-03,280.65,1,1.0
Unknown,MS,2018-07,113.77,1,5.0
Unknown,MT,2016-10,451.44,1,1.0
Unknown,MT,2017-04,53.7,1,4.0
Unknown,MT,2017-06,55.79,1,5.0
Unknown,MT,2017-09,65.56,1,4.0
Unknown,MT,2017-10,139.63,2,4.0
Unknown,MT,2017-11,188.32999999999998,2,3.5
Unknown,MT,2017-12,127.99,1,1.0
Unknown,MT,2018-01,215.55,2,4.0
Unknown,MT,2018-02,280.58,2,5.0
Unknown,MT,2018-03,140.56,1,
Unknown,MT,2018-04,122.99,1,5.0
Unknown,MT,2018-05,51.96,1,1.0
Unknown,PA,2017-02,4042.74,1,5.0
Unknown,PA,2017-03,139.96,1,3.0
Unknown,PA,2017-04,786.72,2,5.0
Unknown,PA,2017-08,487.48,4,3.4
Unknown,PA,2017-10,199.06,1,1.0
Unknown,PA,2017-11,2778.12,2,4.5
Unknown,PA,2017-12,133.75,1,4.0
Unknown,PA,2018-01,638.1800000000001,5,3.4
Unknown,PA,2018-02,564.52,1,5.0
Unknown,PA,2018-03,922.0699999999999,2,1.0
Unknown,PA,2018-04,142.54,1,4.0
Unknown,PA,2018-05,1104.74,2,5.0
Unknown,PA,2018-08,87.17,1,1.0
Unknown,PB,2017-03,189.62,1,5.0
Unknown,PB,2017-06,107.03,1,5.0
Unknown,PB,2017-09,519.02,2,3.6666666666666665
Unknown,PB,2017-10,2506.6200000000003,4,3.25
Unknown,PB,2017-11,90.71,1,1.0
Unknown,PB,2017-12,144.65,1,5.0
Unknown,PB,2018-01,235.71,2,5.0
Unknown,PB,2018-08,85.71,1,5.0
Unknown,PE,2017-02,721.7099999999999,1,1.0
Unknown,PE,2017-03,224.42,1,1.0
Unknown,PE,2017-05,810.71,3,4.0
Unknown,PE,2017-06,1540.91,2,2.5
Unknown,PE,2017-08,192.98,1,5.0
Unknown,PE,2017-09,267.16,1,1.0
Unknown,PE,2017-10,2066.34,1,4.0
Unknown,PE,2017-11,154.2,2,4.5
Unknown,PE,2017-12,141.13,1,4.0
Unknown,PE,2018-01,950.1800000000001,3,3.0
Unknown,PE,2018-02,705.65,2,1.6666666666666667
Unknown,PE,2018-03,160.54,1,5.0
Unknown,PE,2018-05,422.70000000000005,2,2.3333333333333335
Unknown,PE,2018-07,177.66,1,5.0
Unknown,PI,2017-03,53.84,1,4.0
Unknown,PI,2017-08,149.61,1,4.0
Unknown,PI,2018-01,192.41000000000003,3,2.0
Unknown,PI,2018-03,146.35,1,5.0
Unknown,PI,2018-07,291.74,1,5.0
Unknown,PI,2018-08,80.92,1,5.0
Unknown,PI,2018-10,222.03,1,5.0
Unknown,PR,2017-02,662.57,7,1.1428571428571428
Unknown,PR,2017-03,515.67,4,3.5
Unknown,PR,2017-04,1448.3,5,4.5
Unknown,PR,2017-05,1610.79,9,4.2727272727272725
Unknown,PR,2017-06,430.53999999999996,3,5.0
Unknown,PR,2017-07,1103.25,11,4.166666666666667
Unknown,PR,2017-08,1386.73,2,3.0
Unknown,PR,2017-09,237.99,5,1.9230769230769231
Unknown,PR,2017-10,2077.57,7,3.5
Unknown,PR,2017-11,924.8,9,2.2222222222222223
Unknown,PR,2017-12,4064.0499999999997,11,2.909090909090909
Unknown,PR,2018-01,1332.85,13,3.4285714285714284
Unknown,PR,2018-02,1905.27,13,3.5384615384615383
Unknown,PR,2018-03,940.43,7,3.5
Unknown,PR,2018-04,918.23,6,4.166666666666667
Unknown,PR,2018-05,338.77,2,4.5
Unknown,PR,2018-06,283.2,2,3.0
Unknown,PR,2018-07,58.28,1,1.0
Unknown,PR,2018-08,649.91,3,2.0
Unknown,RJ,2016-10,1142.02,8,1.5
Unknown,RJ,2017-01,255.99,2,3.0
Unknown,RJ,2017-02,1922.9399999999998,20,2.8
Unknown,RJ,2017-03,963.71,7,2.2857142857142856
Unknown,RJ,2017-04,2779.55,14,3.933333333333333
Unknown,RJ,2017-05,4274.73,25,3.935483870967742
Unknown,RJ,2017-06,2240.92,10,3.727272727272727
Unknown,RJ,2017-07,1993.86,17,2.3529411764705883
Unknown,RJ,2017-08,1803.09,13,3.066666666666667
Unknown,RJ,2017-09,1109.8,8,3.6666666666666665
Unknown,RJ,2017-10,2484.37,17,2.8823529411764706
Unknown,RJ,2017-11,4731.09,21,3.2
Unknown,RJ,2017-12,5650.4,36,3.2972972972972974
Unknown,RJ,2018-01,4517.92,20,2.2222222222222223
Unknown,RJ,2018-02,2866.22,19,2.3333333333333335
Unknown,RJ,2018-03,1306.4099999999999,12,3.0
Unknown,RJ,2018-04,1226.96,10,3.5454545454545454
Unknown,RJ,2018-05,1948.52,9,1.6153846153846154
Unknown,RJ,2018-07,2956.5099999999998,12,3.6666666666666665
Unknown,RJ,2018-08,1259.62,8,3.625
Unknown,RJ,2018-09,240.43,3,1.0
Unknown,RJ,2018-10,80.38,1,2.0
Unknown,RN,2017-06,157.04000000000002,2,1.0
Unknown,RN,2017-09,65.28,1,5.0
Unknown,RN,2017-11,663.72,1,2.0
Unknown,RN,2017-12,144.65,1,5.0
Unknown,RN,2018-01,54.05,1,3.0
Unknown,RN,2018-02,157.65,1,5.0
Unknown,RN,2018-03,174.35,1,5.0
Unknown,RN,2018-06,155.03,1,5.0
Unknown,RO,2017-02,59.74,1,1.0
Unknown,RO,2017-03,207.36,1,5.0
Unknown,RO,2017-05,403.36,1,1.0
Unknown,RO,2017-07,107.03,1,1.0
Unknown,RO,2017-09,47.05,1,1.0
Unknown,RO,2018-02,1191.5,1,1.0
Unknown,RO,2018-03,174.35,1,5.0
Unknown,RO,2018-06,535.1600000000001,2,3.0
Unknown,RO,2018-07,189.45,1,5.0
Unknown,RO,2018-08,1302.42,1,2.0
Unknown,RR,2018-03,301.82,2,4.0
Unknown,RS,2016-10,77.73,1,1.0
Unknown,RS,2017-01,271.6,2,4.333333333333333
Unknown,RS,2017-02,993.8800000000001,3,1.375
Unknown,RS,2017-03,1065.71,5,3.0
Unknown,RS,2017-04,183.18,3,4.0
Unknown,RS,2017-05,546.0699999999999,6,3.5
Unknown,RS,2017-06,780.85,6,3.625
Unknown,RS,2017-07,505.0,7,3.5
Unknown,RS,2017-08,703.48,5,2.5
Unknown,RS,2017-09,141.95,2,1.0
Unknown,RS,2017-10,7864.530000000001,5,1.0
Unknown,RS,2017-11,1693.0,8,2.142857142857143
Unknown,RS,2017-12,1353.98,9,4.375
Unknown,RS,2018-01,1096.63,9,3.5555555555555554
Unknown,RS,2018-02,1240.33,9,3.888888888888889
Unknown,RS,2018-03,2880.88,18,3.6
Unknown,RS,2018-04,487.4,5,5.0
Unknown,RS,2018-05,1503.84,6,4.428571428571429
Unknown,RS,2018-06,154.53,1,1.0
Unknown,RS,2018-07,370.87,3,2.3333333333333335
Unknown,RS,2018-08,875.25,7,3.5
Unknown,SC,2016-10,76.19,1,1.0
Unknown,SC,2017-01,232.92000000000002,2,2.3333333333333335
Unknown,SC,2017-02,24.52,1,1.0
Unknown,SC,2017-03,4325.72,3,2.0
Unknown,SC,2017-04,90.94,2,4.25
Unknown,SC,2017-05,556.12,4,4.5
Unknown,SC,2017-06,134.95,2,4.0
Unknown,SC,2017-07,96.22,1,5.0
Unknown,SC,2017-08,226.31,3,3.6666666666666665
Unknown,SC,2017-09,233.71,2,3.0
Unknown,SC,2017-10,469.13,5,2.0
Unknown,SC,2017-11,1720.57,13,2.230769230769231
Unknown,SC,2017-12,318.95,3,3.3333333333333335
Unknown,SC,2018-01,1858.96,14,2.933333333333333
Unknown,SC,2018-02,693.0,5,4.4
Unknown,SC,2018-03,1123.56,9,3.4444444444444446
Unknown,SC,2018-04,1122.43,5,4.0
Unknown,SC,2018-05,271.54,2,4.0
Unknown,SC,2018-06,585.39,1,4.0
Unknown,SC,2018-07,454.46000000000004,4,3.75
Unknown,SC,2018-08,6638.34,4,2.5
Unknown,SC,2018-09,414.04,1,1.0
Unknown,SE,2017-02,152.47,1,5.0
Unknown,SE,2017-03,1746.55,2,1.0
Unknown,SE,2017-07,61.11,1,1.0
Unknown,SE,2017-11,61.79,1,5.0
Unknown,SE,2018-01,70.57,1,5.0
Unknown,SE,2018-07,344.48,1,1.0
Unknown,SP,2016-09,40.95,1,1.0
Unknown,SP,2016-10,423.75,5,2.0
Unknown,SP,2017-01,1425.0,9,3.111111111111111
Unknown,SP,2017-02,5548.64,45,3.4
Unknown,SP,2017-03,12693.55,42,3.6458333333333335
Unknown,SP,2017-04,8191.95,27,3.7027027027027026
Unknown,SP,2017-05,5946.54,43,3.1
Unknown,SP,2017-06,8855.4,39,2.8297872340425534
Unknown,SP,2017-07,5625.47,49,3.029850746268657
Unknown,SP,2017-08,5867.43,54,3.2567567567567566
Unknown,SP,2017-09,9803.01,49,3.457627118644068
Unknown,SP,2017-10,13405.04,51,2.508771929824561
Unknown,SP,2017-11,11469.56,95,2.9238095238095236
Unknown,SP,2017-12,14726.880000000001,80,2.802197802197802
Unknown,SP,2018-01,20572.43,107,2.953488372093023
Unknown,SP,2018-02,7747.54,50,3.4814814814814814
Unknown,SP,2018-03,9892.64,54,3.9661016949152543
Unknown,SP,2018-04,5319.59,34,3.675675675675676
Unknown,SP,2018-05,2623.21,23,2.8333333333333335
Unknown,SP,2018-06,1881.57,19,3.65
Unknown,SP,2018-07,9504.19,35,3.2051282051282053
Unknown,SP,2018-08,8405.21,50,2.8823529411764706
Unknown,SP,2018-09,3036.45,7,2.5
Unknown,SP,2018-10,287.26,2,1.0
Unknown,TO,2017-03,96.98,1,1.0
Unknown,TO,2017-04,52.78,1,5.0
Unknown,TO,2017-06,306.76,1,4.0
Unknown,TO,2017-09,130.91,1,3.0
Unknown,TO,2017-10,319.09,1,5.0
agro_industry_and_commerce,AL,2018-04,1518.55,1,1.0
agro_industry_and_commerce,AP,2017-05,657.61,1,5.0
agro_industry_and_commerce,BA,2017-11,1720.8,1,4.0
agro_industry_and_commerce,BA,2018-04,499.64,1,5.0
agro_industry_and_commerce,BA,2018-08,2268.88,1,2.0
agro_industry_and_commerce,CE,2018-02,2280.75,1,5.0
agro_industry_and_commerce,CE,2018-06,168.05,1,5.0
agro_industry_and_commerce,ES,2017-10,61.93,1,5.0
agro_industry_and_commerce,ES,2017-11,425.24,1,1.0
agro_industry_and_commerce,GO,2017-02,39.77,1,3.0
agro_industry_and_commerce,GO,2018-02,499.69,1,4.0
agro_industry_and_commerce,GO,2018-03,1889.93,2,2.3333333333333335
agro_industry_and_commerce,GO,2018-06,585.32,1,1.0
agro_industry_and_commerce,GO,2018-07,405.69,1,4.0
agro_industry_and_commerce,MA,2018-07,614.63,1,1.0
agro_industry_and_commerce,MG,2017-02,36.51,1,3.0
agro_industry_and_commerce,MG,2017-09,1694.64,1,4.0
agro_industry_and_commerce,MG,2017-11,36489.24,1,1.0
agro_industry_and_commerce,MG,2017-12,442.26,1,5.0
agro_industry_and_commerce,MG,2018-01,442.26,1,5.0
agro_industry_and_commerce,MG,2018-02,673.3,3,5.0
agro_industry_and_commerce,MG,2018-04,433.46,1,5.0
agro_industry_and_commerce,MG,2018-07,1662.58,3,3.25
agro_industry_and_commerce,MG,2018-08,2142.4700000000003,2,4.5
agro_industry_and_commerce,MS,2017-02,151.91,2,3.5
agro_industry_and_commerce,MS,2018-02,442.26,1,5.0
agro_industry_and_commerce,MT,2018-02,445.32,1,4.0
agro_industry_and_commerce,MT,2018-06,191.13,1,5.0
agro_industry_and_commerce,PA,2018-01,465.23,1,5.0
agro_industry_and_commerce,PA,2018-07,821.93,1,4.0
agro_industry_and_commerce,PB,2017-05,81.21,1,4.0
agro_industry_and_commerce,PB,2018-07,515.08,1,1.0
agro_industry_and_commerce,PE,2017-10,948.35,1,5.0
agro_industry_and_commerce,PE,2017-11,3184.55,1,2.0
agro_industry_and_commerce,PE,2017-12,485.76,1,5.0
agro_industry_and_commerce,PE,2018-01,997.37,1,5.0
agro_industry_and_commerce,PE,2018-02,472.67,1,4.0
agro_industry_and_commerce,PI,2017-01,46.34,1,5.0
agro_industry_and_commerce,PI,2017-12,301.76,1,3.0
agro_industry_and_commerce,PI,2018-07,80.92,1,4.0
agro_industry_and_commerce,PR,2017-03,74.17,1,1.0
agro_industry_and_commerce,PR,2017-05,957.15,1,5.0
agro_industry_and_commerce,PR,2017-06,1422.05,1,1.0
agro_industry_and_commerce,PR,2017-11,435.59,1,5.0
agro_industry_and_commerce,PR,2018-01,466.1,2,4.5
agro_industry_and_commerce,PR,2018-02,429.09,1,4.0
agro_industry_and_commerce,PR,2018-04,432.4,1,5.0
agro_industry_and_commerce,PR,2018-05,453.53,1,4.0
agro_industry_and_commerce,PR,2018-06,53.35,1,5.0
agro_industry_and_commerce,PR,2018-07,514.11,1,3.0
agro_industry_and_commerce,PR,2018-08,47.62,1,5.0
agro_industry_and_commerce,RJ,2017-02,72.2,2,4.75
agro_industry_and_commerce,RJ,2017-03,36.52,1,3.0
agro_industry_and_commerce,RJ,2017-09,854.33,1,1.0
agro_industry_and_commerce,RJ,2017-11,1413.17,2,3.5
agro_industry_and_commerce,RJ,2017-12,2315.83,1,5.0
agro_industry_and_commerce,RJ,2018-01,866.68,2,5.0
agro_industry_and_commerce,RJ,2018-02,1933.2,4,2.25
agro_industry_and_commerce,RJ,2018-03,1256.0,5,4.947368421052632
agro_industry_and_commerce,RJ,2018-05,723.16,2,4.5
agro_industry_and_commerce,RJ,2018-07,356.6,4,3.75
agro_industry_and_commerce,RJ,2018-08,28.22,1,4.0
agro_industry_and_commerce,RO,2017-08,898.4,1,5.0
agro_industry_and_commerce,RS,2017-10,37.1,1,5.0
agro_industry_and_commerce,RS,2017-11,442.75,1,5.0
agro_industry_and_commerce,RS,2018-01,243.35,1,5.0
agro_industry_and_commerce,RS,2018-03,961.96,1,5.0
agro_industry_and_commerce,RS,2018-04,100.12,1,5.0
agro_industry_and_commerce,RS,2018-05,76.56,1,5.0
agro_industry_and_commerce,RS,2018-06,517.7,1,5.0
agro_industry_and_commerce,RS,2018-07,975.56,2,4.0
agro_industry_and_commerce,SC,2018-04,693.35,2,4.5
agro_industry_and_commerce,SC,2018-07,458.36,1,4.0
agro_industry_and_commerce,SP,2017-01,122.84,1,4.0
agro_industry_and_commerce,SP,2017-02,30.71,1,5.0
agro_industry_and_commerce,SP,2017-05,67.77,1,5.0
agro_industry_and_commerce,SP,2017-07,1199.47,1,5.0
agro_industry_and_commerce,SP,2017-09,418.04,1,4.0
agro_industry_and_commerce,SP,2017-10,2511.0499999999997,2,3.0
agro_industry_and_commerce,SP,2017-11,1767.08,5,3.8
agro_industry_and_commerce,SP,2017-12,3250.55,5,4.714285714285714
agro_industry_and_commerce,SP,2018-01,3281.0,7,3.857142857142857
agro_industry_and_commerce,SP,2018-02,3687.62,8,4.774193548387097
agro_industry_and_commerce,SP,2018-03,3656.46,17,4.15
agro_industry_and_commerce,SP,2018-04,1106.1399999999999,5,3.6
agro_industry_and_commerce,SP,2018-05,2179.9700000000003,4,4.5
agro_industry_and_commerce,SP,2018-06,2327.5,5,4.2
agro_industry_and_commerce,SP,2018-07,2422.93,13,4.642857142857143
agro_industry_and_commerce,SP,2018-08,2870.21,9,3.8333333333333335
air_conditioning,AL,2018-07,643.89,1,5.0
air_conditioning,AM,2017-04,114.11,1,5.0
air_conditioning,BA,2017-02,436.52,2,1.0
air_conditioning,BA,2017-03,82.25,1,5.0
air_conditioning,BA,2017-09,200.36,1,5.0
air_conditioning,BA,2018-02,207.67,1,4.0
air_conditioning,BA,2018-06,53.15,1,5.0
air_conditioning,CE,2017-08,209.94,1,5.0
air_conditioning,CE,2017-10,327.31,1,1.0
air_conditioning,DF,2018-02,215.15,1,4.0
air_conditioning,DF,2018-03,156.99,1,5.0
air_conditioning,DF,2018-05,162.47,1,4.0
air_conditioning,ES,2017-02,423.02,2,1.0
air_conditioning,ES,2017-03,111.37,1,4.0
air_conditioning,ES,2017-09,118.93,1,4.0
air_conditioning,ES,2018-01,216.15,1,4.0
air_conditioning,ES,2018-03,156.99,1,4.0
air_conditioning,GO,2017-05,706.16,3,4.5
air_conditioning,GO,2018-08,668.22,3,3.3333333333333335
air_conditioning,MA,2017-11,222.71,1,5.0
air_conditioning,MG,2016-10,319.0,1,1.0
air_conditioning,MG,2017-02,418.6,2,2.5
air_conditioning,MG,2017-03,889.8,1,5.0
air_conditioning,MG,2017-04,739.3399999999999,3,4.666666666666667
air_conditioning,MG,2017-06,112.82,1,3.0
air_conditioning,MG,2017-08,146.01999999999998,1,5.0
air_conditioning,MG,2017-10,94.31,1,5.0
air_conditioning,MG,2017-11,231.34,1,3.0
air_conditioning,MG,2018-02,41.0,1,5.0
air_conditioning,MG,2018-04,1087.29,3,5.0
air_conditioning,MG,2018-07,164.84,1,5.0
air_conditioning,MG,2018-08,2013.94,2,3.0
air_conditioning,MT,2017-12,217.96,1,4.0
air_conditioning,MT,2018-01,206.76,1,1.0
air_conditioning,MT,2018-07,699.98,1,5.0
air_conditioning,PB,2018-03,86.75,1,5.0
air_conditioning,PE,2017-04,125.25,1,1.0
air_conditioning,PE,2018-04,224.9,1,1.0
air_conditioning,PI,2017-11,134.5,1,5.0
air_conditioning,PI,2018-04,486.49,2,4.0
air_conditioning,PR,2017-03,187.24,1,5.0
air_conditioning,PR,2017-04,71.71,1,4.0
air_conditioning,PR,2017-10,791.9200000000001,1,3.0
air_conditioning,PR,2018-01,633.9399999999999,3,4.666666666666667
air_conditioning,PR,2018-03,899.48,1,3.0
air_conditioning,PR,2018-04,48.37,1,5.0
air_conditioning,PR,2018-05,220.82,1,1.0
air_conditioning,PR,2018-06,1638.72,1,5.0
air_conditioning,RJ,2017-01,233.97,1,3.0
air_conditioning,RJ,2017-02,876.34,2,3.6666666666666665
air_conditioning,RJ,2017-03,1256.09,2,4.5
air_conditioning,RJ,2017-04,1461.52,2,4.333333333333333
air_conditioning,RJ,2017-05,184.99,1,5.0
air_conditioning,RJ,2017-06,1226.47,4,4.0
air_conditioning,RJ,2017-07,1323.1,3,5.0
air_conditioning,RJ,2017-08,6184.4,3,4.666666666666667
air_conditioning,RJ,2017-09,1232.07,3,5.0
air_conditioning,RJ,2017-10,171.84,1,5.0
air_conditioning,RJ,2017-11,722.85,3,3.0
air_conditioning,RJ,2017-12,315.9,1,4.0
air_conditioning,RJ,2018-01,4873.889999999999,7,3.7
air_conditioning,RJ,2018-02,316.19,2,3.0
air_conditioning,RJ,2018-03,990.07,9,3.2222222222222223
air_conditioning,RJ,2018-04,1034.42,3,5.0
air_conditioning,RJ,2018-05,445.04,4,4.0
air_conditioning,RJ,2018-06,121.58000000000001,2,5.0
air_conditioning,RJ,2018-07,549.88,4,4.0
air_conditioning,RJ,2018-08,669.1200000000001,3,4.5
air_conditioning,RS,2016-10,802.6,1,1.0
air_conditioning,RS,2017-03,302.12,1,5.0
air_conditioning,RS,2017-06,38.47,1,5.0
air_conditioning,RS,2017-07,26.0,1,1.0
air_conditioning,RS,2017-08,138.16,1,4.0
air_conditioning,RS,2017-11,329.38,1,5.0
air_conditioning,RS,2018-04,296.49,3,5.0
air_conditioning,RS,2018-05,1096.79,2,5.0
air_conditioning,RS,2018-07,146.35,1,5.0
air_conditioning,SC,2016-10,2707.68,1,5.0
air_conditioning,SP,2016-10,846.15,2,5.0
air_conditioning,SP,2017-01,869.8199999999999,2,3.6666666666666665
air_conditioning,SP,2017-02,1285.23,4,4.0
air_conditioning,SP,2017-03,1712.75,9,4.1
air_conditioning,SP,2017-04,835.38,6,5.0
air_conditioning,SP,2017-05,509.64,3,3.6666666666666665
air_conditioning,SP,2017-06,2253.26,3,4.2
air_conditioning,SP,2017-07,144.03,1,1.0
air_conditioning,SP,2017-08,977.17,6,4.6
air_conditioning,SP,2017-09,348.97,3,2.6666666666666665
air_conditioning,SP,2017-10,3312.2400000000002,5,4.285714285714286
air_conditioning,SP,2017-11,5172.72,9,4.0
air_conditioning,SP,2017-12,188.48,1,5.0
air_conditioning,SP,2018-01,2196.04,10,4.538461538461538
air_conditioning,SP,2018-02,2738.94,6,4.714285714285714
air_conditioning,SP,2018-03,1427.6299999999999,11,3.727272727272727
air_conditioning,SP,2018-04,1132.28,9,4.666666666666667
air_conditioning,SP,2018-05,1005.27,6,4.166666666666667
air_conditioning,SP,2018-06,12109.59,5,1.9090909090909092
air_conditioning,SP,2018-07,1496.4,7,3.625
air_conditioning,SP,2018-08,2168.45,9,4.0
art,AM,2018-05,90.68,1,5.0
art,AP,2018-04,70.38,1,
art,AP,2018-06,157.46,1,5.0
art,BA,2017-04,147.17,1,4.0
art,BA,2017-10,138.41,1,5.0
art,BA,2018-02,134.64,1,5.0
art,BA,2018-05,394.38,4,3.25
art,BA,2018-07,296.65,3,4.0
art,DF,2017-03,74.64,2,4.5
art,DF,2017-07,249.16,1,5.0
art,DF,2018-06,87.16,1,5.0
art,DF,2018-07,123.49,1,5.0
art,DF,2018-08,406.95,1,1.0
art,ES,2017-12,76.79,1,5.0
art,GO,2017-03,136.8,1,5.0
art,GO,2018-05,246.54,2,3.5
art,GO,2018-07,123.49,1,5.0
art,MG,2017-05,138.36,1,5.0
art,MG,2017-07,123.79,1,4.0
art,MG,2017-08,70.53,1,5.0
art,MG,2017-11,92.78,1,5.0
art,MG,2018-04,201.54,2,5.0
art,MG,2018-05,311.53999999999996,4,4.5
art,MG,2018-06,196.89,2,5.0
art,MG,2018-07,307.48,3,5.0
art,MG,2018-08,257.05,3,4.666666666666667
art,MS,2018-01,151.39,1,3.0
art,MT,2018-08,97.43,1,5.0
art,PA,2017-05,107.35,1,5.0
art,PA,2018-07,142.97,1,3.0
art,PB,2018-02,154.18,1,1.0
art,PE,2018-02,144.22,1,5.0
art,PI,2018-02,616.72,1,4.0
art,PR,2017-05,50.98,1,1.0
art,PR,2018-01,161.46,1,5.0
art,PR,2018-02,61.5,1,5.0
art,PR,2018-04,103.13,1,5.0
art,PR,2018-05,112.33,1,5.0
art,PR,2018-06,176.92000000000002,2,5.0
art,PR,2018-07,123.49,1,5.0
art,PR,2018-08,176.59,1,4.0
art,RJ,2017-03,65.84,1,1.0
art,RJ,2017-05,84.49,1,5.0
art,RJ,2017-08,126.53,1,3.0
art,RJ,2017-10,262.04,2,4.5
art,RJ,2018-01,672.14,4,4.25
art,RJ,2018-02,266.85,2,5.0
art,RJ,2018-03,162.03,1,4.0
art,RJ,2018-04,579.5,6,4.5
art,RJ,2018-05,586.38,6,3.2857142857142856
art,RJ,2018-06,521.39,4,4.5
art,RJ,2018-07,370.47,3,3.0
art,RJ,2018-08,93.28,1,5.0
art,RN,2018-04,137.1,1,3.0
art,RO,2017-06,95.53,1,5.0
art,RO,2018-05,157.24,1,4.0
art,RS,2017-08,60.0,1,5.0
art,RS,2017-09,66.25,1,4.0
art,RS,2018-01,85.24,1,1.0
art,RS,2018-02,51.6,1,1.0
art,RS,2018-03,75.44,1,1.0
art,RS,2018-06,236.60000000000002,2,4.0
art,RS,2018-08,234.74,2,5.0
art,SC,2017-05,245.89,2,5.0
art,SC,2018-03,79.98,1,3.0
art,SC,2018-04,233.22,3,4.666666666666667
art,SP,2017-03,43.56,1,5.0
art,SP,2017-05,6738.88,2,5.0
art,SP,2017-06,2268.46,4,1.7272727272727273
art,SP,2017-07,51.95,1,4.0
art,SP,2017-08,60.0,1,4.0
art,SP,2017-09,369.6,2,3.0
art,SP,2017-12,114.97,2,5.0
art,SP,2018-01,1902.52,12,3.3333333333333335
art,SP,2018-02,439.48,4,3.25
art,SP,2018-03,301.91999999999996,4,4.25
art,SP,2018-04,1298.17,12,4.454545454545454
art,SP,2018-05,1494.43,16,4.0
art,SP,2018-06,1701.08,16,4.0
art,SP,2018-07,777.69,8,3.25
art,SP,2018-08,845.04,9,3.9
arts_and_craftmanship,DF,2018-07,151.7,1,1.0
arts_and_craftmanship,MG,2017-05,73.07,1,5.0
arts_and_craftmanship,MG,2017-07,145.56,1,5.0
arts_and_craftmanship,MG,2018-04,34.22,1,4.0
arts_and_craftmanship,MG,2018-07,77.5,1,5.0
arts_and_craftmanship,MG,2018-08,340.41,2,5.0
arts_and_craftmanship,SC,2018-08,314.32,1,5.0
arts_and_craftmanship,SP,2018-05,101.05,1,4.0
arts_and_craftmanship,SP,2018-07,674.02,8,3.7777777777777777
arts_and_craftmanship,SP,2018-08,414.32,6,4.333333333333333
audio,AL,2017-03,99.6,1,1.0
audio,AL,2017-07,266.92,1,
audio,AL,2017-09,110.42,1,5.0
audio,AL,2017-11,36.05,1,5.0
audio,AL,2018-05,162.29,1,3.0
audio,AM,2017-04,114.53,1,5.0
audio,BA,2017-05,117.93,1,5.0
audio,BA,2017-06,106.06,1,5.0
audio,BA,2017-09,137.18,1,2.0
audio,BA,2017-10,76.38,2,2.0
audio,BA,2017-11,131.39999999999998,2,1.0
audio,BA,2018-01,142.25,2,3.5
audio,BA,2018-05,648.77,2,4.5
audio,BA,2018-06,31.96,1,1.0
audio,BA,2018-08,303.66,2,5.0
audio,CE,2018-04,540.18,1,5.0
audio,CE,2018-06,249.15,2,5.0
audio,CE,2018-07,257.44,1,5.0
audio,CE,2018-08,33.94,1,5.0
audio,DF,2017-09,95.31,1,1.0
audio,DF,2017-10,85.99,1,3.0
audio,DF,2017-11,34.0,1,5.0
audio,DF,2017-12,74.16,1,5.0
audio,DF,2018-01,392.16999999999996,3,5.0
audio,DF,2018-03,808.87,4,3.0
audio,DF,2018-04,30.13,1,5.0
audio,DF,2018-06,638.11,2,4.5
audio,DF,2018-07,133.57,1,5.0
audio,DF,2018-08,30.13,1,2.0
audio,ES,2017-03,95.25,1,5.0
audio,ES,2017-06,479.28999999999996,3,3.0
audio,ES,2017-11,29.0,1,3.0
audio,ES,2018-02,239.07,2,3.5
audio,ES,2018-03,628.59,4,3.4
audio,ES,2018-04,30.13,1,4.0
audio,ES,2018-06,30.13,1,5.0
audio,GO,2017-03,52.77,1,1.0
audio,GO,2017-09,115.94,1,5.0
audio,GO,2017-10,104.37,1,3.0
audio,GO,2018-02,608.88,1,4.0
audio,GO,2018-03,1508.18,3,3.3333333333333335
audio,MA,2017-05,124.33,1,4.0
audio,MA,2017-12,636.98,1,5.0
audio,MA,2018-06,97.66,1,5.0
audio,MG,2017-02,105.91,2,4.5
audio,MG,2017-03,374.88,1,4.0
audio,MG,2017-04,89.7,1,1.0
audio,MG,2017-05,513.88,3,5.0
audio,MG,2017-07,115.94,1,5.0
audio,MG,2017-08,103.37,1,3.0
audio,MG,2017-09,104.37,1,5.0
audio,MG,2017-10,203.52,3,2.3333333333333335
audio,MG,2017-11,349.36,3,5.0
audio,MG,2017-12,156.18,2,5.0
audio,MG,2018-01,240.07,2,5.0
audio,MG,2018-03,1672.71,4,2.75
audio,MG,2018-04,2125.1,5,3.8333333333333335
audio,MG,2018-05,30.13,1,4.0
audio,MG,2018-06,30.13,1,1.0
audio,MG,2018-07,621.28,1,5.0
audio,MG,2018-08,30.13,1,4.0
audio,MS,2017-11,206.99,1,5.0
audio,MT,2018-02,192.67,1,1.0
audio,MT,2018-03,491.98,1,5.0
audio,MT,2018-06,36.96,1,5.0
audio,MT,2018-07,36.96,1,2.0
audio,PA,2018-03,608.67,1,1.0
audio,PB,2017-04,103.55,1,2.0
audio,PE,2017-03,288.12,2,5.0
audio,PE,2017-10,156.09,1,4.0
audio,PE,2017-12,98.23,1,5.0
audio,PI,2017-03,217.59,1,5.0
audio,PI,2018-01,54.05,1,3.0
audio,PI,2018-04,37.75,1,5.0
audio,PI,2018-07,37.75,1,5.0
audio,PR,2017-04,144.98,1,3.0
audio,PR,2017-05,253.51,2,4.5
audio,PR,2017-07,45.0,1,5.0
audio,PR,2017-08,44.0,1,5.0
audio,PR,2017-09,145.56,1,3.0
audio,PR,2017-11,34.0,1,2.0
audio,PR,2018-01,413.48,1,5.0
audio,PR,2018-02,190.98,1,5.0
audio,PR,2018-03,612.01,1,5.0
audio,PR,2018-04,1042.74,2,3.0
audio,PR,2018-05,107.4,2,3.0
audio,PR,2018-07,30.13,1,4.0
audio,PR,2018-08,426.78000000000003,2,5.0
audio,RJ,2016-10,147.08,1,5.0
audio,RJ,2017-02,44.01,1,5.0
audio,RJ,2017-03,139.14,1,1.0
audio,RJ,2017-05,95.31,1,5.0
audio,RJ,2017-06,285.64,1,5.0
audio,RJ,2017-08,740.8199999999999,2,4.5
audio,RJ,2017-10,736.4300000000001,6,4.0
audio,RJ,2017-11,1139.55,7,4.142857142857143
audio,RJ,2017-12,269.28,2,1.6666666666666667
audio,RJ,2018-01,681.0799999999999,3,3.6666666666666665
audio,RJ,2018-02,999.8899999999999,3,1.6666666666666667
audio,RJ,2018-03,1616.8300000000002,6,1.8333333333333333
audio,RJ,2018-04,2165.95,5,3.5
audio,RJ,2018-05,193.79,2,3.0
audio,RJ,2018-06,228.82999999999998,3,4.5
audio,RJ,2018-07,875.27,4,4.75
audio,RJ,2018-08,1278.96,6,3.6666666666666665
audio,RN,2018-01,224.12,1,5.0
audio,RS,2017-02,97.93,2,2.0
audio,RS,2017-05,199.57999999999998,2,4.5
audio,RS,2017-06,391.01,2,4.5
audio,RS,2017-10,318.42,2,3.0
audio,RS,2017-11,300.99,4,3.8
audio,RS,2018-03,488.15,1,3.0
audio,RS,2018-05,33.13,1,1.0
audio,RS,2018-06,608.2,1,5.0
audio,RS,2018-07,75.4,1,5.0
audio,SC,2017-04,93.31,1,2.0
audio,SC,2017-05,104.28,1,1.0
audio,SC,2017-08,128.0,1,1.5
audio,SC,2017-09,247.35999999999999,1,5.0
audio,SC,2017-11,206.99,1,5.0
audio,SC,2017-12,617.93,1,5.0
audio,SC,2018-01,83.22,1,5.0
audio,SC,2018-03,194.11,1,3.0
audio,SC,2018-05,209.97,1,2.0
audio,SC,2018-06,73.38,1,5.0
audio,SP,2016-10,35.95,1,5.0
audio,SP,2017-03,347.06,5,4.6
audio,SP,2017-04,962.44,4,4.428571428571429
audio,SP,2017-05,924.37,6,3.8333333333333335
audio,SP,2017-06,556.24,4,3.75
audio,SP,2017-07,455.37,4,3.75
audio,SP,2017-08,194.25,2,4.0
audio,SP,2017-09,235.65,3,5.0
audio,SP,2017-10,1047.53,16,3.875
audio,SP,2017-11,2318.33,11,2.933333333333333
audio,SP,2017-12,1088.36,9,4.111111111111111
audio,SP,2018-01,2209.6899999999996,11,3.727272727272727
audio,SP,2018-02,807.0899999999999,7,3.857142857142857
audio,SP,2018-03,2826.85,6,3.5
audio,SP,2018-04,3135.95,14,4.357142857142857
audio,SP,2018-05,1842.2,10,4.5
audio,SP,2018-06,264.14,5,4.2
audio,SP,2018-07,385.78,10,4.2727272727272725
audio,SP,2018-08,611.4,11,4.714285714285714
audio,TO,2018-03,212.92,1,1.0
auto,AC,2017-10,403.5,2,4.333333333333333
auto,AC,2017-11,258.40999999999997,2,2.5
auto,AL,2016-10,76.6,1,4.0
auto,AL,2017-02,126.71,1,4.0
auto,AL,2017-03,157.7,1,5.0
auto,AL,2017-05,1396.1100000000001,2,4.0
auto,AL,2017-09,149.56,1,1.0
auto,AL,2017-10,1049.59,2,4.666666666666667
auto,AL,2017-11,137.65,1,3.0
auto,AL,2017-12,42.67,1,5.0
auto,AL,2018-01,171.84,1,1.0
auto,AL,2018-02,1418.34,2,4.0
auto,AL,2018-03,115.24,1,5.0
auto,AL,2018-04,79.34,1,5.0
auto,AL,2018-06,64.63,1,5.0
auto,AL,2018-07,556.68,3,4.333333333333333
auto,AL,2018-08,276.87,2,3.0
auto,AM,2017-09,58.67,1,2.0
auto,AM,2018-04,264.18,1,5.0
auto,AM,2018-07,1530.4,2,5.0
auto,AP,2017-12,266.69,1,4.0
auto,AP,2018-06,90.46,1,4.0
auto,AP,2018-07,1049.53,1,3.0
auto,BA,2017-01,114.1,1,4.0
auto,BA,2017-02,926.36,4,5.0
auto,BA,2017-03,1992.1200000000001,4,3.75
auto,BA,2017-04,1016.71,5,3.8
auto,BA,2017-05,1240.37,6,3.2857142857142856
auto,BA,2017-06,4990.74,3,3.0
auto,BA,2017-07,371.42,5,3.8
auto,BA,2017-08,1177.3700000000001,3,3.6666666666666665
auto,BA,2017-09,524.48,4,4.5
auto,BA,2017-10,529.14,4,3.5
auto,BA,2017-11,424.08,5,4.4
auto,BA,2017-12,1274.25,8,4.6923076923076925
auto,BA,2018-01,1921.31,11,3.1
auto,BA,2018-02,1410.0600000000002,7,3.2857142857142856
auto,BA,2018-03,3644.0099999999998,16,3.388888888888889
auto,BA,2018-04,2022.94,12,2.5384615384615383
auto,BA,2018-05,1467.81,13,3.2857142857142856
auto,BA,2018-06,4410.96,10,2.8461538461538463
auto,BA,2018-07,7441.37,19,4.2105263157894735
auto,BA,2018-08,803.02,8,4.125
auto,CE,2016-10,594.46,1,5.0
auto,CE,2017-02,196.88,1,5.0
auto,CE,2017-05,50.25,1,1.0
auto,CE,2017-06,50.53,1,3.0
auto,CE,2017-07,361.94,3,4.666666666666667
auto,CE,2017-08,106.25,2,5.0
auto,CE,2017-09,6097.7699999999995,2,1.8
auto,CE,2017-10,1013.1899999999999,4,3.8
auto,CE,2017-11,837.07,6,3.7142857142857144
auto,CE,2017-12,745.11,2,2.5
auto,CE,2018-01,446.68,2,4.0
auto,CE,2018-02,827.76,6,2.1666666666666665
auto,CE,2018-03,2452.4700000000003,7,2.5714285714285716
auto,CE,2018-04,1662.88,4,4.5
auto,CE,2018-05,102.38,1,4.0
auto,CE,2018-06,2380.05,4,2.6
auto,CE,2018-07,421.12,2,5.0
auto,CE,2018-08,892.79,5,4.6
auto,DF,2017-02,394.87,2,5.0
auto,DF,2017-03,886.34,1,5.0
auto,DF,2017-04,189.62,2,4.0
auto,DF,2017-05,101.14,2,3.5
auto,DF,2017-06,208.85,2,3.0
auto,DF,2017-07,781.76,3,4.0
auto,DF,2017-08,783.95,6,4.0
auto,DF,2017-09,270.03000000000003,4,3.75
auto,DF,2017-10,860.45,5,3.2222222222222223
auto,DF,2017-11,896.15,6,4.0
auto,DF,2017-12,711.09,6,4.833333333333333
auto,DF,2018-01,1764.37,9,4.777777777777778
auto,DF,2018-02,2284.63,8,4.222222222222222
auto,DF,2018-03,1589.35,11,3.727272727272727
auto,DF,2018-04,2183.99,11,4.461538461538462
auto,DF,2018-05,2681.5,8,3.875
auto,DF,2018-06,2233.71,5,3.0
auto,DF,2018-07,2692.76,8,4.125
auto,DF,2018-08,334.82,5,4.8
auto,ES,2017-02,245.68,1,
auto,ES,2017-03,86.18,1,5.0
auto,ES,2017-04,345.95000000000005,2,2.5
auto,ES,2017-05,2161.41,6,4.818181818181818
auto,ES,2017-06,126.76,1,5.0
auto,ES,2017-07,158.79,2,3.5
auto,ES,2017-08,311.44,3,4.666666666666667
auto,ES,2017-09,476.5,3,4.333333333333333
auto,ES,2017-10,317.09000000000003,4,4.5
auto,ES,2017-11,475.9,4,4.5
auto,ES,2017-12,1388.8100000000002,6,3.5
auto,ES,2018-01,1795.45,8,3.0
auto,ES,2018-02,1206.14,5,5.0
auto,ES,2018-03,418.12,3,1.6666666666666667
auto,ES,2018-04,982.51,6,2.8333333333333335
auto,ES,2018-05,247.14999999999998,2,4.5
auto,ES,2018-06,2795.45,8,3.111111111111111
auto,ES,2018-07,1133.05,10,4.2727272727272725
auto,ES,2018-08,1724.31,7,4.625
auto,GO,2017-01,135.3,1,1.0
auto,GO,2017-02,173.09,1,5.0
auto,GO,2017-03,1239.94,1,5.0
auto,GO,2017-04,39.04,1,3.0
auto,GO,2017-05,1618.0700000000002,4,3.5
auto,GO,2017-06,382.48,3,4.0
auto,GO,2017-08,45395.98,2,5.0
auto,GO,2017-09,272.94,2,5.0
auto,GO,2017-10,593.12,2,4.5
auto,GO,2017-11,489.03999999999996,2,4.0
auto,GO,2017-12,490.93,6,3.8333333333333335
auto,GO,2018-01,319.09000000000003,4,3.6
auto,GO,2018-02,982.04,6,3.6666666666666665
auto,GO,2018-03,730.61,6,3.0
auto,GO,2018-04,984.7199999999999,7,4.714285714285714
auto,GO,2018-05,828.75,5,4.6
auto,GO,2018-06,1570.8700000000001,8,3.875
auto,GO,2018-07,652.32,4,4.4
auto,GO,2018-08,903.4,10,4.5
auto,MA,2017-01,74.11,1,5.0
auto,MA,2017-03,49.55,1,1.0
auto,MA,2017-04,700.19,2,5.0
auto,MA,2017-05,315.99,2,4.5
auto,MA,2017-07,183.84,1,3.0
auto,MA,2017-08,170.2,2,5.0
auto,MA,2017-11,954.2,2,3.6666666666666665
auto,MA,2017-12,501.26,3,3.3333333333333335
auto,MA,2018-01,374.15999999999997,3,3.6666666666666665
auto,MA,2018-02,803.78,5,3.2
auto,MA,2018-03,593.81,3,2.0
auto,MA,2018-04,272.9,2,4.5
auto,MA,2018-06,595.38,5,4.0
auto,MA,2018-07,1147.48,1,5.0
auto,MA,2018-08,854.6,5,4.8
auto,MG,2016-10,66.03,1,1.0
auto,MG,2017-01,1206.79,4,4.75
auto,MG,2017-02,4025.18,13,4.235294117647059
auto,MG,2017-03,3476.09,11,4.461538461538462
auto,MG,2017-04,9397.83,7,3.0833333333333335
auto,MG,2017-05,4134.7,10,4.125
auto,MG,2017-06,1926.69,7,4.444444444444445
auto,MG,2017-07,2649.83,14,4.352941176470588
auto,MG,2017-08,1950.87,13,3.8666666666666667
auto,MG,2017-09,1805.1000000000001,13,4.6923076923076925
auto,MG,2017-10,4198.99,19,4.3076923076923075
auto,MG,2017-11,2663.15,24,4.208333333333333
auto,MG,2017-12,10357.24,34,3.3181818181818183
auto,MG,2018-01,8193.72,34,4.256410256410256
auto,MG,2018-02,9798.32,41,3.977777777777778
auto,MG,2018-03,6693.89,42,3.4347826086956523
auto,MG,2018-04,5782.21,37,4.2368421052631575
auto,MG,2018-05,7763.14,40,4.219512195121951
auto,MG,2018-06,3819.66,23,4.333333333333333
auto,MG,2018-07,5758.33,38,4.428571428571429
auto,MG,2018-08,7506.95,46,4.352941176470588
auto,MS,2017-08,107.78,1,4.0
auto,MS,2017-10,3210.28,2,4.5
auto,MS,2017-11,24.3,1,5.0
auto,MS,2017-12,840.8299999999999,2,3.6666666666666665
auto,MS,2018-02,330.25,4,3.75
auto,MS,2018-03,843.07,3,2.25
auto,MS,2018-04,277.6,2,4.0
auto,MS,2018-05,39.23,1,5.0
auto,MS,2018-06,2150.9700000000003,3,5.0
auto,MS,2018-07,480.93,3,4.0
auto,MS,2018-08,255.4,2,4.5
auto,MT,2016-10,401.19,1,1.0
auto,MT,2017-02,112.46,1,5.0
auto,MT,2017-04,47.8,1,5.0
auto,MT,2017-05,942.49,2,5.0
auto,MT,2017-06,1247.29,1,5.0
auto,MT,2017-08,7770.4,1,4.0
auto,MT,2017-09,173.85,1,4.0
auto,MT,2017-10,1705.5,3,5.0
auto,MT,2017-11,467.69,4,5.0
auto,MT,2017-12,873.63,4,4.75
auto,MT,2018-01,966.99,6,3.1666666666666665
auto,MT,2018-02,1514.25,7,3.857142857142857
auto,MT,2018-03,571.3299999999999,3,4.333333333333333
auto,MT,2018-04,660.3399999999999,3,5.0
auto,MT,2018-05,250.20999999999998,2,4.5
auto,MT,2018-06,584.74,5,4.333333333333333
auto,MT,2018-07,218.51,1,5.0
auto,MT,2018-08,505.44000000000005,5,4.6
auto,PA,2017-02,707.02,1,1.0
auto,PA,2017-03,1905.17,2,2.0
auto,PA,2017-04,52.34,1,2.0
auto,PA,2017-05,47.33,1,3.0
auto,PA,2017-07,179.35,1,3.0
auto,PA,2017-09,1213.3200000000002,3,3.0
auto,PA,2017-10,400.44,4,3.25
auto,PA,2017-11,238.0,1,5.0
auto,PA,2017-12,829.95,5,3.4
auto,PA,2018-01,1416.39,4,3.5
auto,PA,2018-02,1247.6200000000001,7,4.111111111111111
auto,PA,2018-03,1546.27,5,2.857142857142857
auto,PA,2018-04,68.3,1,5.0
auto,PA,2018-05,269.33,2,4.0
auto,PA,2018-06,351.62,2,5.0
auto,PA,2018-07,1435.56,3,3.0
auto,PA,2018-08,646.78,2,3.6666666666666665
auto,PB,2017-02,89.52,1,5.0
auto,PB,2017-05,113.08,1,5.0
auto,PB,2017-06,120.03999999999999,1,4.0
auto,PB,2017-07,241.07,2,4.5
auto,PB,2017-09,576.49,2,4.5
auto,PB,2017-10,869.09,1,3.0
auto,PB,2017-12,714.48,2,3.3333333333333335
auto,PB,2018-02,111.43,1,5.0
auto,PB,2018-03,227.9,1,4.0
auto,PB,2018-04,190.09,1,1.0
auto,PB,2018-06,119.7,1,4.0
auto,PB,2018-07,702.0699999999999,4,4.5
auto,PB,2018-08,1388.23,4,4.0
auto,PE,2017-02,184.32,1,5.0
auto,PE,2017-03,908.78,5,2.6
auto,PE,2017-04,176.57,2,5.0
auto,PE,2017-05,144.26,1,5.0
auto,PE,2017-06,60.63,1,5.0
auto,PE,2017-07,462.55999999999995,2,3.0
auto,PE,2017-08,291.12,4,5.0
auto,PE,2017-09,445.38,1,1.0
auto,PE,2017-10,460.15,3,4.666666666666667
auto,PE,2017-11,1745.12,7,3.2222222222222223
auto,PE,2017-12,986.33,3,2.0
auto,PE,2018-01,533.54,3,3.3333333333333335
auto,PE,2018-02,1802.78,8,3.75
auto,PE,2018-03,3382.15,10,4.7272727272727275
auto,PE,2018-04,1804.2,9,2.3
auto,PE,2018-05,745.1899999999999,5,3.6
auto,PE,2018-06,291.35,2,5.0
auto,PE,2018-07,1716.4099999999999,10,5.0
auto,PE,2018-08,622.65,5,4.6
auto,PI,2017-04,227.28,1,5.0
auto,PI,2017-05,5445.97,4,3.75
auto,PI,2017-06,291.5,1,5.0
auto,PI,2017-07,1343.6,1,2.0
auto,PI,2017-08,403.05,1,5.0
auto,PI,2017-10,196.21,2,4.5
auto,PI,2017-11,687.88,2,1.0
auto,PI,2018-01,570.72,3,2.3333333333333335
auto,PI,2018-03,1098.13,3,3.6666666666666665
auto,PI,2018-04,7785.36,2,4.0
auto,PI,2018-05,1015.05,2,3.0
auto,PI,2018-06,214.05,1,4.0
auto,PI,2018-07,264.6,2,3.5
auto,PI,2018-08,648.98,3,4.333333333333333
auto,PR,2017-01,1433.45,6,2.5714285714285716
auto,PR,2017-02,3417.21,7,4.111111111111111
auto,PR,2017-04,1047.5800000000002,4,4.0
auto,PR,2017-05,591.65,5,3.8
auto,PR,2017-06,1569.42,6,4.5
auto,PR,2017-07,2039.69,9,3.9
auto,PR,2017-08,847.18,7,4.285714285714286
auto,PR,2017-09,7745.41,2,1.6
auto,PR,2017-10,814.96,6,4.5
auto,PR,2017-11,3278.27,16,3.7058823529411766
auto,PR,2017-12,1317.29,12,3.6153846153846154
auto,PR,2018-01,3340.08,6,3.2
auto,PR,2018-02,3302.53,15,4.0
auto,PR,2018-03,2042.1,15,3.8666666666666667
auto,PR,2018-04,2512.33,18,4.277777777777778
auto,PR,2018-05,4073.51,15,4.166666666666667
auto,PR,2018-06,2345.7000000000003,17,4.476190476190476
auto,PR,2018-07,2795.2,23,4.217391304347826
auto,PR,2018-08,2671.88,20,4.0
auto,RJ,2016-10,24.52,1,5.0
auto,RJ,2017-01,293.73,3,2.0
auto,RJ,2017-02,1712.73,11,4.181818181818182
auto,RJ,2017-03,1374.01,7,3.7142857142857144
auto,RJ,2017-04,3009.14,13,4.153846153846154
auto,RJ,2017-05,2843.9,9,4.0
auto,RJ,2017-06,3274.26,12,3.8
auto,RJ,2017-07,2867.33,8,4.125
auto,RJ,2017-08,1687.2,12,3.8
auto,RJ,2017-09,3734.7400000000002,14,4.470588235294118
auto,RJ,2017-10,3476.85,17,4.315789473684211
auto,RJ,2017-11,10455.18,36,3.642857142857143
auto,RJ,2017-12,5766.91,21,3.272727272727273
auto,RJ,2018-01,3039.51,17,3.35
auto,RJ,2018-02,3444.72,32,3.5757575757575757
auto,RJ,2018-03,5870.32,28,3.4193548387096775
auto,RJ,2018-04,6507.54,46,4.132075471698113
auto,RJ,2018-05,5591.21,37,3.9318181818181817
auto,RJ,2018-06,7344.39,32,4.314285714285714
auto,RJ,2018-07,3688.75,23,4.730769230769231
auto,RJ,2018-08,8088.86,34,4.0285714285714285
auto,RN,2016-10,194.85,1,5.0
auto,RN,2017-02,34.84,1,5.0
auto,RN,2017-03,179.48,1,1.0
auto,RN,2017-05,382.36,2,4.0
auto,RN,2017-10,178.47,1,5.0
auto,RN,2017-12,639.98,1,5.0
auto,RN,2018-03,508.41999999999996,2,4.333333333333333
auto,RN,2018-04,98.38,1,5.0
auto,RN,2018-06,145.35,1,2.0
auto,RN,2018-07,2438.4,4,4.2
auto,RN,2018-08,391.17,2,5.0
auto,RO,2017-02,34.34,1,5.0
auto,RO,2017-05,120.39,1,2.0
auto,RO,2017-07,182.6,1,5.0
auto,RO,2017-08,56.15,1,4.0
auto,RO,2017-11,1071.57,2,4.0
auto,RO,2018-01,163.61,2,4.5
auto,RO,2018-07,90.49,1,5.0
auto,RO,2018-08,245.0,1,4.0
auto,RR,2018-07,257.21,1,5.0
auto,RS,2016-10,918.28,1,1.0
auto,RS,2017-01,401.95,3,3.0
auto,RS,2017-02,260.33,3,4.666666666666667
auto,RS,2017-03,376.66,3,4.0
auto,RS,2017-04,1758.2,6,3.5714285714285716
auto,RS,2017-05,207.01999999999998,2,4.5
auto,RS,2017-06,1284.73,6,4.428571428571429
auto,RS,2017-07,447.71,4,3.75
auto,RS,2017-08,461.33,5,4.6
auto,RS,2017-09,614.21,4,5.0
auto,RS,2017-10,841.08,6,4.0
auto,RS,2017-11,1620.92,6,2.4285714285714284
auto,RS,2017-12,1889.11,7,3.5714285714285716
auto,RS,2018-01,1670.41,13,4.538461538461538
auto,RS,2018-02,3453.73,18,4.25
auto,RS,2018-03,2010.46,10,3.8
auto,RS,2018-04,6560.0199999999995,23,4.222222222222222
auto,RS,2018-05,1379.2,10,4.857142857142857
auto,RS,2018-06,4324.41,16,4.0
auto,RS,2018-07,1873.35,19,4.684210526315789
auto,RS,2018-08,2484.9,11,4.642857142857143
auto,SC,2017-01,274.89,2,4.0
auto,SC,2017-02,58.67,2,4.5
auto,SC,2017-03,453.68,5,3.2
auto,SC,2017-04,680.35,2,4.0
auto,SC,2017-05,51.1,1,5.0
auto,SC,2017-06,920.33,7,3.857142857142857
auto,SC,2017-07,631.15,6,3.8333333333333335
auto,SC,2017-08,10468.77,10,3.642857142857143
auto,SC,2017-09,229.24,4,5.0
auto,SC,2017-10,1421.23,6,3.1666666666666665
auto,SC,2017-11,3064.54,13,3.3333333333333335
auto,SC,2017-12,1673.43,9,4.222222222222222
auto,SC,2018-01,2013.04,10,4.181818181818182
auto,SC,2018-02,2236.69,13,3.7142857142857144
auto,SC,2018-03,2124.63,17,3.789473684210526
auto,SC,2018-04,2980.96,13,4.230769230769231
auto,SC,2018-05,3298.37,13,4.428571428571429
auto,SC,2018-06,4286.87,11,4.2
auto,SC,2018-07,1456.93,9,4.5
auto,SC,2018-08,5644.54,11,4.375
auto,SE,2017-03,53.7,1,3.0
auto,SE,2017-06,107.96,1,5.0
auto,SE,2017-08,310.58,4,4.75
auto,SE,2017-09,182.6,1,3.0
auto,SE,2017-11,96.38,1,4.0
auto,SE,2017-12,111.43,1,5.0
auto,SE,2018-01,406.6,1,5.0
auto,SE,2018-03,616.05,2,1.0
auto,SE,2018-06,540.26,3,2.6666666666666665
auto,SE,2018-07,714.22,3,4.333333333333333
auto,SE,2018-08,277.2,2,5.0
auto,SP,2016-10,440.77000000000004,4,2.5
auto,SP,2017-01,5139.43,9,4.166666666666667
auto,SP,2017-02,6054.54,24,4.222222222222222
auto,SP,2017-03,7257.3,32,4.575
auto,SP,2017-04,5714.57,32,4.0
auto,SP,2017-05,8708.01,43,4.083333333333333
auto,SP,2017-06,20131.31,50,3.6964285714285716
auto,SP,2017-07,6787.96,44,4.421052631578948
auto,SP,2017-08,7388.75,55,4.285714285714286
auto,SP,2017-09,3879.37,34,4.368421052631579
auto,SP,2017-10,8413.5,39,3.857142857142857
auto,SP,2017-11,15146.64,103,4.2342342342342345
auto,SP,2017-12,21291.97,107,4.273504273504273
auto,SP,2018-01,20613.9,106,4.3760683760683765
auto,SP,2018-02,17426.36,118,4.073529411764706
auto,SP,2018-03,21387.27,135,4.303448275862069
auto,SP,2018-04,22108.48,134,4.2312925170068025
auto,SP,2018-05,20541.06,141,4.2
auto,SP,2018-06,19249.1,112,4.176923076923077
auto,SP,2018-07,14834.33,132,4.386206896551724
auto,SP,2018-08,22667.62,161,4.12280701754386
auto,TO,2017-02,165.71,1,3.0
auto,TO,2017-05,62.89,1,5.0
auto,TO,2017-08,130.16,1,4.0
auto,TO,2017-09,233.75,1,5.0
auto,TO,2017-11,625.59,1,5.0
auto,TO,2017-12,138.9,2,4.5
auto,TO,2018-01,179.46,1,5.0
auto,TO,2018-03,327.86,2,2.5
auto,TO,2018-04,288.49,2,5.0
auto,TO,2018-05,199.44,1,5.0
auto,TO,2018-06,277.3,1,4.0
auto,TO,2018-07,273.88,1,5.0
auto,TO,2018-08,45.18,1,5.0
baby,AC,2017-07,147.59,1,5.0
baby,AC,2017-11,298.3,1,5.0
baby,AC,2017-12,426.08,1,5.0
baby,AL,2017-05,114.26,1,5.0
baby,AL,2017-10,234.56,1,5.0
baby,AL,2018-02,263.24,1,3.0
baby,AL,2018-05,74.48,1,5.0
baby,AL,2018-06,297.97,2,4.5
baby,AL,2018-07,87.42,1,5.0
baby,AM,2017-03,177.21,1,5.0
baby,AM,2017-08,93.21,1,4.0
baby,AM,2017-11,55.28,1,5.0
baby,AM,2018-01,420.13,1,3.0
baby,AM,2018-02,51.14,1,5.0
baby,BA,2017-02,208.16,1,4.0
baby,BA,2017-04,82.34,1,1.0
baby,BA,2017-05,191.5,1,1.0
baby,BA,2017-07,667.77,4,4.25
baby,BA,2017-08,592.87,4,5.0
baby,BA,2017-09,2622.12,10,4.0
baby,BA,2017-10,520.28,3,4.0
baby,BA,2017-11,826.1800000000001,7,3.142857142857143
baby,BA,2017-12,787.91,6,4.4
baby,BA,2018-01,1237.54,8,4.0
baby,BA,2018-02,301.63,2,3.0
baby,BA,2018-03,2442.67,9,3.3
baby,BA,2018-04,2719.31,11,3.6923076923076925
baby,BA,2018-05,805.47,4,2.2
baby,BA,2018-06,1436.14,7,3.0
baby,BA,2018-07,3065.46,14,4.666666666666667
baby,BA,2018-08,502.21999999999997,3,3.6666666666666665
baby,CE,2017-04,139.6,1,3.0
baby,CE,2017-05,235.48000000000002,2,5.0
baby,CE,2017-06,495.73,2,5.0
baby,CE,2017-07,70.75,1,4.0
baby,CE,2017-08,98.88,1,4.0
baby,CE,2017-09,513.63,2,4.5
baby,CE,2017-11,466.19,1,1.0
baby,CE,2017-12,62.79,1,3.0
baby,CE,2018-01,233.61,2,4.0
baby,CE,2018-02,581.78,5,2.2
baby,CE,2018-03,1040.35,1,3.0
baby,CE,2018-04,700.99,3,1.5
baby,CE,2018-05,720.2099999999999,4,4.75
baby,CE,2018-06,174.11,1,4.0
baby,CE,2018-07,45.6,1,5.0
baby,CE,2018-08,290.28000000000003,2,5.0
baby,DF,2017-03,82.86,1,5.0
baby,DF,2017-04,77.25,1,2.0
baby,DF,2017-05,66.6,1,2.0
baby,DF,2017-06,152.56,1,5.0
baby,DF,2017-07,1392.35,4,4.25
baby,DF,2017-08,266.4,1,5.0
baby,DF,2017-09,278.19,2,3.0
baby,DF,2017-10,243.13,3,4.666666666666667
baby,DF,2017-11,791.72,5,2.2
baby,DF,2017-12,939.9,1,1.0
baby,DF,2018-01,181.84,3,3.6666666666666665
baby,DF,2018-02,1136.5,6,3.3333333333333335
baby,DF,2018-03,1886.8899999999999,9,3.3
baby,DF,2018-04,842.13,4,4.0
baby,DF,2018-05,706.4,5,3.4
baby,DF,2018-06,901.77,7,4.285714285714286
baby,DF,2018-07,415.36,5,3.6
baby,DF,2018-08,644.13,7,4.428571428571429
baby,ES,2017-02,195.42,1,5.0
baby,ES,2017-05,249.54999999999998,3,3.6666666666666665
baby,ES,2017-06,139.17,1,3.0
baby,ES,2017-08,1649.8600000000001,6,4.0
baby,ES,2017-09,207.67000000000002,3,4.333333333333333
baby,ES,2017-10,286.57,3,4.666666666666667
baby,ES,2017-11,490.05,3,4.0
baby,ES,2017-12,666.28,6,4.166666666666667
baby,ES,2018-01,1507.54,3,3.6666666666666665
baby,ES,2018-02,580.28,6,2.8333333333333335
baby,ES,2018-03,1585.39,6,3.6666666666666665
baby,ES,2018-04,266.81,3,4.333333333333333
baby,ES,2018-05,1200.0,8,3.625
baby,ES,2018-06,476.05,4,3.5
baby,ES,2018-07,425.73,4,4.0
baby,ES,2018-08,378.54999999999995,2,5.0
baby,GO,2017-01,53.0,1,5.0
baby,GO,2017-03,176.97,2,4.5
baby,GO,2017-04,251.57,3,3.6666666666666665
baby,GO,2017-07,137.28,1,5.0
baby,GO,2017-08,95.19,2,5.0
baby,GO,2017-09,228.41,2,5.0
baby,GO,2017-10,1530.15,3,3.6666666666666665
baby,GO,2017-11,216.07999999999998,2,4.5
baby,GO,2017-12,1062.02,2,5.0
baby,GO,2018-01,863.9100000000001,6,3.5
baby,GO,2018-02,769.99,1,4.0
baby,GO,2018-03,1653.1,8,3.75
baby,GO,2018-04,1055.3700000000001,6,4.166666666666667
baby,GO,2018-05,1392.02,4,4.444444444444445
baby,GO,2018-06,952.37,4,4.75
baby,GO,2018-07,991.08,6,4.142857142857143
baby,GO,2018-08,155.03,1,5.0
baby,MA,2017-05,179.54000000000002,2,3.0
baby,MA,2017-07,948.17,5,3.8
baby,MA,2017-09,1042.83,3,3.6666666666666665
baby,MA,2017-10,334.29,2,5.0
baby,MA,2017-11,1067.67,3,3.3333333333333335
baby,MA,2017-12,146.66,1,4.0
baby,MA,2018-02,856.37,4,4.0
baby,MA,2018-04,803.13,3,4.666666666666667
baby,MA,2018-06,834.69,2,4.5
baby,MA,2018-07,91.45,1,5.0
baby,MA,2018-08,73.68,1,1.0
baby,MG,2016-10,601.6800000000001,2,2.3333333333333335
baby,MG,2017-01,1928.99,6,4.75
baby,MG,2017-02,381.73,4,4.75
baby,MG,2017-03,416.17,4,3.5
baby,MG,2017-04,480.92,4,4.0
baby,MG,2017-05,1736.13,14,4.529411764705882
baby,MG,2017-06,555.79,5,2.8
baby,MG,2017-07,1479.27,15,4.533333333333333
baby,MG,2017-08,3549.02,16,4.235294117647059
baby,MG,2017-09,3861.38,24,4.111111111111111
baby,MG,2017-10,1306.53,9,4.555555555555555
baby,MG,2017-11,3343.78,25,4.0
baby,MG,2017-12,3004.7599999999998,14,3.7142857142857144
baby,MG,2018-01,3713.54,29,3.1875
baby,MG,2018-02,3760.46,17,4.0
baby,MG,2018-03,8035.25,30,3.272727272727273
baby,MG,2018-04,9939.46,36,4.0
baby,MG,2018-05,5432.82,25,4.033333333333333
baby,MG,2018-06,5523.68,23,3.6666666666666665
baby,MG,2018-07,2544.12,21,4.2727272727272725
baby,MG,2018-08,3223.86,22,4.041666666666667
baby,MS,2017-04,45.95,1,3.0
baby,MS,2017-05,96.9,1,4.0
baby,MS,2017-07,66.6,1,5.0
baby,MS,2017-08,2349.54,3,3.75
baby,MS,2017-09,913.7,1,1.0
baby,MS,2017-10,149.13,1,5.0
baby,MS,2017-11,462.21,2,5.0
baby,MS,2017-12,302.35,2,5.0
baby,MS,2018-01,381.1,4,4.25
baby,MS,2018-02,275.5,2,4.0
baby,MS,2018-03,180.33,1,5.0
baby,MS,2018-04,506.14000000000004,4,4.25
baby,MS,2018-05,309.62,2,3.5
baby,MS,2018-07,232.21,2,3.0
baby,MS,2018-08,341.74,1,5.0
baby,MT,2017-04,72.18,1,1.0
baby,MT,2017-05,754.6899999999999,4,3.0
baby,MT,2017-07,210.64,1,4.0
baby,MT,2017-08,414.81000000000006,3,3.3333333333333335
baby,MT,2017-09,1615.97,4,3.75
baby,MT,2017-10,330.52,1,5.0
baby,MT,2017-11,460.28,2,5.0
baby,MT,2017-12,495.38,2,3.0
baby,MT,2018-01,534.59,4,4.75
baby,MT,2018-02,314.41999999999996,2,3.5
baby,MT,2018-03,181.95999999999998,2,3.5
baby,MT,2018-04,1234.8899999999999,2,4.5
baby,MT,2018-05,520.8299999999999,2,4.5
baby,MT,2018-06,1045.8200000000002,3,5.0
baby,MT,2018-07,42.06,1,5.0
baby,PA,2017-03,170.57,1,5.0
baby,PA,2017-04,346.18,2,5.0
baby,PA,2017-08,1287.4299999999998,3,3.0
baby,PA,2017-09,394.1,2,5.0
baby,PA,2017-10,902.6,3,2.75
baby,PA,2017-11,328.24,1,1.0
baby,PA,2017-12,887.35,4,3.0
baby,PA,2018-01,1097.7,4,3.75
baby,PA,2018-02,764.8100000000001,5,3.6
baby,PA,2018-03,1381.1200000000001,3,2.3333333333333335
baby,PA,2018-04,2466.37,3,1.6666666666666667
baby,PA,2018-05,519.75,3,5.0
baby,PA,2018-06,1022.5600000000001,2,5.0
baby,PA,2018-07,253.05,3,4.666666666666667
baby,PA,2018-08,489.43,3,5.0
baby,PB,2017-06,87.9,1,5.0
baby,PB,2017-09,269.89,2,3.0
baby,PB,2017-10,198.57,1,3.0
baby,PB,2017-11,443.76,2,3.0
baby,PB,2017-12,135.22,1,1.0
baby,PB,2018-01,100.21,1,5.0
baby,PB,2018-04,213.44,2,2.5
baby,PB,2018-07,1121.45,3,4.0
baby,PE,2017-01,195.44,1,5.0
baby,PE,2017-03,93.48,1,5.0
baby,PE,2017-05,219.05,2,4.333333333333333
baby,PE,2017-06,57.53,1,5.0
baby,PE,2017-07,149.14,1,5.0
baby,PE,2017-08,105.03,1,5.0
baby,PE,2017-10,193.56,1,
baby,PE,2017-11,224.73,2,4.0
baby,PE,2017-12,700.04,5,4.2
baby,PE,2018-01,805.99,4,3.75
baby,PE,2018-02,478.71,4,4.25
baby,PE,2018-03,628.3,2,2.5
baby,PE,2018-04,756.52,2,3.0
baby,PE,2018-05,122.69,1,5.0
baby,PE,2018-06,719.47,5,3.8
baby,PE,2018-07,724.8299999999999,6,5.0
baby,PE,2018-08,196.38,2,3.5
baby,PI,2017-01,710.0,1,5.0
baby,PI,2017-02,315.88,1,3.0
baby,PI,2017-05,1150.8,1,4.0
baby,PI,2017-06,101.26,1,5.0
baby,PI,2017-07,145.29,1,5.0
baby,PI,2017-08,87.17,1,4.0
baby,PI,2017-11,269.25,1,3.0
baby,PI,2018-01,98.56,1,5.0
baby,PI,2018-03,1260.6799999999998,2,3.5
baby,PI,2018-04,1388.68,1,5.0
baby,PR,2016-10,217.68,1,4.0
baby,PR,2017-01,460.23,4,5.0
baby,PR,2017-02,415.74,5,4.6
baby,PR,2017-03,120.72999999999999,2,5.0
baby,PR,2017-04,217.88,2,4.0
baby,PR,2017-05,1138.21,9,4.285714285714286
baby,PR,2017-06,197.59,2,4.0
baby,PR,2017-07,1212.5700000000002,6,4.857142857142857
baby,PR,2017-08,1036.3899999999999,6,4.857142857142857
baby,PR,2017-09,585.96,5,4.6
baby,PR,2017-10,905.8,4,4.0
baby,PR,2017-11,2059.7000000000003,8,3.8
baby,PR,2017-12,945.05,8,3.5555555555555554
baby,PR,2018-01,2574.35,12,4.076923076923077
baby,PR,2018-02,3142.79,8,3.7777777777777777
baby,PR,2018-03,2068.0099999999998,12,3.5833333333333335
baby,PR,2018-04,1372.75,8,4.777777777777778
baby,PR,2018-05,3607.11,12,4.230769230769231
baby,PR,2018-06,3053.73,12,3.642857142857143
baby,PR,2018-07,1336.55,10,4.2727272727272725
baby,PR,2018-08,1857.46,16,4.2631578947368425
baby,RJ,2016-10,655.47,3,3.3333333333333335
baby,RJ,2017-01,457.34999999999997,3,5.0
baby,RJ,2017-02,1009.63,3,2.3333333333333335
baby,RJ,2017-03,995.6700000000001,11,4.818181818181818
baby,RJ,2017-04,673.27,6,3.3333333333333335
baby,RJ,2017-05,2541.5099999999998,16,3.4210526315789473
baby,RJ,2017-06,1197.46,8,3.5
baby,RJ,2017-07,2669.86,17,4.578947368421052
baby,RJ,2017-08,2923.43,14,4.411764705882353
baby,RJ,2017-09,3470.5,20,4.476190476190476
baby,RJ,2017-10,2811.01,24,4.375
baby,RJ,2017-11,2840.7799999999997,19,3.35
baby,RJ,2017-12,2756.68,21,2.5238095238095237
baby,RJ,2018-01,5397.65,30,2.7714285714285714
baby,RJ,2018-02,2836.06,19,2.5789473684210527
baby,RJ,2018-03,2582.84,18,2.823529411764706
baby,RJ,2018-04,5272.68,21,3.5
baby,RJ,2018-05,2679.71,18,3.869565217391304
baby,RJ,2018-06,4430.35,25,4.076923076923077
baby,RJ,2018-07,3473.1,22,4.310344827586207
baby,RJ,2018-08,3265.0099999999998,27,4.464285714285714
baby,RN,2017-01,182.64,1,5.0
baby,RN,2017-02,280.87,2,4.5
baby,RN,2017-05,275.48,1,3.0
baby,RN,2017-06,188.5,1,5.0
baby,RN,2017-08,99.57,1,5.0
baby,RN,2017-11,86.24,1,5.0
baby,RN,2018-01,150.89,1,5.0
baby,RN,2018-03,1326.34,4,2.6363636363636362
baby,RN,2018-04,127.25,1,4.0
baby,RN,2018-05,37.75,1,3.0
baby,RN,2018-07,276.1,1,5.0
baby,RO,2017-02,214.09,1,1.0
baby,RO,2017-08,420.13,1,1.0
baby,RO,2017-09,305.42,2,3.0
baby,RO,2017-10,207.73,1,5.0
baby,RO,2018-02,146.0,1,5.0
baby,RO,2018-03,1037.79,1,1.0
baby,RO,2018-04,101.38,1,5.0
baby,RO,2018-06,80.84,1,4.0
baby,RO,2018-07,297.16,2,5.0
baby,RR,2018-02,83.17,1,1.0
baby,RR,2018-03,994.77,1,2.0
baby,RS,2017-01,2708.05,3,4.666666666666667
baby,RS,2017-02,60.96,1,5.0
baby,RS,2017-03,826.57,6,4.0
baby,RS,2017-04,340.07,4,5.0
baby,RS,2017-05,468.66,6,5.0
baby,RS,2017-06,847.39,7,4.714285714285714
baby,RS,2017-07,1798.3500000000001,11,4.333333333333333
baby,RS,2017-08,1115.33,13,4.428571428571429
baby,RS,2017-09,2191.42,12,4.153846153846154
baby,RS,2017-10,2332.25,10,4.545454545454546
baby,RS,2017-11,2862.48,19,3.7
baby,RS,2017-12,1749.55,11,4.333333333333333
baby,RS,2018-01,2154.82,12,3.5
baby,RS,2018-02,1916.78,9,3.727272727272727
baby,RS,2018-03,1212.69,9,3.2222222222222223
baby,RS,2018-04,6837.77,10,3.727272727272727
baby,RS,2018-05,2528.06,16,4.3125
baby,RS,2018-06,2662.02,16,4.809523809523809
baby,RS,2018-07,1926.73,12,4.3076923076923075
baby,RS,2018-08,2031.1100000000001,14,4.266666666666667
baby,SC,2017-01,237.99,1,3.0
baby,SC,2017-02,39.46,1,
baby,SC,2017-03,106.16,2,4.5
baby,SC,2017-04,585.6600000000001,2,3.6666666666666665
baby,SC,2017-05,128.02,1,4.0
baby,SC,2017-06,825.1400000000001,3,3.6666666666666665
baby,SC,2017-07,228.45,3,5.0
baby,SC,2017-08,511.90999999999997,4,3.5
baby,SC,2017-09,791.09,5,4.6
baby,SC,2017-10,533.56,5,4.0
baby,SC,2017-11,1389.5,9,3.8
baby,SC,2017-12,76.18,1,5.0
baby,SC,2018-01,2398.7,12,3.8461538461538463
baby,SC,2018-02,1579.7299999999998,4,2.25
baby,SC,2018-03,2253.69,6,4.0
baby,SC,2018-04,19633.45,8,4.05
baby,SC,2018-05,1074.29,8,4.333333333333333
baby,SC,2018-06,907.37,8,4.25
baby,SC,2018-07,678.86,6,5.0
baby,SC,2018-08,1209.16,8,4.4
baby,SE,2017-04,116.79,1,5.0
baby,SE,2017-07,146.12,1,5.0
baby,SE,2017-08,519.25,1,5.0
baby,SE,2017-09,433.13,1,5.0
baby,SE,2017-11,350.41,2,2.5
baby,SE,2018-04,137.22,1,5.0
baby,SE,2018-08,177.51,1,5.0
baby,SP,2016-10,869.6,5,3.8333333333333335
baby,SP,2017-01,1581.57,11,4.3076923076923075
baby,SP,2017-02,1050.23,13,4.461538461538462
baby,SP,2017-03,1411.93,12,3.466666666666667
baby,SP,2017-04,2130.32,19,3.8095238095238093
baby,SP,2017-05,3432.86,36,4.526315789473684
baby,SP,2017-06,6817.2699999999995,38,3.2790697674418605
baby,SP,2017-07,8671.09,51,4.262295081967213
baby,SP,2017-08,8498.04,43,4.2272727272727275
baby,SP,2017-09,10622.48,65,3.904109589041096
baby,SP,2017-10,7831.38,59,4.387096774193548
baby,SP,2017-11,10199.74,74,3.941860465116279
baby,SP,2017-12,8238.54,52,3.847457627118644
baby,SP,2018-01,14116.23,74,4.209876543209877
baby,SP,2018-02,11315.61,70,4.194444444444445
baby,SP,2018-03,16722.85,92,4.089108910891089
baby,SP,2018-04,17226.65,92,4.171717171717172
baby,SP,2018-05,23797.96,110,4.291338582677166
baby,SP,2018-06,18183.82,84,4.395833333333333
baby,SP,2018-07,11003.41,88,4.1923076923076925
baby,SP,2018-08,14864.15,96,4.066666666666666
baby,TO,2017-05,260.52,1,5.0
baby,TO,2017-06,267.12,1,5.0
baby,TO,2018-01,122.15,1,5.0
baby,TO,2018-02,563.07,1,3.0
baby,TO,2018-03,1020.35,1,1.0
baby,TO,2018-06,87.51,1,1.0
baby,TO,2018-07,107.3,1,5.0
bed_bath_table,AC,2017-01,1190.24,2,2.0
bed_bath_table,AC,2017-09,186.83,1,4.0
bed_bath_table,AL,2017-05,293.35,2,1.5
bed_bath_table,AL,2017-06,143.1,1,3.0
bed_bath_table,AL,2017-07,1044.65,2,3.6666666666666665
bed_bath_table,AL,2017-09,155.99,2,3.5
bed_bath_table,AL,2017-10,69.88,1,5.0
bed_bath_table,AL,2017-12,305.69,2,4.5
bed_bath_table,AL,2018-01,328.58,2,4.5
bed_bath_table,AL,2018-02,38.05,1,
bed_bath_table,AL,2018-03,345.27,2,2.5
bed_bath_table,AL,2018-04,119.98,1,1.0
bed_bath_table,AL,2018-06,274.46,2,3.5
bed_bath_table,AL,2018-07,132.91,1,3.0
bed_bath_table,AM,2017-02,279.85,2,5.0
bed_bath_table,AM,2017-04,135.16,1,2.0
bed_bath_table,AM,2017-07,209.14,2,4.5
bed_bath_table,AM,2018-03,173.26,1,5.0
bed_bath_table,AM,2018-07,290.36,1,2.0
bed_bath_table,AP,2017-06,548.12,1,5.0
bed_bath_table,AP,2017-08,232.84,1,4.0
bed_bath_table,AP,2017-09,1118.97,1,5.0
bed_bath_table,BA,2017-02,507.88,4,5.0
bed_bath_table,BA,2017-03,454.47999999999996,3,3.3333333333333335
bed_bath_table,BA,2017-04,1267.84,6,3.375
bed_bath_table,BA,2017-05,1371.01,8,3.2
bed_bath_table,BA,2017-06,611.02,5,4.8
bed_bath_table,BA,2017-07,2810.08,20,4.15
bed_bath_table,BA,2017-08,3184.88,14,2.8666666666666667
bed_bath_table,BA,2017-09,2705.26,18,3.9411764705882355
bed_bath_table,BA,2017-10,2278.21,7,3.2
bed_bath_table,BA,2017-11,6150.81,19,4.038461538461538
bed_bath_table,BA,2017-12,1073.95,9,4.181818181818182
bed_bath_table,BA,2018-01,1055.97,5,3.0
bed_bath_table,BA,2018-02,3395.04,21,3.740740740740741
bed_bath_table,BA,2018-03,4062.2200000000003,17,2.8181818181818183
bed_bath_table,BA,2018-04,2644.11,16,4.0
bed_bath_table,BA,2018-05,4217.26,15,2.9047619047619047
bed_bath_table,BA,2018-06,6428.27,12,3.210526315789474
bed_bath_table,BA,2018-07,3385.49,14,3.5
bed_bath_table,BA,2018-08,1449.33,10,4.615384615384615
bed_bath_table,CE,2017-01,96.65,1,5.0
bed_bath_table,CE,2017-03,230.04,1,1.0
bed_bath_table,CE,2017-04,135.16,1,5.0
bed_bath_table,CE,2017-05,67.53,1,5.0
bed_bath_table,CE,2017-06,556.06,3,4.333333333333333
bed_bath_table,CE,2017-07,1778.5700000000002,4,3.3333333333333335
bed_bath_table,CE,2017-08,346.55,4,4.5
bed_bath_table,CE,2017-09,322.03000000000003,3,4.333333333333333
bed_bath_table,CE,2017-10,2127.91,7,3.9
bed_bath_table,CE,2017-11,1488.1799999999998,6,4.25
bed_bath_table,CE,2017-12,453.03999999999996,4,4.75
bed_bath_table,CE,2018-01,1181.4499999999998,4,4.166666666666667
bed_bath_table,CE,2018-02,1722.33,5,1.375
bed_bath_table,CE,2018-03,1542.16,8,4.0
bed_bath_table,CE,2018-04,562.77,6,3.8333333333333335
bed_bath_table,CE,2018-05,157.99,2,5.0
bed_bath_table,CE,2018-06,1070.87,4,4.090909090909091
bed_bath_table,CE,2018-07,154.1,2,4.5
bed_bath_table,CE,2018-08,244.93,2,4.5
bed_bath_table,DF,2017-02,291.26,2,5.0
bed_bath_table,DF,2017-03,2347.23,7,4.384615384615385
bed_bath_table,DF,2017-04,229.70999999999998,2,4.5
bed_bath_table,DF,2017-05,758.83,6,4.857142857142857
bed_bath_table,DF,2017-06,1430.66,9,3.7142857142857144
bed_bath_table,DF,2017-07,799.64,6,4.833333333333333
bed_bath_table,DF,2017-08,1121.26,5,2.857142857142857
bed_bath_table,DF,2017-09,1166.26,9,3.111111111111111
bed_bath_table,DF,2017-10,1725.52,10,3.0
bed_bath_table,DF,2017-11,1765.93,10,3.8181818181818183
bed_bath_table,DF,2017-12,1073.2,12,3.5384615384615383
bed_bath_table,DF,2018-01,2737.05,17,3.75
bed_bath_table,DF,2018-02,2641.98,12,3.4375
bed_bath_table,DF,2018-03,2554.27,16,3.909090909090909
bed_bath_table,DF,2018-04,1720.93,11,4.153846153846154
bed_bath_table,DF,2018-05,1895.07,13,3.6666666666666665
bed_bath_table,DF,2018-06,648.35,8,4.333333333333333
bed_bath_table,DF,2018-07,2079.97,12,4.529411764705882
bed_bath_table,DF,2018-08,1804.4,6,3.3
bed_bath_table,ES,2017-02,118.88,1,1.0
bed_bath_table,ES,2017-03,193.46,2,5.0
bed_bath_table,ES,2017-04,1060.82,4,3.25
bed_bath_table,ES,2017-05,544.1,5,4.75
bed_bath_table,ES,2017-06,1343.04,9,4.222222222222222
bed_bath_table,ES,2017-07,1782.67,12,4.461538461538462
bed_bath_table,ES,2017-08,3415.67,11,3.5384615384615383
bed_bath_table,ES,2017-09,1606.24,11,4.181818181818182
bed_bath_table,ES,2017-10,1538.99,12,3.1363636363636362
bed_bath_table,ES,2017-11,5556.0199999999995,21,3.5
bed_bath_table,ES,2017-12,1346.24,13,3.230769230769231
bed_bath_table,ES,2018-01,1973.18,14,4.6875
bed_bath_table,ES,2018-02,3257.5,15,3.210526315789474
bed_bath_table,ES,2018-03,1468.62,13,3.357142857142857
bed_bath_table,ES,2018-04,4351.89,20,3.875
bed_bath_table,ES,2018-05,1933.99,8,4.0
bed_bath_table,ES,2018-06,1393.3500000000001,12,3.75
bed_bath_table,ES,2018-07,825.29,7,4.285714285714286
bed_bath_table,ES,2018-08,1190.05,9,4.333333333333333
bed_bath_table,GO,2017-03,433.85999999999996,4,4.75
bed_bath_table,GO,2017-04,966.75,4,2.8
bed_bath_table,GO,2017-05,723.01,5,4.333333333333333
bed_bath_table,GO,2017-06,3005.2599999999998,15,3.736842105263158
bed_bath_table,GO,2017-07,2608.41,13,4.4
bed_bath_table,GO,2017-08,3754.67,15,3.789473684210526
bed_bath_table,GO,2017-09,3873.76,13,2.8333333333333335
bed_bath_table,GO,2017-10,2048.3599999999997,8,3.5454545454545454
bed_bath_table,GO,2017-11,2221.89,17,3.0
bed_bath_table,GO,2017-12,1982.62,9,4.0
bed_bath_table,GO,2018-01,3143.51,11,3.1875
bed_bath_table,GO,2018-02,4268.110000000001,22,3.5161290322580645
bed_bath_table,GO,2018-03,1035.95,11,3.3333333333333335
bed_bath_table,GO,2018-04,3974.09,14,4.0625
bed_bath_table,GO,2018-05,879.07,6,4.428571428571429
bed_bath_table,GO,2018-06,584.81,7,3.5833333333333335
bed_bath_table,GO,2018-07,5638.54,7,4.666666666666667
bed_bath_table,GO,2018-08,2110.22,11,3.8
bed_bath_table,MA,2017-02,137.14,1,5.0
bed_bath_table,MA,2017-03,139.6,1,4.0
bed_bath_table,MA,2017-04,428.64,3,2.7142857142857144
bed_bath_table,MA,2017-05,420.59999999999997,2,4.5
bed_bath_table,MA,2017-07,86.27,1,5.0
bed_bath_table,MA,2017-08,1386.19,6,3.7142857142857144
bed_bath_table,MA,2017-09,755.4200000000001,3,4.25
bed_bath_table,MA,2017-10,252.97,1,5.0
bed_bath_table,MA,2017-11,250.04,2,2.0
bed_bath_table,MA,2017-12,1258.16,3,2.5
bed_bath_table,MA,2018-01,263.65,1,5.0
bed_bath_table,MA,2018-02,161.69,1,4.0
bed_bath_table,MA,2018-03,72.38,1,5.0
bed_bath_table,MA,2018-04,387.96000000000004,3,4.0
bed_bath_table,MA,2018-06,287.92999999999995,2,3.0
bed_bath_table,MA,2018-07,105.3,1,5.0
bed_bath_table,MG,2016-10,184.87,1,5.0
bed_bath_table,MG,2017-01,727.51,6,5.0
bed_bath_table,MG,2017-02,5139.3099999999995,27,4.1875
bed_bath_table,MG,2017-03,7750.95,38,3.5172413793103448
bed_bath_table,MG,2017-04,6205.21,29,3.95
bed_bath_table,MG,2017-05,8868.77,55,4.174603174603175
bed_bath_table,MG,2017-06,4629.5199999999995,35,3.7948717948717947
bed_bath_table,MG,2017-07,19215.33,62,3.567901234567901
bed_bath_table,MG,2017-08,5622.05,38,4.046511627906977
bed_bath_table,MG,2017-09,12317.62,62,4.066666666666666
bed_bath_table,MG,2017-10,10896.67,62,3.868131868131868
bed_bath_table,MG,2017-11,19491.19,101,3.622950819672131
bed_bath_table,MG,2017-12,8785.64,54,4.25
bed_bath_table,MG,2018-01,18841.79,91,3.8189655172413794
bed_bath_table,MG,2018-02,10908.92,67,3.6144578313253013
bed_bath_table,MG,2018-03,15036.75,86,3.3267326732673266
bed_bath_table,MG,2018-04,15077.73,59,3.632911392405063
bed_bath_table,MG,2018-05,15260.65,73,3.827956989247312
bed_bath_table,MG,2018-06,15436.5,78,3.7311827956989245
bed_bath_table,MG,2018-07,8562.34,46,3.8653846153846154
bed_bath_table,MG,2018-08,11701.74,59,3.712328767123288
bed_bath_table,MS,2017-02,103.79,1,4.0
bed_bath_table,MS,2017-04,328.36,3,3.0
bed_bath_table,MS,2017-05,412.6,2,3.5
bed_bath_table,MS,2017-06,307.08000000000004,2,5.0
bed_bath_table,MS,2017-07,1669.92,5,4.090909090909091
bed_bath_table,MS,2017-08,1152.3500000000001,2,3.0
bed_bath_table,MS,2017-09,1036.6100000000001,4,4.2
bed_bath_table,MS,2017-10,526.08,6,4.833333333333333
bed_bath_table,MS,2017-11,899.0899999999999,4,3.0
bed_bath_table,MS,2017-12,600.85,4,4.8
bed_bath_table,MS,2018-01,296.37,3,5.0
bed_bath_table,MS,2018-02,299.77,4,4.25
bed_bath_table,MS,2018-03,174.61,4,3.8
bed_bath_table,MS,2018-04,605.35,3,5.0
bed_bath_table,MS,2018-05,172.45,3,5.0
bed_bath_table,MS,2018-06,276.67,3,4.666666666666667
bed_bath_table,MS,2018-07,206.38,2,4.5
bed_bath_table,MS,2018-08,234.39,2,3.0
bed_bath_table,MT,2017-04,391.51,3,4.5
bed_bath_table,MT,2017-05,838.0,6,3.7142857142857144
bed_bath_table,MT,2017-06,243.87,1,4.0
bed_bath_table,MT,2017-07,688.56,5,4.6
bed_bath_table,MT,2017-08,295.52,2,5.0
bed_bath_table,MT,2017-09,62.74,1,5.0
bed_bath_table,MT,2017-10,415.89,4,4.5
bed_bath_table,MT,2017-11,905.1199999999999,6,4.857142857142857
bed_bath_table,MT,2017-12,2239.68,1,1.0
bed_bath_table,MT,2018-01,2394.8799999999997,4,3.5
bed_bath_table,MT,2018-02,638.4200000000001,4,4.0
bed_bath_table,MT,2018-03,146.69,1,5.0
bed_bath_table,MT,2018-04,1371.42,6,4.5
bed_bath_table,MT,2018-05,1118.96,5,4.857142857142857
bed_bath_table,MT,2018-06,58.39,1,
bed_bath_table,MT,2018-07,1674.85,4,4.428571428571429
bed_bath_table,MT,2018-08,300.63,2,4.0
bed_bath_table,PA,2017-01,145.9,1,1.0
bed_bath_table,PA,2017-03,342.68,2,2.0
bed_bath_table,PA,2017-04,139.6,1,1.0
bed_bath_table,PA,2017-05,530.15,5,3.4
bed_bath_table,PA,2017-07,490.24,1,4.0
bed_bath_table,PA,2017-08,588.6700000000001,3,4.0
bed_bath_table,PA,2017-09,406.27,3,5.0
bed_bath_table,PA,2017-10,133.05,1,3.0
bed_bath_table,PA,2017-11,499.52,1,1.0
bed_bath_table,PA,2017-12,389.65,4,3.75
bed_bath_table,PA,2018-01,615.52,6,4.666666666666667
bed_bath_table,PA,2018-02,159.96,1,3.0
bed_bath_table,PA,2018-03,136.69,1,4.0
bed_bath_table,PA,2018-04,523.71,3,3.25
bed_bath_table,PA,2018-06,207.68,1,5.0
bed_bath_table,PB,2017-02,137.14,1,5.0
bed_bath_table,PB,2017-03,366.6,2,5.0
bed_bath_table,PB,2017-04,424.39,3,2.5
bed_bath_table,PB,2017-07,705.9200000000001,3,3.75
bed_bath_table,PB,2017-08,1038.58,1,4.0
bed_bath_table,PB,2017-09,143.01,1,4.0
bed_bath_table,PB,2017-10,336.43,3,3.3333333333333335
bed_bath_table,PB,2017-11,688.68,1,1.0
bed_bath_table,PB,2017-12,323.22,3,4.666666666666667
bed_bath_table,PB,2018-02,291.5,1,2.0
bed_bath_table,PB,2018-03,48.05,1,5.0
bed_bath_table,PB,2018-04,362.04,2,5.0
bed_bath_table,PB,2018-05,461.01,3,3.3333333333333335
bed_bath_table,PB,2018-07,500.27,4,3.75
bed_bath_table,PE,2017-03,226.62,2,3.5
bed_bath_table,PE,2017-04,84.81,1,5.0
bed_bath_table,PE,2017-05,1061.78,7,3.4285714285714284
bed_bath_table,PE,2017-06,531.0699999999999,5,4.333333333333333
bed_bath_table,PE,2017-07,1443.47,8,4.111111111111111
bed_bath_table,PE,2017-08,1395.79,7,3.5714285714285716
bed_bath_table,PE,2017-09,4530.110000000001,4,2.5714285714285716
bed_bath_table,PE,2017-10,142.76,1,1.0
bed_bath_table,PE,2017-11,1291.44,9,3.909090909090909
bed_bath_table,PE,2017-12,686.86,6,5.0
bed_bath_table,PE,2018-01,468.64000000000004,3,3.0
bed_bath_table,PE,2018-02,898.01,6,4.333333333333333
bed_bath_table,PE,2018-03,165.08999999999997,2,4.5
bed_bath_table,PE,2018-04,1339.9,4,3.8333333333333335
bed_bath_table,PE,2018-05,742.69,6,4.333333333333333
bed_bath_table,PE,2018-06,1777.76,6,4.333333333333333
bed_bath_table,PE,2018-07,782.69,3,4.0
bed_bath_table,PE,2018-08,279.95,2,4.0
bed_bath_table,PI,2017-03,1133.6399999999999,2,2.0
bed_bath_table,PI,2017-04,245.02999999999997,2,4.5
bed_bath_table,PI,2017-07,275.01,2,3.0
bed_bath_table,PI,2017-08,4647.289999999999,2,4.6
bed_bath_table,PI,2017-10,268.88,1,5.0
bed_bath_table,PI,2017-11,75.57,1,4.0
bed_bath_table,PI,2017-12,480.18,1,1.0
bed_bath_table,PI,2018-01,1136.6899999999998,4,5.0
bed_bath_table,PI,2018-02,554.4000000000001,2,3.6666666666666665
bed_bath_table,PI,2018-03,352.72,1,
bed_bath_table,PI,2018-04,141.13,1,2.0
bed_bath_table,PI,2018-05,766.01,2,2.3333333333333335
bed_bath_table,PI,2018-06,215.39999999999998,2,2.0
bed_bath_table,PI,2018-08,105.62,1,5.0
bed_bath_table,PR,2016-10,1987.24,2,2.6
bed_bath_table,PR,2017-01,255.44,3,4.666666666666667
bed_bath_table,PR,2017-02,5631.12,16,4.391304347826087
bed_bath_table,PR,2017-03,847.31,7,4.285714285714286
bed_bath_table,PR,2017-04,564.06,5,4.6
bed_bath_table,PR,2017-05,2274.23,15,4.368421052631579
bed_bath_table,PR,2017-06,2509.92,20,4.136363636363637
bed_bath_table,PR,2017-07,3951.9500000000003,18,4.190476190476191
bed_bath_table,PR,2017-08,2931.13,15,4.333333333333333
bed_bath_table,PR,2017-09,2626.69,12,3.2142857142857144
bed_bath_table,PR,2017-10,3417.46,19,3.727272727272727
bed_bath_table,PR,2017-11,7887.59,45,3.9615384615384617
bed_bath_table,PR,2017-12,2787.69,21,3.16
bed_bath_table,PR,2018-01,5127.09,30,3.7222222222222223
bed_bath_table,PR,2018-02,3338.85,25,4.068965517241379
bed_bath_table,PR,2018-03,8954.1,41,3.3076923076923075
bed_bath_table,PR,2018-04,6341.53,26,3.657142857142857
bed_bath_table,PR,2018-05,4167.77,22,4.28
bed_bath_table,PR,2018-06,3552.9900000000002,24,3.7037037037037037
bed_bath_table,PR,2018-07,4438.74,15,4.190476190476191
bed_bath_table,PR,2018-08,4150.19,21,3.9615384615384617
bed_bath_table,RJ,2016-10,74.59,1,5.0
bed_bath_table,RJ,2017-01,1148.32,9,4.3076923076923075
bed_bath_table,RJ,2017-02,3857.09,24,4.033333333333333
bed_bath_table,RJ,2017-03,6039.27,39,3.7735849056603774
bed_bath_table,RJ,2017-04,4555.27,37,4.11864406779661
bed_bath_table,RJ,2017-05,5315.37,38,4.1568627450980395
bed_bath_table,RJ,2017-06,7273.33,41,3.9607843137254903
bed_bath_table,RJ,2017-07,13013.82,75,4.106796116504855
bed_bath_table,RJ,2017-08,9675.45,70,3.945945945945946
bed_bath_table,RJ,2017-09,12602.41,73,4.315217391304348
bed_bath_table,RJ,2017-10,18337.34,86,3.939655172413793
bed_bath_table,RJ,2017-11,30759.69,160,3.3316831683168315
bed_bath_table,RJ,2017-12,18453.170000000002,78,3.01010101010101
bed_bath_table,RJ,2018-01,17744.24,101,3.7954545454545454
bed_bath_table,RJ,2018-02,10485.83,78,2.9473684210526314
bed_bath_table,RJ,2018-03,21666.74,100,3.0084745762711864
bed_bath_table,RJ,2018-04,20126.920000000002,77,3.7452830188679247
bed_bath_table,RJ,2018-05,11846.539999999999,65,3.7901234567901234
bed_bath_table,RJ,2018-06,13799.96,82,3.633663366336634
bed_bath_table,RJ,2018-07,13467.88,87,4.415094339622642
bed_bath_table,RJ,2018-08,8733.49,72,3.6794871794871793
bed_bath_table,RN,2017-04,558.4000000000001,1,5.0
bed_bath_table,RN,2017-05,238.4,1,1.0
bed_bath_table,RN,2017-07,1107.75,4,3.6
bed_bath_table,RN,2017-10,1740.94,2,4.0
bed_bath_table,RN,2017-11,143.1,1,1.0
bed_bath_table,RN,2017-12,188.32,1,5.0
bed_bath_table,RN,2018-01,1159.5900000000001,4,4.6
bed_bath_table,RN,2018-02,57.05,1,4.0
bed_bath_table,RN,2018-03,625.82,4,4.833333333333333
bed_bath_table,RN,2018-04,85.84,1,5.0
bed_bath_table,RN,2018-06,279.72,2,5.0
bed_bath_table,RN,2018-07,105.82,1,5.0
bed_bath_table,RN,2018-08,57.39,1,3.0
bed_bath_table,RO,2017-02,653.64,1,2.0
bed_bath_table,RO,2017-03,478.71,3,3.6666666666666665
bed_bath_table,RO,2017-04,211.67000000000002,2,5.0
bed_bath_table,RO,2017-05,161.23,1,5.0
bed_bath_table,RO,2017-08,161.23,1,5.0
bed_bath_table,RO,2017-09,337.98,2,5.0
bed_bath_table,RO,2017-11,218.91,1,1.0
bed_bath_table,RO,2017-12,51.05,1,3.0
bed_bath_table,RO,2018-01,129.92,1,5.0
bed_bath_table,RO,2018-02,309.16,1,5.0
bed_bath_table,RO,2018-05,202.68,1,2.0
bed_bath_table,RR,2018-02,116.92,1,1.0
bed_bath_table,RR,2018-07,1415.44,1,5.0
bed_bath_table,RS,2017-01,271.05,2,2.0
bed_bath_table,RS,2017-02,655.96,6,4.166666666666667
bed_bath_table,RS,2017-03,1449.08,14,3.7333333333333334
bed_bath_table,RS,2017-04,1964.01,20,3.8333333333333335
bed_bath_table,RS,2017-05,3175.92,20,3.9166666666666665
bed_bath_table,RS,2017-06,3041.4500000000003,21,4.478260869565218
bed_bath_table,RS,2017-07,5345.33,33,4.4324324324324325
bed_bath_table,RS,2017-08,8006.18,39,3.3404255319148937
bed_bath_table,RS,2017-09,5813.3,30,3.9473684210526314
bed_bath_table,RS,2017-10,4793.87,26,3.5
bed_bath_table,RS,2017-11,8330.73,49,3.2545454545454544
bed_bath_table,RS,2017-12,2904.06,22,3.3461538461538463
bed_bath_table,RS,2018-01,8377.7,38,2.96875
bed_bath_table,RS,2018-02,4348.04,28,3.4285714285714284
bed_bath_table,RS,2018-03,4300.99,33,3.0256410256410255
bed_bath_table,RS,2018-04,6508.75,32,4.121951219512195
bed_bath_table,RS,2018-05,7859.81,37,4.255813953488372
bed_bath_table,RS,2018-06,8330.99,39,4.491228070175438
bed_bath_table,RS,2018-07,4486.87,29,4.333333333333333
bed_bath_table,RS,2018-08,4787.21,22,4.423076923076923
bed_bath_table,SC,2017-01,178.54,2,4.5
bed_bath_table,SC,2017-02,34.52,1,5.0
bed_bath_table,SC,2017-03,1266.54,9,3.75
bed_bath_table,SC,2017-04,938.29,5,5.0
bed_bath_table,SC,2017-05,1511.8899999999999,11,4.076923076923077
bed_bath_table,SC,2017-06,3300.06,8,3.1538461538461537
bed_bath_table,SC,2017-07,4413.2699999999995,17,3.9565217391304346
bed_bath_table,SC,2017-08,4074.03,15,3.8947368421052633
bed_bath_table,SC,2017-09,2572.85,16,3.3636363636363638
bed_bath_table,SC,2017-10,1216.31,12,4.0
bed_bath_table,SC,2017-11,3599.1800000000003,20,3.1379310344827585
bed_bath_table,SC,2017-12,1423.6,13,4.0
bed_bath_table,SC,2018-01,4545.5,21,3.2962962962962963
bed_bath_table,SC,2018-02,3584.48,21,3.5384615384615383
bed_bath_table,SC,2018-03,2984.27,22,3.0416666666666665
bed_bath_table,SC,2018-04,5978.66,21,4.166666666666667
bed_bath_table,SC,2018-05,4169.24,13,2.95
bed_bath_table,SC,2018-06,3909.62,18,4.75
bed_bath_table,SC,2018-07,1189.73,11,4.5
bed_bath_table,SC,2018-08,3655.18,16,4.2
bed_bath_table,SE,2017-01,88.29,1,5.0
bed_bath_table,SE,2017-04,157.28,1,5.0
bed_bath_table,SE,2017-06,253.87,1,5.0
bed_bath_table,SE,2017-08,1180.2,2,5.0
bed_bath_table,SE,2017-10,281.15999999999997,2,5.0
bed_bath_table,SE,2017-11,137.24,1,1.0
bed_bath_table,SE,2017-12,132.94,1,2.0
bed_bath_table,SE,2018-01,168.18,1,5.0
bed_bath_table,SE,2018-04,121.51,1,1.0
bed_bath_table,SE,2018-06,62.98,1,5.0
bed_bath_table,SE,2018-07,200.76,1,1.0
bed_bath_table,SE,2018-08,90.97,1,4.0
bed_bath_table,SP,2016-10,45.01,1,4.0
bed_bath_table,SP,2017-01,2080.4700000000003,18,4.277777777777778
bed_bath_table,SP,2017-02,10177.2,59,4.1466666666666665
bed_bath_table,SP,2017-03,19009.13,113,4.1
bed_bath_table,SP,2017-04,16633.94,100,4.074380165289257
bed_bath_table,SP,2017-05,19887.6,139,4.015706806282722
bed_bath_table,SP,2017-06,22982.56,158,4.175115207373272
bed_bath_table,SP,2017-07,39830.31,220,4.095785440613027
bed_bath_table,SP,2017-08,32778.32,195,4.426116838487973
bed_bath_table,SP,2017-09,29946.63,192,4.1688311688311686
bed_bath_table,SP,2017-10,45456.520000000004,174,3.8125
bed_bath_table,SP,2017-11,60612.51,341,3.756880733944954
bed_bath_table,SP,2017-12,34209.76,218,3.9738805970149254
bed_bath_table,SP,2018-01,67659.85,336,3.905747126436782
bed_bath_table,SP,2018-02,43419.6,276,3.7514619883040936
bed_bath_table,SP,2018-03,55734.53,304,3.9974811083123427
bed_bath_table,SP,2018-04,52851.9,300,4.005571030640668
bed_bath_table,SP,2018-05,64733.11,331,4.070257611241217
bed_bath_table,SP,2018-06,59075.909999999996,353,3.986111111111111
bed_bath_table,SP,2018-07,48871.77,267,4.215151515151515
bed_bath_table,SP,2018-08,59276.23,321,4.209718670076726
bed_bath_table,TO,2017-11,484.28,1,5.0
bed_bath_table,TO,2017-12,122.58,1,1.0
bed_bath_table,TO,2018-01,272.37,2,3.0
bed_bath_table,TO,2018-03,212.75,1,1.0
bed_bath_table,TO,2018-04,116.6,1,5.0
bed_bath_table,TO,2018-05,233.07,1,4.0
bed_bath_table,TO,2018-07,216.85,2,5.0
books_general_interest,AC,2018-01,162.02,1,5.0
books_general_interest,AC,2018-05,595.49,1,3.0
books_general_interest,AL,2018-08,325.74,1,1.0
books_general_interest,AM,2018-05,114.67,1,5.0
books_general_interest,BA,2017-02,142.89,1,5.0
books_general_interest,BA,2017-03,272.52,2,3.0
books_general_interest,BA,2017-06,136.97,1,4.0
books_general_interest,BA,2017-10,132.53,1,
books_general_interest,BA,2017-11,55.53,1,5.0
books_general_interest,BA,2017-12,120.08,2,5.0
books_general_interest,BA,2018-01,152.79999999999998,2,4.5
books_general_interest,BA,2018-03,83.38,1,4.0
books_general_interest,BA,2018-04,37.01,1,1.0
books_general_interest,BA,2018-05,69.18,1,5.0
books_general_interest,BA,2018-06,38.23,1,5.0
books_general_interest,BA,2018-07,93.54,1,5.0
books_general_interest,CE,2017-02,145.01,1,5.0
books_general_interest,CE,2017-06,169.48,1,5.0
books_general_interest,CE,2018-01,142.11,1,5.0
books_general_interest,CE,2018-02,256.22,1,5.0
books_general_interest,CE,2018-04,379.3,1,4.0
books_general_interest,CE,2018-05,678.62,2,5.0
books_general_interest,DF,2017-08,110.93,1,5.0
books_general_interest,DF,2017-09,241.5,3,4.0
books_general_interest,DF,2018-03,34.05,1,5.0
books_general_interest,DF,2018-04,748.3,3,5.0
books_general_interest,DF,2018-05,215.10999999999999,4,3.75
books_general_interest,DF,2018-06,244.32,3,5.0
books_general_interest,DF,2018-07,34.13,1,5.0
books_general_interest,DF,2018-08,35.19,1,5.0
books_general_interest,ES,2017-03,2425.2400000000002,2,4.2
books_general_interest,ES,2017-04,72.98,1,4.0
books_general_interest,ES,2017-10,141.09,1,5.0
books_general_interest,ES,2018-04,106.3,1,4.0
books_general_interest,ES,2018-06,45.25,1,4.0
books_general_interest,ES,2018-07,743.03,2,4.5
books_general_interest,GO,2017-03,136.26,1,4.0
books_general_interest,GO,2017-04,140.97,1,5.0
books_general_interest,GO,2017-07,284.99,2,5.0
books_general_interest,GO,2017-08,1154.92,2,3.0
books_general_interest,GO,2018-01,516.03,1,2.0
books_general_interest,GO,2018-04,211.79000000000002,2,5.0
books_general_interest,GO,2018-05,230.37,2,5.0
books_general_interest,GO,2018-07,48.3,1,5.0
books_general_interest,GO,2018-08,48.21,1,5.0
books_general_interest,MA,2017-04,181.64,1,5.0
books_general_interest,MA,2017-07,157.84,1,5.0
books_general_interest,MA,2017-11,56.15,1,4.0
books_general_interest,MG,2017-03,357.01,3,5.0
books_general_interest,MG,2017-04,177.03000000000003,2,5.0
books_general_interest,MG,2017-05,136.59,1,5.0
books_general_interest,MG,2017-06,733.33,2,4.666666666666667
books_general_interest,MG,2017-07,219.91000000000003,2,5.0
books_general_interest,MG,2017-08,144.4,1,5.0
books_general_interest,MG,2017-10,1122.74,3,5.0
books_general_interest,MG,2017-11,89.28,1,5.0
books_general_interest,MG,2017-12,549.54,6,5.0
books_general_interest,MG,2018-01,258.0,4,4.5
books_general_interest,MG,2018-02,132.25,1,4.0
books_general_interest,MG,2018-03,284.70000000000005,5,4.2
books_general_interest,MG,2018-04,650.5799999999999,2,3.0
books_general_interest,MG,2018-05,211.60999999999999,3,3.3333333333333335
books_general_interest,MG,2018-06,552.47,7,4.833333333333333
books_general_interest,MG,2018-07,717.16,4,4.75
books_general_interest,MG,2018-08,142.14000000000001,3,5.0
books_general_interest,MS,2017-03,131.51,1,4.0
books_general_interest,MS,2017-12,131.57,1,3.0
books_general_interest,MT,2018-03,88.18,2,4.0
books_general_interest,PA,2017-12,31.63,1,4.0
books_general_interest,PA,2018-04,505.77,1,4.0
books_general_interest,PA,2018-05,60.39,1,5.0
books_general_interest,PB,2017-05,62.19,1,5.0
books_general_interest,PB,2017-12,587.52,1,5.0
books_general_interest,PB,2018-07,52.93,1,4.0
books_general_interest,PE,2016-10,144.54,1,5.0
books_general_interest,PE,2017-04,49.83,1,5.0
books_general_interest,PE,2017-05,163.32,1,5.0
books_general_interest,PE,2017-07,159.39,1,5.0
books_general_interest,PE,2017-09,55.28,1,4.0
books_general_interest,PE,2017-12,157.84,1,5.0
books_general_interest,PE,2018-02,71.79,1,5.0
books_general_interest,PE,2018-05,70.39,1,4.0
books_general_interest,PI,2017-05,159.39,1,5.0
books_general_interest,PR,2017-03,194.78,2,5.0
books_general_interest,PR,2017-04,65.67,1,5.0
books_general_interest,PR,2017-05,214.36,2,5.0
books_general_interest,PR,2017-06,347.31,3,4.666666666666667
books_general_interest,PR,2017-07,140.61,1,5.0
books_general_interest,PR,2017-08,231.57,2,5.0
books_general_interest,PR,2017-11,409.6,3,5.0
books_general_interest,PR,2017-12,233.06,2,5.0
books_general_interest,PR,2018-01,233.87,3,5.0
books_general_interest,PR,2018-02,45.1,1,5.0
books_general_interest,PR,2018-03,92.13,2,5.0
books_general_interest,PR,2018-04,1169.29,6,4.888888888888889
books_general_interest,PR,2018-05,283.08,3,4.333333333333333
books_general_interest,PR,2018-06,134.74,2,2.5
books_general_interest,PR,2018-07,360.04,1,5.0
books_general_interest,RJ,2017-02,300.68,3,3.6666666666666665
books_general_interest,RJ,2017-03,305.7,3,4.666666666666667
books_general_interest,RJ,2017-05,437.3,3,5.0
books_general_interest,RJ,2017-06,102.28999999999999,2,4.5
books_general_interest,RJ,2017-07,144.4,1,5.0
books_general_interest,RJ,2017-08,609.63,6,4.333333333333333
books_general_interest,RJ,2017-09,144.4,1,5.0
books_general_interest,RJ,2017-10,132.25,1,4.0
books_general_interest,RJ,2017-11,302.38,5,4.0
books_general_interest,RJ,2017-12,240.55,4,2.75
books_general_interest,RJ,2018-01,453.95,7,4.857142857142857
books_general_interest,RJ,2018-02,411.89,3,3.6666666666666665
books_general_interest,RJ,2018-03,316.99,4,3.0
books_general_interest,RJ,2018-04,415.94,4,4.2
books_general_interest,RJ,2018-05,666.7299999999999,4,5.0
books_general_interest,RJ,2018-06,177.36,2,5.0
books_general_interest,RJ,2018-08,143.94,2,5.0
books_general_interest,RN,2017-11,84.54,2,5.0
books_general_interest,RN,2017-12,422.70000000000005,7,5.0
books_general_interest,RN,2018-01,676.32,10,4.916666666666667
books_general_interest,RN,2018-03,505.77,1,5.0
books_general_interest,RN,2018-04,585.12,1,5.0
books_general_interest,RN,2018-07,41.98,1,5.0
books_general_interest,RO,2017-11,67.66,1,5.0
books_general_interest,RS,2017-02,166.0,1,5.0
books_general_interest,RS,2017-04,137.48,1,5.0
books_general_interest,RS,2017-05,60.56,1,3.0
books_general_interest,RS,2017-06,501.74,4,4.75
books_general_interest,RS,2017-08,46.599999999999994,1,5.0
books_general_interest,RS,2017-09,58.41,1,5.0
books_general_interest,RS,2017-11,316.02,3,2.3333333333333335
books_general_interest,RS,2017-12,178.56,2,5.0
books_general_interest,RS,2018-01,308.73,4,5.0
books_general_interest,RS,2018-02,272.73,3,4.666666666666667
books_general_interest,RS,2018-03,35.05,1,5.0
books_general_interest,RS,2018-04,201.92000000000002,2,2.5
books_general_interest,RS,2018-05,640.06,2,2.5
books_general_interest,RS,2018-06,79.44,1,5.0
books_general_interest,RS,2018-08,106.62,1,4.0
books_general_interest,SC,2017-03,815.48,3,4.0
books_general_interest,SC,2017-05,693.72,3,3.0
books_general_interest,SC,2017-06,128.06,1,5.0
books_general_interest,SC,2017-11,281.45,2,2.0
books_general_interest,SC,2017-12,187.98,1,1.0
books_general_interest,SC,2018-02,435.41,5,4.0
books_general_interest,SC,2018-04,259.91,2,5.0
books_general_interest,SC,2018-05,84.26,2,4.5
books_general_interest,SC,2018-06,68.35,1,5.0
books_general_interest,SE,2017-06,156.35,1,5.0
books_general_interest,SP,2017-01,271.54999999999995,2,5.0
books_general_interest,SP,2017-02,195.44,2,4.5
books_general_interest,SP,2017-03,718.9399999999999,3,4.0
books_general_interest,SP,2017-04,319.37,4,4.25
books_general_interest,SP,2017-05,580.12,6,4.833333333333333
books_general_interest,SP,2017-06,359.67,5,4.2
books_general_interest,SP,2017-07,534.13,4,5.0
books_general_interest,SP,2017-08,1368.73,15,4.571428571428571
books_general_interest,SP,2017-09,700.0,9,3.7777777777777777
books_general_interest,SP,2017-10,156.3,2,4.0
books_general_interest,SP,2017-11,1581.18,19,4.2631578947368425
books_general_interest,SP,2017-12,847.6,10,4.9
books_general_interest,SP,2018-01,480.18,8,5.0
books_general_interest,SP,2018-02,894.72,14,4.5
books_general_interest,SP,2018-03,1568.05,17,4.636363636363637
books_general_interest,SP,2018-04,2970.19,17,4.705882352941177
books_general_interest,SP,2018-05,3151.09,24,4.461538461538462
books_general_interest,SP,2018-06,4094.35,15,4.7
books_general_interest,SP,2018-07,2405.05,13,4.071428571428571
books_general_interest,SP,2018-08,1553.12,25,4.3076923076923075
books_general_interest,TO,2017-08,48.0,1,5.0
books_imported,BA,2017-12,93.98,1,3.0
books_imported,MA,2018-08,804.96,1,5.0
books_imported,MG,2017-02,114.9,1,1.0
books_imported,MG,2017-04,65.14,1,1.0
books_imported,MG,2017-06,258.4,1,5.0
books_imported,MG,2018-01,79.2,1,5.0
books_imported,MG,2018-05,40.22,1,5.0
books_imported,MG,2018-06,76.28,1,5.0
books_imported,PA,2018-07,337.44,1,5.0
books_imported,PR,2017-12,92.29,1,4.0
books_imported,PR,2018-07,63.41,1,1.0
books_imported,RJ,2017-11,91.29,1,5.0
books_imported,RJ,2018-01,96.32,1,5.0
books_imported,RJ,2018-05,502.86,1,5.0
books_imported,RJ,2018-06,156.0,2,5.0
books_imported,RS,2017-11,92.29,1,5.0
books_imported,RS,2018-06,79.5,1,5.0
books_imported,SC,2018-06,40.18,1,5.0
books_imported,SE,2018-06,84.66,1,5.0
books_imported,SP,2017-08,70.34,1,5.0
books_imported,SP,2017-09,512.44,3,5.0
books_imported,SP,2017-11,377.84,1,5.0
books_imported,SP,2017-12,84.79,1,3.0
books_imported,SP,2018-01,473.15,4,3.25
books_imported,SP,2018-02,351.54,3,4.333333333333333
books_imported,SP,2018-03,455.28999999999996,2,5.0
books_imported,SP,2018-04,352.37,4,4.75
books_imported,SP,2018-05,234.06,7,4.857142857142857
books_imported,SP,2018-06,169.54000000000002,3,5.0
books_imported,SP,2018-07,451.21,4,3.4
books_technical,BA,2017-08,65.14,1,5.0
books_technical,BA,2017-12,154.35,1,5.0
books_technical,BA,2018-02,249.78,3,5.0
books_technical,BA,2018-04,129.5,2,3.5
books_technical,BA,2018-06,133.62,1,5.0
books_technical,BA,2018-08,177.16,2,5.0
books_technical,CE,2017-09,124.14,1,5.0
books_technical,CE,2017-11,153.17,1,5.0
books_technical,CE,2018-04,37.71,1,5.0
books_technical,CE,2018-05,33.99,1,
books_technical,DF,2017-11,757.26,1,1.0
books_technical,DF,2018-04,85.31,2,4.666666666666667
books_technical,DF,2018-07,298.18,1,5.0
books_technical,ES,2017-05,40.55,1,5.0
books_technical,ES,2017-09,101.84,1,1.0
books_technical,ES,2018-01,456.12,2,5.0
books_technical,ES,2018-02,154.72,1,5.0
books_technical,ES,2018-03,130.43,2,4.5
books_technical,ES,2018-04,118.36,2,5.0
books_technical,ES,2018-05,217.2,3,2.6666666666666665
books_technical,ES,2018-06,36.22,1,5.0
books_technical,ES,2018-07,126.02,1,5.0
books_technical,GO,2018-01,371.18,1,5.0
books_technical,GO,2018-02,59.25,1,5.0
books_technical,MA,2018-04,123.23,2,3.0
books_technical,MA,2018-05,114.85,1,5.0
books_technical,MG,2017-06,95.32,1,5.0
books_technical,MG,2017-09,125.39,1,5.0
books_technical,MG,2018-01,102.36,1,3.0
books_technical,MG,2018-02,244.35,3,4.25
books_technical,MG,2018-03,241.07,3,5.0
books_technical,MG,2018-05,1085.42,12,4.615384615384615
books_technical,MG,2018-06,555.1899999999999,4,4.0
books_technical,MG,2018-07,185.97,2,5.0
books_technical,MG,2018-08,112.41,1,4.0
books_technical,MS,2017-10,84.24,1,4.0
books_technical,MS,2018-05,47.13,1,5.0
books_technical,MS,2018-08,102.66,2,4.5
books_technical,MT,2017-09,97.12,1,4.0
books_technical,MT,2018-03,48.28,1,4.0
books_technical,MT,2018-05,135.5,2,4.5
books_technical,MT,2018-06,135.59,1,4.0
books_technical,PA,2018-03,76.94,1,5.0
books_technical,PA,2018-06,136.19,1,4.0
books_technical,PE,2017-06,93.21,1,5.0
books_technical,PE,2017-09,144.41,1,5.0
books_technical,PE,2018-01,91.99,1,5.0
books_technical,PE,2018-04,79.95,1,5.0
books_technical,PI,2017-09,105.39,1,5.0
books_technical,PI,2018-02,44.1,1,1.0
books_technical,PR,2017-07,357.62,1,5.0
books_technical,PR,2017-08,401.37,1,5.0
books_technical,PR,2017-10,50.1,1,5.0
books_technical,PR,2017-12,146.47,1,1.0
books_technical,PR,2018-02,39.0,1,5.0
books_technical,PR,2018-03,44.23,1,5.0
books_technical,PR,2018-04,428.73,3,5.0
books_technical,PR,2018-05,120.88999999999999,2,2.5
books_technical,PR,2018-06,158.63,2,5.0
books_technical,PR,2018-07,117.45,1,5.0
books_technical,PR,2018-08,178.21,1,4.0
books_technical,RJ,2017-03,47.78,1,5.0
books_technical,RJ,2017-08,103.37,1,5.0
books_technical,RJ,2017-10,290.37,1,5.0
books_technical,RJ,2017-11,141.64,1,5.0
books_technical,RJ,2018-01,81.1,2,5.0
books_technical,RJ,2018-03,182.76,3,3.6666666666666665
books_technical,RJ,2018-04,224.7,4,4.75
books_technical,RJ,2018-05,278.16999999999996,5,4.2
books_technical,RJ,2018-06,100.33,1,5.0
books_technical,RJ,2018-07,537.08,7,2.8333333333333335
books_technical,RJ,2018-08,164.99,3,4.333333333333333
books_technical,RN,2018-03,100.77,1,5.0
books_technical,RS,2017-10,272.16999999999996,2,5.0
books_technical,RS,2017-12,142.64,1,5.0
books_technical,RS,2018-03,81.22,1,2.0
books_technical,RS,2018-05,276.68,4,5.0
books_technical,RS,2018-06,35.68,1,5.0
books_technical,RS,2018-07,261.59,2,5.0
books_technical,RS,2018-08,69.54,1,5.0
books_technical,SC,2017-10,291.37,1,5.0
books_technical,SC,2018-02,786.06,3,2.75
books_technical,SC,2018-05,74.21,1,5.0
books_technical,SC,2018-06,80.65,2,4.5
books_technical,SC,2018-07,237.73999999999998,2,3.0
books_technical,SP,2016-10,299.84,1,1.0
books_technical,SP,2017-02,182.4,1,4.0
books_technical,SP,2017-03,55.96,1,5.0
books_technical,SP,2017-04,86.92,1,4.0
books_technical,SP,2017-05,99.73,1,4.0
books_technical,SP,2017-07,223.26,1,5.0
books_technical,SP,2017-08,755.1,6,4.5
books_technical,SP,2017-09,438.62,2,4.5
books_technical,SP,2017-11,190.38,2,5.0
books_technical,SP,2017-12,292.5,1,5.0
books_technical,SP,2018-01,501.67,9,4.888888888888889
books_technical,SP,2018-02,706.47,9,3.9166666666666665
books_technical,SP,2018-03,448.19000000000005,4,3.75
books_technical,SP,2018-04,348.97,6,4.5
books_technical,SP,2018-05,1678.15,23,4.391304347826087
books_technical,SP,2018-06,937.6,12,4.75
books_technical,SP,2018-07,841.38,12,4.2727272727272725
books_technical,SP,2018-08,1123.09,18,4.842105263157895
books_technical,TO,2017-05,176.18,1,5.0
books_technical,TO,2018-02,81.67,1,3.0
cds_dvds_musicals,MA,2018-04,117.58,1,5.0
cds_dvds_musicals,RJ,2017-07,122.22,2,4.0
cds_dvds_musicals,RS,2017-07,244.44,1,4.0
cds_dvds_musicals,RS,2017-08,244.44,1,5.0
cds_dvds_musicals,RS,2017-10,61.11,1,5.0
cds_dvds_musicals,SP,2017-07,54.94,1,4.0
cds_dvds_musicals,SP,2017-08,54.94,1,5.0
cds_dvds_musicals,SP,2017-11,224.82,3,5.0
cds_dvds_musicals,SP,2017-12,74.94,1,5.0
christmas_supplies,AC,2017-12,130.85,1,4.0
christmas_supplies,BA,2017-07,22.98,1,5.0
christmas_supplies,BA,2017-08,76.88,1,5.0
christmas_supplies,BA,2018-01,328.5,3,4.333333333333333
christmas_supplies,BA,2018-04,389.63,2,4.25
christmas_supplies,BA,2018-08,368.66,1,4.0
christmas_supplies,CE,2018-02,119.45,1,4.0
christmas_supplies,CE,2018-03,119.45,1,1.0
christmas_supplies,DF,2017-09,300.28,1,5.0
christmas_supplies,DF,2017-12,270.89000000000004,2,4.5
christmas_supplies,DF,2018-02,106.78,1,5.0
christmas_supplies,DF,2018-06,131.37,1,5.0
christmas_supplies,ES,2017-12,24.42,1,
christmas_supplies,ES,2018-01,136.96,1,4.0
christmas_supplies,GO,2017-10,71.04,1,5.0
christmas_supplies,GO,2017-11,295.63,1,5.0
christmas_supplies,GO,2018-02,106.78,1,5.0
christmas_supplies,MA,2017-10,155.27,1,4.0
christmas_supplies,MG,2017-09,96.87,1,4.0
christmas_supplies,MG,2017-10,74.05,1,5.0
christmas_supplies,MG,2017-11,609.47,5,2.5
christmas_supplies,MG,2017-12,227.01999999999998,4,3.75
christmas_supplies,MG,2018-03,115.59,1,5.0
christmas_supplies,MG,2018-04,139.82,2,5.0
christmas_supplies,MG,2018-05,259.03,1,5.0
christmas_supplies,MG,2018-06,101.26,1,3.0
christmas_supplies,MG,2018-08,95.58,2,3.0
christmas_supplies,MS,2017-11,136.98,1,1.0
christmas_supplies,MT,2018-03,109.5,1,5.0
christmas_supplies,PA,2018-02,5589.72,1,
christmas_supplies,PE,2018-02,205.95000000000002,2,4.5
christmas_supplies,PE,2018-03,270.09,1,5.0
christmas_supplies,PE,2018-06,54.16,1,4.0
christmas_supplies,PR,2017-11,182.72,3,3.6666666666666665
christmas_supplies,PR,2017-12,23.2,1,5.0
christmas_supplies,PR,2018-02,29.5,1,5.0
christmas_supplies,PR,2018-08,54.44,1,5.0
christmas_supplies,RJ,2017-06,150.61,1,5.0
christmas_supplies,RJ,2017-11,208.73,3,3.5
christmas_supplies,RJ,2018-02,137.62,2,2.5
christmas_supplies,RJ,2018-03,222.37,2,1.0
christmas_supplies,RJ,2018-04,103.64,1,5.0
christmas_supplies,RJ,2018-05,38.06,1,5.0
christmas_supplies,RJ,2018-06,200.04,1,5.0
christmas_supplies,RJ,2018-07,50.1,1,5.0
christmas_supplies,RN,2017-10,53.98,1,4.0
christmas_supplies,RO,2017-04,93.97,1,5.0
christmas_supplies,RO,2018-01,120.05,1,5.0
christmas_supplies,RS,2017-11,162.91,1,4.0
christmas_supplies,RS,2018-01,548.46,2,2.3333333333333335
christmas_supplies,RS,2018-03,39.69,1,3.0
christmas_supplies,RS,2018-05,90.25,1,5.0
christmas_supplies,SC,2017-06,191.28,1,4.0
christmas_supplies,SC,2017-09,71.27,1,5.0
christmas_supplies,SC,2017-11,87.41,2,3.5
christmas_supplies,SC,2018-01,103.05,1,5.0
christmas_supplies,SC,2018-02,1100.56,2,1.75
christmas_supplies,SC,2018-05,231.18,2,5.0
christmas_supplies,SC,2018-07,115.81,1,5.0
christmas_supplies,SC,2018-08,50.35,1,3.0
christmas_supplies,SP,2017-07,75.07,1,4.0
christmas_supplies,SP,2017-10,585.3199999999999,3,4.625
christmas_supplies,SP,2017-11,379.02,4,4.6
christmas_supplies,SP,2017-12,285.45,5,4.833333333333333
christmas_supplies,SP,2018-01,88.28,1,5.0
christmas_supplies,SP,2018-02,595.61,6,4.0
christmas_supplies,SP,2018-03,317.59999999999997,5,3.0
christmas_supplies,SP,2018-04,116.71000000000001,4,4.25
christmas_supplies,SP,2018-05,54.22,1,5.0
christmas_supplies,SP,2018-06,89.9,2,5.0
christmas_supplies,SP,2018-07,495.75000000000006,6,4.166666666666667
christmas_supplies,SP,2018-08,209.68,6,4.333333333333333
cine_photo,BA,2018-02,156.19,1,5.0
cine_photo,BA,2018-04,120.38,1,2.0
cine_photo,BA,2018-08,107.42,1,4.0
cine_photo,DF,2018-03,118.23,1,5.0
cine_photo,ES,2018-07,110.66,1,5.0
cine_photo,GO,2018-07,127.41,1,5.0
cine_photo,MA,2018-05,72.65,1,5.0
cine_photo,MG,2017-02,95.24,1,5.0
cine_photo,MG,2017-10,107.0,1,3.0
cine_photo,MG,2018-03,164.74,1,1.0
cine_photo,MG,2018-05,189.6,1,1.0
cine_photo,MG,2018-06,170.36,2,4.5
cine_photo,MT,2018-07,723.0,1,5.0
cine_photo,PA,2018-03,491.78,1,1.0
cine_photo,PA,2018-05,68.84,1,5.0
cine_photo,PE,2018-05,68.84,1,5.0
cine_photo,PR,2018-05,336.12,2,4.5
cine_photo,RJ,2017-05,91.71,1,5.0
cine_photo,RJ,2017-11,259.94,1,1.0
cine_photo,RJ,2018-04,65.03,1,5.0
cine_photo,RJ,2018-05,65.03,1,3.0
cine_photo,RJ,2018-08,145.09,1,5.0
cine_photo,RS,2018-02,115.93,1,5.0
cine_photo,RS,2018-03,192.76,1,2.0
cine_photo,RS,2018-04,435.72,3,5.0
cine_photo,RS,2018-05,138.63,1,4.0
cine_photo,RS,2018-06,428.71000000000004,2,5.0
cine_photo,RS,2018-08,31.13,1,4.0
cine_photo,SC,2017-04,78.71,1,5.0
cine_photo,SC,2018-03,108.59,1,3.0
cine_photo,SC,2018-05,922.69,1,5.0
cine_photo,SC,2018-08,103.59,1,4.0
cine_photo,SP,2017-04,87.6,1,5.0
cine_photo,SP,2017-06,112.91,1,5.0
cine_photo,SP,2017-09,102.84,1,5.0
cine_photo,SP,2018-01,223.78,2,5.0
cine_photo,SP,2018-03,111.27,1,3.0
cine_photo,SP,2018-05,822.86,8,5.0
cine_photo,SP,2018-06,870.9599999999999,5,3.857142857142857
cine_photo,SP,2018-07,353.83,4,4.2
cine_photo,SP,2018-08,455.84,5,4.0
computers,AC,2017-09,1251.7,1,1.0
computers,AL,2017-08,1227.89,1,5.0
computers,AL,2018-04,878.48,1,4.0
computers,AM,2017-11,1384.74,1,4.0
computers,AP,2017-10,1482.42,1,5.0
computers,BA,2017-08,3671.62,3,5.0
computers,BA,2017-09,872.6,1,5.0
computers,BA,2017-10,2393.62,2,5.0
computers,BA,2017-12,13027.630000000001,5,3.875
computers,BA,2018-01,702.97,1,5.0
computers,BA,2018-04,827.32,1,5.0
computers,BA,2018-06,15016.82,4,4.428571428571429
computers,BA,2018-07,682.98,1,5.0
computers,BA,2018-08,692.94,1,5.0
computers,CE,2017-09,2783.6000000000004,2,5.0
computers,CE,2017-10,1373.83,1,4.0
computers,CE,2017-11,1479.51,1,3.0
computers,CE,2018-04,910.2,1,5.0
computers,CE,2018-06,892.44,1,5.0
computers,DF,2017-02,3602.47,1,5.0
computers,DF,2017-08,1232.85,1,5.0
computers,DF,2017-09,2969.19,2,5.0
computers,DF,2017-11,1373.83,1,5.0
computers,DF,2018-08,3832.16,1,1.0
computers,ES,2017-12,648.03,1,1.0
computers,ES,2018-07,6922.21,1,
computers,ES,2018-08,783.48,1,5.0
computers,GO,2017-09,3541.44,1,5.0
computers,GO,2018-05,6108.12,1,4.0
computers,MA,2017-08,1240.85,1,5.0
computers,MA,2017-09,2624.74,2,5.0
computers,MA,2017-10,3123.15,2,5.0
computers,MG,2017-08,4502.25,4,3.5
computers,MG,2017-09,1341.55,1,5.0
computers,MG,2017-10,8191.68,6,4.666666666666667
computers,MG,2017-11,4430.53,3,5.0
computers,MG,2017-12,672.41,1,4.0
computers,MG,2018-01,1326.82,2,5.0
computers,MG,2018-08,2755.98,1,5.0
computers,MS,2018-01,690.68,1,4.0
computers,MT,2017-09,1603.25,1,5.0
computers,MT,2017-10,1391.79,1,5.0
computers,PA,2017-08,1250.81,1,5.0
computers,PA,2017-10,803.92,1,1.0
computers,PA,2018-01,1549.6999999999998,2,3.0
computers,PB,2017-10,1372.25,1,1.0
computers,PB,2017-12,1315.26,2,3.0
computers,PB,2018-06,4681.78,1,5.0
computers,PE,2017-08,1129.57,1,1.0
computers,PE,2017-09,5527.25,4,5.0
computers,PE,2017-12,657.63,1,4.0
computers,PE,2018-04,2837.72,1,1.0
computers,PE,2018-07,1491.78,2,4.5
computers,PI,2017-09,810.13,1,5.0
computers,PI,2018-04,884.2,1,5.0
computers,PI,2018-07,861.24,1,5.0
computers,PR,2017-10,6269.57,3,4.333333333333333
computers,PR,2018-04,688.25,1,5.0
computers,RJ,2017-08,3714.5499999999997,3,5.0
computers,RJ,2017-10,10714.630000000001,6,4.333333333333333
computers,RJ,2017-12,6052.7,5,3.3333333333333335
computers,RJ,2018-01,1963.23,3,3.6666666666666665
computers,RJ,2018-04,1794.4,2,4.0
computers,RJ,2018-05,783.26,1,1.0
computers,RJ,2018-07,782.19,1,5.0
computers,RJ,2018-08,52.84,1,4.0
computers,RO,2017-08,1260.76,1,5.0
computers,RO,2017-09,1344.36,1,4.0
computers,RS,2017-01,2217.99,1,4.0
computers,RS,2017-08,2169.0699999999997,2,4.5
computers,RS,2017-09,2588.12,2,5.0
computers,RS,2017-12,1362.84,2,5.0
computers,RS,2018-01,710.22,1,3.0
computers,SC,2017-09,4306.26,3,4.25
computers,SC,2017-11,1391.79,1,3.0
computers,SC,2018-07,627.86,1,4.0
computers,SE,2017-08,2548.59,2,1.0
computers,SP,2017-08,9639.38,8,4.555555555555555
computers,SP,2017-09,24838.09,18,4.166666666666667
computers,SP,2017-10,7480.539999999999,2,3.6666666666666665
computers,SP,2017-12,2045.4699999999998,2,3.0
computers,SP,2018-01,1357.36,2,4.5
computers,SP,2018-04,8420.92,5,4.5
computers,SP,2018-05,17223.670000000002,5,5.0
computers,SP,2018-06,6776.530000000001,2,5.0
computers,SP,2018-07,579.22,1,2.0
computers,SP,2018-08,4543.07,5,3.4
computers,TO,2017-08,1237.81,1,5.0
computers_accessories,AC,2017-02,463.84000000000003,2,5.0
computers_accessories,AC,2017-05,861.26,1,4.0
computers_accessories,AC,2017-07,62.92,1,2.0
computers_accessories,AC,2017-10,94.37,1,1.0
computers_accessories,AC,2018-03,58.92,1,3.0
computers_accessories,AC,2018-07,318.3,1,3.0
computers_accessories,AL,2016-10,53.3,1,1.0
computers_accessories,AL,2017-04,918.79,2,1.0
computers_accessories,AL,2017-05,705.24,4,4.2
computers_accessories,AL,2017-08,4539.96,1,5.0
computers_accessories,AL,2017-11,4379.88,4,5.0
computers_accessories,AL,2018-01,136.82,2,4.0
computers_accessories,AL,2018-02,805.12,4,1.8
computers_accessories,AL,2018-03,720.6500000000001,4,3.2
computers_accessories,AL,2018-04,273.12,2,4.5
computers_accessories,AL,2018-05,720.78,5,4.8
computers_accessories,AL,2018-06,321.29,1,4.0
computers_accessories,AL,2018-07,266.37,2,5.0
computers_accessories,AL,2018-08,611.26,2,5.0
computers_accessories,AM,2017-07,1341.27,1,4.0
computers_accessories,AM,2017-09,109.4,1,5.0
computers_accessories,AM,2017-11,325.47,1,5.0
computers_accessories,AM,2017-12,49.14,1,5.0
computers_accessories,AM,2018-01,54.28,1,4.0
computers_accessories,AM,2018-02,3813.73,2,2.5
computers_accessories,AM,2018-03,173.07,1,
computers_accessories,AM,2018-05,56.31,1,5.0
computers_accessories,AM,2018-07,117.25,2,4.5
computers_accessories,AP,2017-05,120.99,1,1.0
computers_accessories,AP,2017-12,152.0,1,5.0
computers_accessories,AP,2018-01,3191.18,3,3.5
computers_accessories,AP,2018-05,663.36,1,5.0
computers_accessories,AP,2018-08,122.41,1,5.0
computers_accessories,BA,2017-01,50.8,1,5.0
computers_accessories,BA,2017-02,215.97,2,4.5
computers_accessories,BA,2017-03,320.87,4,3.5
computers_accessories,BA,2017-04,3756.05,6,3.8333333333333335
computers_accessories,BA,2017-05,6084.16,11,4.333333333333333
computers_accessories,BA,2017-06,10021.61,12,4.0
computers_accessories,BA,2017-07,836.06,9,3.7
computers_accessories,BA,2017-08,1969.75,14,4.533333333333333
computers_accessories,BA,2017-09,860.8199999999999,7,4.25
computers_accessories,BA,2017-10,425.17,4,4.25
computers_accessories,BA,2017-11,10958.78,11,3.6842105263157894
computers_accessories,BA,2017-12,2635.21,14,3.625
computers_accessories,BA,2018-01,3540.64,20,2.8333333333333335
computers_accessories,BA,2018-02,3668.89,19,4.05
computers_accessories,BA,2018-03,5683.76,21,3.933333333333333
computers_accessories,BA,2018-04,2849.07,19,4.3
computers_accessories,BA,2018-05,2014.73,16,4.105263157894737
computers_accessories,BA,2018-06,1166.3600000000001,12,4.230769230769231
computers_accessories,BA,2018-07,1898.77,12,4.6923076923076925
computers_accessories,BA,2018-08,756.0600000000001,8,4.333333333333333
computers_accessories,CE,2017-03,95.53999999999999,2,4.0
computers_accessories,CE,2017-04,417.26,4,3.8
computers_accessories,CE,2017-05,2504.86,5,5.0
computers_accessories,CE,2017-06,208.06,2,3.0
computers_accessories,CE,2017-07,253.70999999999998,3,2.75
computers_accessories,CE,2017-08,3583.4,5,3.4615384615384617
computers_accessories,CE,2017-09,5762.79,5,2.7777777777777777
computers_accessories,CE,2017-10,551.09,4,4.0
computers_accessories,CE,2017-11,803.35,4,3.6666666666666665
computers_accessories,CE,2017-12,605.2,3,3.6666666666666665
computers_accessories,CE,2018-01,1375.5,7,2.857142857142857
computers_accessories,CE,2018-02,698.54,7,2.857142857142857
computers_accessories,CE,2018-03,534.83,6,3.3333333333333335
computers_accessories,CE,2018-04,1388.6299999999999,9,3.2222222222222223
computers_accessories,CE,2018-05,464.65,3,5.0
computers_accessories,CE,2018-06,481.27,5,4.571428571428571
computers_accessories,CE,2018-07,1564.76,8,4.375
computers_accessories,CE,2018-08,528.86,3,4.666666666666667
computers_accessories,DF,2016-10,51.05,1,1.0
computers_accessories,DF,2017-02,3736.22,1,4.0
computers_accessories,DF,2017-03,369.64,4,4.0
computers_accessories,DF,2017-05,1282.13,5,4.4
computers_accessories,DF,2017-06,4149.9,3,2.75
computers_accessories,DF,2017-07,4006.2,5,3.3333333333333335
computers_accessories,DF,2017-08,386.15999999999997,3,2.3333333333333335
computers_accessories,DF,2017-09,1548.67,5,2.5454545454545454
computers_accessories,DF,2017-10,639.31,4,3.75
computers_accessories,DF,2017-11,12192.96,13,2.9523809523809526
computers_accessories,DF,2017-12,816.05,3,2.6
computers_accessories,DF,2018-01,1125.27,11,4.666666666666667
computers_accessories,DF,2018-02,6097.26,27,2.914285714285714
computers_accessories,DF,2018-03,700.74,5,3.8
computers_accessories,DF,2018-04,1120.44,9,4.333333333333333
computers_accessories,DF,2018-05,1104.44,9,4.0
computers_accessories,DF,2018-06,956.7900000000001,6,5.0
computers_accessories,DF,2018-07,1431.95,8,4.0
computers_accessories,DF,2018-08,2260.34,14,4.2
computers_accessories,ES,2017-01,35.42,1,4.0
computers_accessories,ES,2017-02,961.08,3,4.8
computers_accessories,ES,2017-03,93.37,2,4.5
computers_accessories,ES,2017-04,366.64,2,5.0
computers_accessories,ES,2017-05,1687.71,9,4.111111111111111
computers_accessories,ES,2017-06,1071.47,5,4.333333333333333
computers_accessories,ES,2017-07,704.37,7,3.857142857142857
computers_accessories,ES,2017-08,278.46000000000004,5,4.4
computers_accessories,ES,2017-09,48.69,1,5.0
computers_accessories,ES,2017-10,577.99,7,3.7142857142857144
computers_accessories,ES,2017-11,2401.9,11,4.1
computers_accessories,ES,2017-12,213.76,3,4.666666666666667
computers_accessories,ES,2018-01,1660.01,11,4.090909090909091
computers_accessories,ES,2018-02,3630.82,22,3.4583333333333335
computers_accessories,ES,2018-03,3756.94,15,3.782608695652174
computers_accessories,ES,2018-04,1054.76,8,3.6666666666666665
computers_accessories,ES,2018-05,777.1800000000001,9,4.777777777777778
computers_accessories,ES,2018-06,440.69,3,3.3333333333333335
computers_accessories,ES,2018-07,784.8399999999999,9,3.8181818181818183
computers_accessories,ES,2018-08,581.5699999999999,6,5.0
computers_accessories,GO,2017-01,768.47,2,5.0
computers_accessories,GO,2017-02,348.46,1,5.0
computers_accessories,GO,2017-03,123.31,3,3.6666666666666665
computers_accessories,GO,2017-04,1544.43,2,1.0
computers_accessories,GO,2017-05,1466.32,6,4.833333333333333
computers_accessories,GO,2017-06,501.6,3,3.75
computers_accessories,GO,2017-07,1098.57,7,3.75
computers_accessories,GO,2017-08,773.48,6,4.857142857142857
computers_accessories,GO,2017-09,987.5699999999999,2,4.0
computers_accessories,GO,2017-10,1072.94,3,4.0
computers_accessories,GO,2017-11,2984.2799999999997,11,4.230769230769231
computers_accessories,GO,2017-12,299.76,4,4.5
computers_accessories,GO,2018-01,1455.88,10,4.181818181818182
computers_accessories,GO,2018-02,1212.29,9,4.0
computers_accessories,GO,2018-03,1717.67,8,4.375
computers_accessories,GO,2018-04,2287.48,13,3.857142857142857
computers_accessories,GO,2018-05,1164.4,9,3.5
computers_accessories,GO,2018-06,135.39000000000001,3,4.666666666666667
computers_accessories,GO,2018-07,683.69,4,4.75
computers_accessories,GO,2018-08,705.41,5,3.4
computers_accessories,MA,2017-01,38.0,1,5.0
computers_accessories,MA,2017-03,779.7,6,3.6666666666666665
computers_accessories,MA,2017-04,51.88,1,4.0
computers_accessories,MA,2017-05,110.83,1,4.0
computers_accessories,MA,2017-06,176.14999999999998,3,3.0
computers_accessories,MA,2017-07,943.7099999999999,3,3.0
computers_accessories,MA,2017-08,468.55,4,3.6666666666666665
computers_accessories,MA,2017-10,846.6099999999999,2,3.6666666666666665
computers_accessories,MA,2017-11,3028.99,5,3.4285714285714284
computers_accessories,MA,2017-12,396.41999999999996,3,3.0
computers_accessories,MA,2018-01,1257.21,6,4.333333333333333
computers_accessories,MA,2018-02,1421.25,5,3.6
computers_accessories,MA,2018-03,909.24,5,3.0
computers_accessories,MA,2018-04,983.1600000000001,4,4.5
computers_accessories,MA,2018-05,19550.85,3,1.875
computers_accessories,MA,2018-06,799.58,4,4.75
computers_accessories,MA,2018-07,483.9,5,2.4
computers_accessories,MA,2018-08,676.8299999999999,4,3.5
computers_accessories,MG,2016-10,1223.46,4,2.5
computers_accessories,MG,2017-01,278.61,3,4.333333333333333
computers_accessories,MG,2017-02,1044.54,15,3.375
computers_accessories,MG,2017-03,4823.88,18,4.235294117647059
computers_accessories,MG,2017-04,2399.73,10,4.090909090909091
computers_accessories,MG,2017-05,5565.7,34,4.1395348837209305
computers_accessories,MG,2017-06,2515.77,27,4.0
computers_accessories,MG,2017-07,5408.83,24,3.9375
computers_accessories,MG,2017-08,4725.4,28,4.146341463414634
computers_accessories,MG,2017-09,3412.19,29,4.32258064516129
computers_accessories,MG,2017-10,7699.23,38,3.8461538461538463
computers_accessories,MG,2017-11,15757.1,53,3.8620689655172415
computers_accessories,MG,2017-12,9195.44,45,4.142857142857143
computers_accessories,MG,2018-01,24357.9,82,3.857142857142857
computers_accessories,MG,2018-02,20389.45,119,3.804054054054054
computers_accessories,MG,2018-03,18082.47,86,3.4215686274509802
computers_accessories,MG,2018-04,12012.61,71,4.118421052631579
computers_accessories,MG,2018-05,14291.67,47,3.540983606557377
computers_accessories,MG,2018-06,9360.62,44,4.150943396226415
computers_accessories,MG,2018-07,4718.19,49,4.153846153846154
computers_accessories,MG,2018-08,7321.32,51,4.339285714285714
computers_accessories,MS,2017-02,65.64,1,5.0
computers_accessories,MS,2017-03,3257.33,2,5.0
computers_accessories,MS,2017-05,1452.76,3,5.0
computers_accessories,MS,2017-06,395.99,3,4.666666666666667
computers_accessories,MS,2017-07,356.9,2,3.0
computers_accessories,MS,2017-08,147.28,1,5.0
computers_accessories,MS,2017-09,312.31,1,5.0
computers_accessories,MS,2017-10,209.09,3,5.0
computers_accessories,MS,2017-11,506.82,4,3.8
computers_accessories,MS,2017-12,338.12,3,5.0
computers_accessories,MS,2018-01,738.24,6,4.428571428571429
computers_accessories,MS,2018-02,708.61,5,4.6
computers_accessories,MS,2018-03,711.37,6,3.0
computers_accessories,MS,2018-04,626.62,3,4.25
computers_accessories,MS,2018-05,138.74,1,5.0
computers_accessories,MS,2018-06,1615.94,4,3.4
computers_accessories,MS,2018-07,1187.01,3,5.0
computers_accessories,MS,2018-08,419.01,4,3.75
computers_accessories,MT,2017-03,243.42000000000002,2,3.6666666666666665
computers_accessories,MT,2017-04,159.33,3,4.666666666666667
computers_accessories,MT,2017-05,107.06,2,3.5
computers_accessories,MT,2017-06,56.69,1,3.0
computers_accessories,MT,2017-07,204.98,1,
computers_accessories,MT,2017-08,301.09999999999997,3,3.6666666666666665
computers_accessories,MT,2017-09,65.53,1,5.0
computers_accessories,MT,2017-10,1975.35,3,4.75
computers_accessories,MT,2017-11,5086.77,6,3.4285714285714284
computers_accessories,MT,2017-12,1592.42,4,4.5
computers_accessories,MT,2018-01,121.59,2,5.0
computers_accessories,MT,2018-02,961.01,5,4.166666666666667
computers_accessories,MT,2018-03,1155.8,3,2.0
computers_accessories,MT,2018-04,456.57,3,4.0
computers_accessories,MT,2018-05,1717.16,3,3.1538461538461537
computers_accessories,MT,2018-06,162.68,1,3.0
computers_accessories,MT,2018-07,533.26,2,5.0
computers_accessories,PA,2017-02,146.84,2,3.5
computers_accessories,PA,2017-03,2685.34,4,4.5
computers_accessories,PA,2017-04,792.12,4,4.5
computers_accessories,PA,2017-05,608.19,4,5.0
computers_accessories,PA,2017-06,555.01,4,4.2
computers_accessories,PA,2017-07,700.19,5,4.0
computers_accessories,PA,2017-08,904.38,4,5.0
computers_accessories,PA,2017-09,388.47999999999996,4,4.5
computers_accessories,PA,2017-10,886.5,7,4.0
computers_accessories,PA,2017-11,531.41,4,2.25
computers_accessories,PA,2017-12,819.87,3,5.0
computers_accessories,PA,2018-01,3156.03,6,3.25
computers_accessories,PA,2018-03,811.84,7,2.5714285714285716
computers_accessories,PA,2018-04,677.2,6,3.8333333333333335
computers_accessories,PA,2018-05,881.25,7,4.0
computers_accessories,PA,2018-06,281.40999999999997,4,4.0
computers_accessories,PA,2018-07,1347.81,7,4.8
computers_accessories,PA,2018-08,2159.77,2,2.0
computers_accessories,PB,2017-04,222.8,1,4.0
computers_accessories,PB,2017-05,62.28,1,5.0
computers_accessories,PB,2017-06,753.84,1,5.0
computers_accessories,PB,2017-07,6122.379999999999,4,4.142857142857143
computers_accessories,PB,2017-08,71.05,1,5.0
computers_accessories,PB,2017-10,1229.19,1,5.0
computers_accessories,PB,2017-11,287.64,1,5.0
computers_accessories,PB,2017-12,610.26,4,3.6666666666666665
computers_accessories,PB,2018-01,489.73,4,4.5
computers_accessories,PB,2018-02,749.3399999999999,3,4.2
computers_accessories,PB,2018-03,2621.48,3,4.888888888888889
computers_accessories,PB,2018-04,45.84,1,4.0
computers_accessories,PB,2018-05,754.1999999999999,4,4.4
computers_accessories,PB,2018-06,540.95,6,4.5
computers_accessories,PB,2018-07,498.71999999999997,2,3.0
computers_accessories,PB,2018-08,713.01,4,5.0
computers_accessories,PE,2016-10,95.58,1,1.0
computers_accessories,PE,2017-02,683.1400000000001,2,4.0
computers_accessories,PE,2017-03,94.88,1,5.0
computers_accessories,PE,2017-05,1115.57,7,4.571428571428571
computers_accessories,PE,2017-06,144.2,1,1.0
computers_accessories,PE,2017-07,1016.46,6,4.0
computers_accessories,PE,2017-08,200.78,3,2.3333333333333335
computers_accessories,PE,2017-09,849.8499999999999,5,3.5
computers_accessories,PE,2017-11,1919.51,10,4.153846153846154
computers_accessories,PE,2017-12,2984.12,6,4.333333333333333
computers_accessories,PE,2018-01,2368.83,7,4.5
computers_accessories,PE,2018-02,1107.2,8,3.7777777777777777
computers_accessories,PE,2018-03,375.11,3,2.0
computers_accessories,PE,2018-04,1504.23,11,4.416666666666667
computers_accessories,PE,2018-05,2153.14,12,4.615384615384615
computers_accessories,PE,2018-06,899.26,6,3.857142857142857
computers_accessories,PE,2018-07,920.61,7,4.714285714285714
computers_accessories,PE,2018-08,570.83,4,4.25
computers_accessories,PI,2017-02,41.7,1,5.0
computers_accessories,PI,2017-04,149.45,1,
computers_accessories,PI,2017-05,65.28,1,5.0
computers_accessories,PI,2017-07,221.38,3,3.3333333333333335
computers_accessories,PI,2017-08,168.46,1,5.0
computers_accessories,PI,2017-09,441.96,2,3.5
computers_accessories,PI,2017-10,344.03,1,5.0
computers_accessories,PI,2017-11,450.74,3,4.0
computers_accessories,PI,2017-12,54.28,1,5.0
computers_accessories,PI,2018-01,1113.23,6,4.166666666666667
computers_accessories,PI,2018-03,878.7,4,4.75
computers_accessories,PI,2018-04,1082.49,5,4.0
computers_accessories,PI,2018-05,159.96,1,5.0
computers_accessories,PI,2018-06,1125.74,4,4.25
computers_accessories,PI,2018-07,211.39999999999998,2,4.0
computers_accessories,PR,2016-10,58.41,1,5.0
computers_accessories,PR,2017-01,166.66,3,3.6666666666666665
computers_accessories,PR,2017-02,169.35999999999999,4,4.75
computers_accessories,PR,2017-03,1914.18,8,3.2
computers_accessories,PR,2017-04,1084.28,4,3.4
computers_accessories,PR,2017-05,9238.26,16,4.181818181818182
computers_accessories,PR,2017-06,1510.03,11,3.8461538461538463
computers_accessories,PR,2017-07,1731.45,14,4.6
computers_accessories,PR,2017-08,921.9300000000001,12,4.153846153846154
computers_accessories,PR,2017-09,1413.47,10,4.545454545454546
computers_accessories,PR,2017-10,2403.02,13,3.7142857142857144
computers_accessories,PR,2017-11,10371.83,26,3.8684210526315788
computers_accessories,PR,2017-12,1838.72,13,4.642857142857143
computers_accessories,PR,2018-01,4874.25,24,4.275862068965517
computers_accessories,PR,2018-02,11209.52,45,3.7719298245614037
computers_accessories,PR,2018-03,7931.59,43,3.909090909090909
computers_accessories,PR,2018-04,3606.06,27,4.0
computers_accessories,PR,2018-05,1120.53,7,3.2857142857142856
computers_accessories,PR,2018-06,2717.07,16,4.0
computers_accessories,PR,2018-07,2256.11,20,4.1
computers_accessories,PR,2018-08,4848.75,21,4.153846153846154
computers_accessories,RJ,2016-10,33.519999999999996,1,3.0
computers_accessories,RJ,2017-01,113.86,1,5.0
computers_accessories,RJ,2017-02,1816.1899999999998,13,4.416666666666667
computers_accessories,RJ,2017-03,5506.67,25,4.111111111111111
computers_accessories,RJ,2017-04,1664.61,8,4.25
computers_accessories,RJ,2017-05,11984.37,36,4.270833333333333
computers_accessories,RJ,2017-06,5803.4,27,4.17948717948718
computers_accessories,RJ,2017-07,17554.4,49,4.228070175438597
computers_accessories,RJ,2017-08,5467.26,33,4.2439024390243905
computers_accessories,RJ,2017-09,9045.92,32,4.066666666666666
computers_accessories,RJ,2017-10,13386.27,42,4.277777777777778
computers_accessories,RJ,2017-11,12598.15,56,3.746268656716418
computers_accessories,RJ,2017-12,10570.33,32,3.75
computers_accessories,RJ,2018-01,20200.76,91,3.759259259259259
computers_accessories,RJ,2018-02,22929.76,115,2.7943262411347516
computers_accessories,RJ,2018-03,16276.27,84,3.673469387755102
computers_accessories,RJ,2018-04,7050.16,42,3.3958333333333335
computers_accessories,RJ,2018-05,6213.58,41,4.086956521739131
computers_accessories,RJ,2018-06,13537.5,41,4.2075471698113205
computers_accessories,RJ,2018-07,8412.3,45,4.0588235294117645
computers_accessories,RJ,2018-08,5804.3,45,4.42
computers_accessories,RN,2016-10,41.18,1,5.0
computers_accessories,RN,2017-02,40.74,1,5.0
computers_accessories,RN,2017-04,226.0,1,5.0
computers_accessories,RN,2017-05,80.57,1,5.0
computers_accessories,RN,2017-07,238.06,2,4.5
computers_accessories,RN,2017-08,238.91,2,4.5
computers_accessories,RN,2017-09,84.05,1,3.0
computers_accessories,RN,2017-10,74.28,1,5.0
computers_accessories,RN,2017-11,1144.41,5,2.7142857142857144
computers_accessories,RN,2018-01,599.47,3,5.0
computers_accessories,RN,2018-02,329.33000000000004,3,5.0
computers_accessories,RN,2018-04,1324.3999999999999,2,1.0
computers_accessories,RN,2018-05,158.92,1,4.0
computers_accessories,RN,2018-06,170.14,1,5.0
computers_accessories,RN,2018-07,234.26,2,4.5
computers_accessories,RO,2017-02,90.99000000000001,2,5.0
computers_accessories,RO,2017-03,1321.0,1,2.0
computers_accessories,RO,2017-06,213.12,1,4.0
computers_accessories,RO,2017-07,80.8,1,5.0
computers_accessories,RO,2017-08,57.28,1,4.0
computers_accessories,RO,2017-10,403.65,2,4.5
computers_accessories,RO,2018-01,348.28,2,3.0
computers_accessories,RO,2018-03,134.01,1,4.0
computers_accessories,RO,2018-04,421.0,2,4.5
computers_accessories,RO,2018-06,197.96,2,4.0
computers_accessories,RO,2018-08,1023.3299999999999,2,5.0
computers_accessories,RR,2017-02,55.87,1,5.0
computers_accessories,RR,2017-04,58.97,1,3.0
computers_accessories,RR,2017-06,62.92,1,5.0
computers_accessories,RR,2018-02,65.21,1,1.0
computers_accessories,RR,2018-07,435.21,1,5.0
computers_accessories,RS,2016-10,233.7,2,4.333333333333333
computers_accessories,RS,2017-01,2064.7,2,5.0
computers_accessories,RS,2017-02,363.92,5,4.4
computers_accessories,RS,2017-03,579.14,4,3.8
computers_accessories,RS,2017-04,880.9499999999999,8,4.75
computers_accessories,RS,2017-05,1887.58,13,4.785714285714286
computers_accessories,RS,2017-06,7157.65,21,4.424242424242424
computers_accessories,RS,2017-07,4088.33,18,3.121212121212121
computers_accessories,RS,2017-08,5312.4,22,4.518518518518518
computers_accessories,RS,2017-09,2787.77,19,4.136363636363637
computers_accessories,RS,2017-10,23491.09,19,4.03030303030303
computers_accessories,RS,2017-11,10215.99,29,3.3
computers_accessories,RS,2017-12,1126.8600000000001,10,4.6
computers_accessories,RS,2018-01,4559.4,26,3.90625
computers_accessories,RS,2018-02,16965.33,43,3.318840579710145
computers_accessories,RS,2018-03,10144.02,46,3.542372881355932
computers_accessories,RS,2018-04,3912.36,18,4.636363636363637
computers_accessories,RS,2018-05,5044.4,24,4.176470588235294
computers_accessories,RS,2018-06,4424.12,24,4.111111111111111
computers_accessories,RS,2018-07,4305.83,22,4.111111111111111
computers_accessories,RS,2018-08,2235.35,15,4.8125
computers_accessories,SC,2017-03,2022.8799999999999,8,4.125
computers_accessories,SC,2017-04,1246.62,8,4.153846153846154
computers_accessories,SC,2017-05,12059.12,8,3.7
computers_accessories,SC,2017-06,1974.82,11,3.642857142857143
computers_accessories,SC,2017-07,3594.63,19,4.541666666666667
computers_accessories,SC,2017-08,1791.57,14,4.071428571428571
computers_accessories,SC,2017-09,3010.8,10,4.384615384615385
computers_accessories,SC,2017-10,2337.6400000000003,10,3.909090909090909
computers_accessories,SC,2017-11,4626.8,21,3.64
computers_accessories,SC,2017-12,884.65,8,4.5
computers_accessories,SC,2018-01,5302.55,21,3.68
computers_accessories,SC,2018-02,9639.01,39,3.2264150943396226
computers_accessories,SC,2018-03,4566.27,25,4.0
computers_accessories,SC,2018-04,2080.23,8,4.1
computers_accessories,SC,2018-05,6400.94,19,4.28
computers_accessories,SC,2018-06,2253.5099999999998,15,4.2592592592592595
computers_accessories,SC,2018-07,2105.7599999999998,15,3.888888888888889
computers_accessories,SC,2018-08,996.65,8,4.75
computers_accessories,SE,2016-10,176.85,1,5.0
computers_accessories,SE,2017-02,89.47999999999999,2,4.5
computers_accessories,SE,2017-03,97.47999999999999,2,5.0
computers_accessories,SE,2017-04,192.0,2,4.5
computers_accessories,SE,2017-08,84.05,1,5.0
computers_accessories,SE,2017-09,1095.44,3,3.5
computers_accessories,SE,2017-10,84.02,2,5.0
computers_accessories,SE,2017-11,67.28,1,2.0
computers_accessories,SE,2018-01,524.34,3,4.333333333333333
computers_accessories,SE,2018-02,2016.86,4,4.833333333333333
computers_accessories,SE,2018-03,154.94,1,3.0
computers_accessories,SE,2018-05,567.52,3,4.666666666666667
computers_accessories,SE,2018-06,340.65999999999997,3,5.0
computers_accessories,SE,2018-07,152.62,1,5.0
computers_accessories,SE,2018-08,733.61,4,4.0
computers_accessories,SP,2016-10,429.65,5,2.6
computers_accessories,SP,2017-01,2924.8,10,4.125
computers_accessories,SP,2017-02,5030.89,39,3.4651162790697674
computers_accessories,SP,2017-03,15575.55,54,3.746268656716418
computers_accessories,SP,2017-04,10299.960000000001,50,3.6785714285714284
computers_accessories,SP,2017-05,25469.96,91,4.24
computers_accessories,SP,2017-06,18708.8,80,3.933333333333333
computers_accessories,SP,2017-07,21258.7,90,4.263636363636364
computers_accessories,SP,2017-08,31886.27,131,4.224852071005917
computers_accessories,SP,2017-09,28892.42,77,3.8085106382978724
computers_accessories,SP,2017-10,29859.6,95,4.056
computers_accessories,SP,2017-11,34377.82,165,4.040404040404041
computers_accessories,SP,2017-12,21065.3,91,3.8796296296296298
computers_accessories,SP,2018-01,68182.96,238,3.8630573248407645
computers_accessories,SP,2018-02,103351.09,312,3.5822784810126582
computers_accessories,SP,2018-03,65236.15,258,4.12111801242236
computers_accessories,SP,2018-04,46290.56,218,3.9498069498069497
computers_accessories,SP,2018-05,30821.09,183,3.969849246231156
computers_accessories,SP,2018-06,28116.38,153,4.028248587570621
computers_accessories,SP,2018-07,27462.17,159,4.373626373626373
computers_accessories,SP,2018-08,26640.6,180,4.199004975124378
computers_accessories,TO,2017-04,458.71,2,4.333333333333333
computers_accessories,TO,2017-06,2947.02,2,4.5
computers_accessories,TO,2017-08,130.32,2,5.0
computers_accessories,TO,2017-09,117.16,1,4.0
computers_accessories,TO,2017-10,280.86,3,3.4
computers_accessories,TO,2018-01,434.42,1,4.0
computers_accessories,TO,2018-02,570.98,4,3.75
computers_accessories,TO,2018-03,284.82,2,5.0
computers_accessories,TO,2018-07,166.81,1,5.0
computers_accessories,TO,2018-08,60.98,1,5.0
consoles_games,AC,2017-08,321.92,1,5.0
consoles_games,AL,2017-03,220.35,1,5.0
consoles_games,AL,2017-07,74.05,1,5.0
consoles_games,AL,2017-09,54.05,1,4.0
consoles_games,AL,2018-01,738.57,1,1.0
consoles_games,AL,2018-02,1225.52,2,3.0
consoles_games,AL,2018-07,665.44,1,3.0
consoles_games,AM,2017-02,370.29,1,4.0
consoles_games,AM,2018-05,141.65,1,5.0
consoles_games,AP,2018-07,137.27,1,4.0
consoles_games,BA,2017-03,716.65,1,
consoles_games,BA,2017-06,91.17,2,3.0
consoles_games,BA,2017-07,424.65,2,4.0
consoles_games,BA,2017-08,295.12,2,3.6666666666666665
consoles_games,BA,2017-09,580.33,4,4.8
consoles_games,BA,2017-10,240.69,4,4.4
consoles_games,BA,2017-11,199.72,3,4.333333333333333
consoles_games,BA,2017-12,510.08,4,4.6
consoles_games,BA,2018-01,144.33,1,5.0
consoles_games,BA,2018-03,626.65,2,2.5
consoles_games,BA,2018-04,819.31,1,2.0
consoles_games,BA,2018-05,58.26,1,3.0
consoles_games,BA,2018-06,463.22,4,4.6
consoles_games,BA,2018-07,58.38,1,3.0
consoles_games,BA,2018-08,73.25,1,4.0
consoles_games,CE,2016-10,661.75,1,5.0
consoles_games,CE,2017-02,720.98,1,1.0
consoles_games,CE,2017-03,1840.28,4,3.25
consoles_games,CE,2017-06,31.0,1,5.0
consoles_games,CE,2017-08,227.57,3,4.666666666666667
consoles_games,CE,2017-12,135.58,1,5.0
consoles_games,CE,2018-03,248.64999999999998,2,1.5
consoles_games,CE,2018-04,139.61,1,5.0
consoles_games,CE,2018-05,277.95,2,4.0
consoles_games,DF,2017-02,115.9,1,5.0
consoles_games,DF,2017-08,184.56,2,5.0
consoles_games,DF,2017-09,35.0,1,5.0
consoles_games,DF,2017-10,650.49,6,4.5
consoles_games,DF,2017-11,329.22,4,4.5
consoles_games,DF,2017-12,39.59,1,5.0
consoles_games,DF,2018-02,63.0,1,3.0
consoles_games,DF,2018-03,217.23000000000002,3,3.6666666666666665
consoles_games,DF,2018-04,48.96,1,5.0
consoles_games,DF,2018-05,203.85000000000002,2,5.0
consoles_games,DF,2018-06,574.95,4,5.0
consoles_games,DF,2018-07,88.58,1,5.0
consoles_games,DF,2018-08,75.55,1,2.0
consoles_games,ES,2016-10,75.33,1,1.0
consoles_games,ES,2017-01,1511.22,3,1.0
consoles_games,ES,2017-05,171.57,1,5.0
consoles_games,ES,2017-07,35.0,1,5.0
consoles_games,ES,2017-08,101.35,1,5.0
consoles_games,ES,2017-10,460.82,3,4.0
consoles_games,ES,2017-11,133.21,3,2.6666666666666665
consoles_games,ES,2017-12,66.79,1,2.0
consoles_games,ES,2018-03,122.4,1,5.0
consoles_games,ES,2018-04,801.28,3,4.0
consoles_games,ES,2018-05,73.25,1,5.0
consoles_games,ES,2018-06,479.16999999999996,2,4.5
consoles_games,ES,2018-07,71.35,1,5.0
consoles_games,GO,2017-04,76.11,1,5.0
consoles_games,GO,2017-05,54.79,1,4.0
consoles_games,GO,2017-07,35.0,1,5.0
consoles_games,GO,2017-08,374.15,1,5.0
consoles_games,GO,2017-10,387.2,4,4.5
consoles_games,GO,2017-11,96.39,2,4.5
consoles_games,GO,2017-12,220.04,1,1.0
consoles_games,GO,2018-02,913.13,3,2.6666666666666665
consoles_games,GO,2018-06,298.91,2,3.0
consoles_games,GO,2018-07,31.96,1,5.0
consoles_games,GO,2018-08,411.0,4,4.75
consoles_games,MA,2017-04,133.19,1,4.0
consoles_games,MA,2017-08,532.03,2,4.0
consoles_games,MA,2017-09,74.05,1,5.0
consoles_games,MA,2017-10,54.05,1,1.0
consoles_games,MA,2018-02,738.57,1,1.0
consoles_games,MG,2017-01,704.28,4,4.8
consoles_games,MG,2017-02,1523.25,5,4.0
consoles_games,MG,2017-03,856.91,5,4.0
consoles_games,MG,2017-04,65.7,1,4.0
consoles_games,MG,2017-05,50.05,1,5.0
consoles_games,MG,2017-06,567.35,3,5.0
consoles_games,MG,2017-07,273.5,5,4.6
consoles_games,MG,2017-08,596.4300000000001,11,4.333333333333333
consoles_games,MG,2017-09,1172.83,3,4.666666666666667
consoles_games,MG,2017-10,1623.35,8,4.4
consoles_games,MG,2017-11,2204.4199999999996,17,3.9473684210526314
consoles_games,MG,2017-12,1004.65,8,4.777777777777778
consoles_games,MG,2018-01,2661.81,10,4.25
consoles_games,MG,2018-02,165.22,2,5.0
consoles_games,MG,2018-03,5824.46,11,3.9166666666666665
consoles_games,MG,2018-04,1155.17,4,4.75
consoles_games,MG,2018-05,2671.5499999999997,8,4.153846153846154
consoles_games,MG,2018-06,223.09,3,5.0
consoles_games,MG,2018-07,681.23,8,4.75
consoles_games,MG,2018-08,394.34,5,4.2
consoles_games,MS,2017-03,76.11,1,5.0
consoles_games,MS,2017-06,180.1,1,5.0
consoles_games,MS,2017-09,46.69,1,4.0
consoles_games,MS,2017-10,117.13,1,5.0
consoles_games,MS,2017-11,176.28,2,5.0
consoles_games,MT,2017-07,310.8,2,5.0
consoles_games,MT,2017-09,115.91,1,3.0
consoles_games,MT,2017-11,473.62,1,5.0
consoles_games,MT,2017-12,379.08,1,4.0
consoles_games,MT,2018-01,49.29,1,5.0
consoles_games,MT,2018-04,54.72,1,5.0
consoles_games,MT,2018-06,61.1,1,2.0
consoles_games,MT,2018-07,68.15,1,5.0
consoles_games,PA,2017-01,69.45,1,5.0
consoles_games,PA,2017-03,185.02,1,1.0
consoles_games,PA,2017-06,418.04,1,5.0
consoles_games,PA,2017-07,43.14,1,4.0
consoles_games,PA,2017-08,227.45,2,4.25
consoles_games,PA,2017-10,146.46,1,5.0
consoles_games,PA,2017-11,96.82,1,5.0
consoles_games,PA,2018-02,918.2800000000001,3,3.3333333333333335
consoles_games,PA,2018-03,324.04999999999995,2,1.0
consoles_games,PA,2018-07,111.13,1,5.0
consoles_games,PB,2017-03,83.9,1,5.0
consoles_games,PB,2017-08,79.15,1,3.0
consoles_games,PB,2017-09,355.03,1,5.0
consoles_games,PB,2017-11,58.65,1,3.0
consoles_games,PB,2018-02,470.01,2,4.333333333333333
consoles_games,PB,2018-04,48.84,1,5.0
consoles_games,PE,2017-01,240.89,1,1.0
consoles_games,PE,2017-03,720.98,1,5.0
consoles_games,PE,2017-04,59.8,1,5.0
consoles_games,PE,2017-05,59.8,1,5.0
consoles_games,PE,2017-07,1186.6799999999998,2,2.0
consoles_games,PE,2017-08,222.91,2,3.5
consoles_games,PE,2017-10,1849.81,3,4.666666666666667
consoles_games,PE,2017-11,266.38,2,2.5
consoles_games,PE,2017-12,271.93,3,4.75
consoles_games,PE,2018-03,1175.8600000000001,2,5.0
consoles_games,PE,2018-04,139.61,1,
consoles_games,PE,2018-08,146.02,1,1.0
consoles_games,PI,2017-01,221.85,1,5.0
consoles_games,PI,2017-08,787.27,3,3.3333333333333335
consoles_games,PI,2018-01,46.05,1,3.0
consoles_games,PI,2018-05,952.1999999999999,1,4.0
consoles_games,PI,2018-07,665.44,1,1.0
consoles_games,PR,2017-01,327.9,1,5.0
consoles_games,PR,2017-03,155.67,1,5.0
consoles_games,PR,2017-05,507.17,1,4.0
consoles_games,PR,2017-07,383.53999999999996,2,4.0
consoles_games,PR,2017-08,225.48000000000002,4,5.0
consoles_games,PR,2017-09,92.78,3,4.333333333333333
consoles_games,PR,2017-10,86.53999999999999,2,3.0
consoles_games,PR,2017-11,809.0699999999999,4,4.333333333333333
consoles_games,PR,2017-12,39.6,1,4.0
consoles_games,PR,2018-01,525.0400000000001,3,3.3333333333333335
consoles_games,PR,2018-02,402.57,2,3.0
consoles_games,PR,2018-03,782.0600000000001,2,3.0
consoles_games,PR,2018-04,1172.33,2,1.5
consoles_games,PR,2018-05,2705.33,4,1.8888888888888888
consoles_games,PR,2018-06,406.44,2,3.5
consoles_games,PR,2018-07,671.4,3,4.5
consoles_games,PR,2018-08,452.96,4,3.5
consoles_games,RJ,2016-10,1045.02,2,4.0
consoles_games,RJ,2017-01,124.84,1,4.0
consoles_games,RJ,2017-02,332.7,1,5.0
consoles_games,RJ,2017-03,1261.6999999999998,9,4.0
consoles_games,RJ,2017-04,1131.1599999999999,3,4.0
consoles_games,RJ,2017-05,371.47,4,5.0
consoles_games,RJ,2017-06,2007.67,8,4.428571428571429
consoles_games,RJ,2017-07,285.56,5,5.0
consoles_games,RJ,2017-08,1211.13,10,4.8
consoles_games,RJ,2017-09,4309.48,13,4.05
consoles_games,RJ,2017-10,1269.8999999999999,13,3.7857142857142856
consoles_games,RJ,2017-11,1739.59,20,3.4782608695652173
consoles_games,RJ,2017-12,1394.53,11,3.5454545454545454
consoles_games,RJ,2018-01,1076.53,5,4.0
consoles_games,RJ,2018-02,1584.89,6,3.0
consoles_games,RJ,2018-03,178.01,2,5.0
consoles_games,RJ,2018-04,173.59,3,3.3333333333333335
consoles_games,RJ,2018-05,29.73,1,4.0
consoles_games,RJ,2018-06,217.61,3,5.0
consoles_games,RJ,2018-07,763.4100000000001,6,3.4
consoles_games,RJ,2018-08,1480.8200000000002,5,4.333333333333333
consoles_games,RN,2017-08,141.64,1,3.0
consoles_games,RN,2017-09,145.24,2,5.0
consoles_games,RN,2017-11,839.73,2,5.0
consoles_games,RN,2018-03,738.57,1,5.0
consoles_games,RO,2017-08,54.05,1,4.0
consoles_games,RS,2016-10,982.41,1,5.0
consoles_games,RS,2017-02,590.54,2,4.5
consoles_games,RS,2017-03,398.91,2,3.0
consoles_games,RS,2017-04,303.11,1,5.0
consoles_games,RS,2017-05,324.6,1,5.0
consoles_games,RS,2017-06,1019.51,3,4.0
consoles_games,RS,2017-07,317.93,3,2.6666666666666665
consoles_games,RS,2017-08,282.72,4,5.0
consoles_games,RS,2017-09,304.0,4,3.25
consoles_games,RS,2017-10,307.22,5,3.8
consoles_games,RS,2017-11,925.4300000000001,8,3.625
consoles_games,RS,2017-12,1077.31,5,3.8
consoles_games,RS,2018-01,447.89,2,4.5
consoles_games,RS,2018-02,61.01,1,5.0
consoles_games,RS,2018-03,563.5,4,3.0
consoles_games,RS,2018-04,161.42,2,5.0
consoles_games,RS,2018-07,1540.29,4,4.5
consoles_games,RS,2018-08,664.6899999999999,6,3.6666666666666665
consoles_games,SC,2017-01,239.64,1,5.0
consoles_games,SC,2017-02,132.11,2,3.5
consoles_games,SC,2017-03,359.97,1,4.0
consoles_games,SC,2017-05,25.78,1,4.0
consoles_games,SC,2017-07,750.19,3,3.0
consoles_games,SC,2017-08,96.99,1,5.0
consoles_games,SC,2017-09,519.63,2,4.5
consoles_games,SC,2017-10,100.21,1,4.0
consoles_games,SC,2017-11,570.91,4,3.0
consoles_games,SC,2017-12,339.06,4,3.8333333333333335
consoles_games,SC,2018-01,288.56,2,4.5
consoles_games,SC,2018-02,116.36,1,2.0
consoles_games,SC,2018-03,50.73,1,4.0
consoles_games,SC,2018-04,213.62,3,4.0
consoles_games,SC,2018-05,95.34,1,4.0
consoles_games,SC,2018-06,237.38000000000002,2,5.0
consoles_games,SC,2018-07,622.28,1,5.0
consoles_games,SC,2018-08,472.16999999999996,2,2.3333333333333335
consoles_games,SE,2016-10,79.99,1,4.0
consoles_games,SE,2017-02,70.84,1,4.0
consoles_games,SE,2017-03,257.1,1,5.0
consoles_games,SE,2017-11,292.6,1,5.0
consoles_games,SE,2018-02,1368.87,1,5.0
consoles_games,SP,2016-10,1244.92,4,2.75
consoles_games,SP,2017-01,3332.24,8,5.0
consoles_games,SP,2017-02,781.3499999999999,4,4.75
consoles_games,SP,2017-03,4732.23,19,3.7142857142857144
consoles_games,SP,2017-04,2494.59,7,4.0
consoles_games,SP,2017-05,1723.17,15,3.625
consoles_games,SP,2017-06,1998.85,8,4.090909090909091
consoles_games,SP,2017-07,2777.89,18,4.545454545454546
consoles_games,SP,2017-08,5372.8,33,3.945945945945946
consoles_games,SP,2017-09,3388.3,24,4.333333333333333
consoles_games,SP,2017-10,5968.32,49,3.909090909090909
consoles_games,SP,2017-11,6271.29,54,4.216666666666667
consoles_games,SP,2017-12,5377.51,47,4.333333333333333
consoles_games,SP,2018-01,3190.42,27,3.8214285714285716
consoles_games,SP,2018-02,5063.65,25,3.8461538461538463
consoles_games,SP,2018-03,2635.93,21,3.8
consoles_games,SP,2018-04,4416.09,19,3.3181818181818183
consoles_games,SP,2018-05,5314.88,18,3.4782608695652173
consoles_games,SP,2018-06,8090.92,18,4.368421052631579
consoles_games,SP,2018-07,3369.72,18,4.052631578947368
consoles_games,SP,2018-08,2769.9,26,4.0
consoles_games,TO,2018-02,113.35,1,3.0
consoles_games,TO,2018-04,303.76,1,5.0
consoles_games,TO,2018-08,200.38,1,5.0
construction_tools_construction,AL,2017-11,1359.4,1,4.0
construction_tools_construction,AL,2018-04,194.75,1,2.0
construction_tools_construction,BA,2017-08,158.08,1,4.0
construction_tools_construction,BA,2017-10,127.11,1,4.0
construction_tools_construction,BA,2017-11,225.16,1,5.0
construction_tools_construction,BA,2018-01,1716.3,2,3.6666666666666665
construction_tools_construction,BA,2018-02,65.79,1,4.0
construction_tools_construction,BA,2018-03,3094.05,2,2.2
construction_tools_construction,BA,2018-05,3128.83,8,3.4615384615384617
construction_tools_construction,BA,2018-06,273.7,2,5.0
construction_tools_construction,BA,2018-07,933.16,6,4.0
construction_tools_construction,BA,2018-08,212.26,2,3.5
construction_tools_construction,CE,2017-05,149.4,1,5.0
construction_tools_construction,CE,2017-08,992.8,1,4.0
construction_tools_construction,CE,2018-03,136.2,1,1.0
construction_tools_construction,CE,2018-04,147.36,1,5.0
construction_tools_construction,CE,2018-05,58.94,1,5.0
construction_tools_construction,CE,2018-06,548.15,1,5.0
construction_tools_construction,CE,2018-07,518.79,2,4.0
construction_tools_construction,CE,2018-08,73.28999999999999,1,3.0
construction_tools_construction,DF,2017-11,310.21,1,4.0
construction_tools_construction,DF,2018-03,62.9,1,1.0
construction_tools_construction,DF,2018-04,78.29,1,5.0
construction_tools_construction,DF,2018-05,53.23,1,4.0
construction_tools_construction,DF,2018-06,982.06,4,4.285714285714286
construction_tools_construction,DF,2018-07,132.67,2,4.5
construction_tools_construction,ES,2017-09,71.04,1,4.0
construction_tools_construction,ES,2018-05,2410.88,2,4.333333333333333
construction_tools_construction,ES,2018-06,667.96,2,4.5
construction_tools_construction,ES,2018-07,929.5799999999999,3,5.0
construction_tools_construction,ES,2018-08,533.1700000000001,2,5.0
construction_tools_construction,GO,2017-06,495.18,1,4.0
construction_tools_construction,GO,2017-11,646.13,2,5.0
construction_tools_construction,GO,2018-05,785.5,2,2.3333333333333335
construction_tools_construction,GO,2018-06,158.49,2,3.5
construction_tools_construction,GO,2018-07,68.45,1,3.0
construction_tools_construction,MA,2018-01,71.14,1,5.0
construction_tools_construction,MG,2017-01,335.0,1,1.0
construction_tools_construction,MG,2017-02,171.03,1,5.0
construction_tools_construction,MG,2017-07,140.02,1,4.0
construction_tools_construction,MG,2017-08,411.63,1,1.0
construction_tools_construction,MG,2017-09,190.09,1,5.0
construction_tools_construction,MG,2017-10,153.17,1,5.0
construction_tools_construction,MG,2017-11,1885.3,9,4.3
construction_tools_construction,MG,2017-12,3421.09,2,3.0
construction_tools_construction,MG,2018-01,567.3000000000001,5,3.0
construction_tools_construction,MG,2018-02,3730.1,8,3.75
construction_tools_construction,MG,2018-03,1222.8700000000001,5,2.4
construction_tools_construction,MG,2018-04,1359.2,11,3.5454545454545454
construction_tools_construction,MG,2018-05,5530.610000000001,10,4.8125
construction_tools_construction,MG,2018-06,4204.62,14,4.266666666666667
construction_tools_construction,MG,2018-07,5373.18,16,4.125
construction_tools_construction,MG,2018-08,1953.9599999999998,13,4.866666666666666
construction_tools_construction,MS,2017-06,55.02,1,4.0
construction_tools_construction,MS,2017-09,346.39,1,5.0
construction_tools_construction,MS,2018-02,4249.570000000001,3,4.25
construction_tools_construction,MS,2018-03,345.68,1,4.0
construction_tools_construction,MS,2018-07,21.33,1,4.0
construction_tools_construction,MS,2018-08,57.98,1,1.0
construction_tools_construction,MT,2017-12,87.96,1,4.0
construction_tools_construction,MT,2018-01,1586.47,1,3.0
construction_tools_construction,MT,2018-03,712.86,2,5.0
construction_tools_construction,MT,2018-04,1030.29,2,4.5
construction_tools_construction,MT,2018-07,332.96,1,5.0
construction_tools_construction,PA,2018-06,556.02,2,4.5
construction_tools_construction,PB,2018-06,280.84,1,1.0
construction_tools_construction,PE,2017-11,4281.75,1,5.0
construction_tools_construction,PE,2017-12,631.59,1,4.0
construction_tools_construction,PE,2018-02,216.86,1,4.0
construction_tools_construction,PE,2018-03,144.57999999999998,2,3.5
construction_tools_construction,PE,2018-05,137.31,1,3.0
construction_tools_construction,PE,2018-07,344.51,1,5.0
construction_tools_construction,PE,2018-08,498.94,2,4.333333333333333
construction_tools_construction,PI,2018-04,261.97,1,1.0
construction_tools_construction,PR,2017-02,171.03,1,5.0
construction_tools_construction,PR,2017-07,156.92,1,5.0
construction_tools_construction,PR,2017-11,413.08,3,4.5
construction_tools_construction,PR,2017-12,112.73,1,5.0
construction_tools_construction,PR,2018-01,639.84,4,4.75
construction_tools_construction,PR,2018-02,518.14,2,5.0
construction_tools_construction,PR,2018-03,146.78,1,5.0
construction_tools_construction,PR,2018-04,5407.33,7,4.222222222222222
construction_tools_construction,PR,2018-05,713.5500000000001,3,4.0
construction_tools_construction,PR,2018-06,1765.58,8,4.375
construction_tools_construction,PR,2018-07,474.19,4,4.6
construction_tools_construction,PR,2018-08,1516.07,11,4.1875
construction_tools_construction,RJ,2017-02,56.96,1,5.0
construction_tools_construction,RJ,2017-03,361.78,1,1.0
construction_tools_construction,RJ,2017-06,701.6,2,2.0
construction_tools_construction,RJ,2017-08,328.22,3,4.666666666666667
construction_tools_construction,RJ,2017-09,47.17,1,5.0
construction_tools_construction,RJ,2017-10,658.12,4,4.0
construction_tools_construction,RJ,2017-11,1219.64,5,3.2222222222222223
construction_tools_construction,RJ,2017-12,2163.42,6,2.6666666666666665
construction_tools_construction,RJ,2018-01,2626.57,6,3.0
construction_tools_construction,RJ,2018-02,2036.33,10,3.0
construction_tools_construction,RJ,2018-03,2687.6,13,3.2857142857142856
construction_tools_construction,RJ,2018-04,1024.74,9,4.25
construction_tools_construction,RJ,2018-05,10013.810000000001,11,2.5
construction_tools_construction,RJ,2018-06,2455.84,13,3.357142857142857
construction_tools_construction,RJ,2018-07,3785.48,9,4.2727272727272725
construction_tools_construction,RJ,2018-08,4335.96,11,4.0
construction_tools_construction,RN,2018-01,709.95,2,2.0
construction_tools_construction,RN,2018-02,727.4399999999999,1,5.0
construction_tools_construction,RN,2018-06,106.11,1,4.0
construction_tools_construction,RN,2018-07,916.24,2,4.5
construction_tools_construction,RO,2017-11,453.5,1,3.0
construction_tools_construction,RO,2018-04,334.19,2,4.0
construction_tools_construction,RO,2018-07,777.87,1,5.0
construction_tools_construction,RS,2017-07,607.28,1,5.0
construction_tools_construction,RS,2017-09,246.82,2,2.3333333333333335
construction_tools_construction,RS,2017-10,310.86,2,4.0
construction_tools_construction,RS,2017-11,985.25,3,4.25
construction_tools_construction,RS,2017-12,319.25,1,5.0
construction_tools_construction,RS,2018-01,639.06,1,5.0
construction_tools_construction,RS,2018-02,571.42,1,5.0
construction_tools_construction,RS,2018-03,68.22,1,4.0
construction_tools_construction,RS,2018-04,391.48,4,4.0
construction_tools_construction,RS,2018-05,1969.39,5,4.666666666666667
construction_tools_construction,RS,2018-06,1058.8999999999999,6,4.428571428571429
construction_tools_construction,RS,2018-07,178.36,2,3.5
construction_tools_construction,RS,2018-08,1893.92,6,4.777777777777778
construction_tools_construction,SC,2017-07,156.92,1,4.0
construction_tools_construction,SC,2017-10,1737.08,1,3.0
construction_tools_construction,SC,2018-02,267.41,1,3.0
construction_tools_construction,SC,2018-03,189.71,2,5.0
construction_tools_construction,SC,2018-04,798.64,3,4.25
construction_tools_construction,SC,2018-05,377.89,3,4.333333333333333
construction_tools_construction,SC,2018-06,2718.23,2,5.0
construction_tools_construction,SC,2018-07,306.73,4,5.0
construction_tools_construction,SC,2018-08,1676.58,4,4.7
construction_tools_construction,SE,2018-07,847.38,1,4.0
construction_tools_construction,SP,2017-03,533.64,3,2.0
construction_tools_construction,SP,2017-07,65.47,1,5.0
construction_tools_construction,SP,2017-09,1564.31,2,5.0
construction_tools_construction,SP,2017-10,1425.04,6,4.555555555555555
construction_tools_construction,SP,2017-11,1028.47,9,4.7272727272727275
construction_tools_construction,SP,2017-12,1888.54,10,3.857142857142857
construction_tools_construction,SP,2018-01,8309.84,18,4.655172413793103
construction_tools_construction,SP,2018-02,3904.56,26,3.7857142857142856
construction_tools_construction,SP,2018-03,10119.0,21,3.5714285714285716
construction_tools_construction,SP,2018-04,11049.95,36,4.24
construction_tools_construction,SP,2018-05,14857.26,42,4.52542372881356
construction_tools_construction,SP,2018-06,11130.66,50,4.333333333333333
construction_tools_construction,SP,2018-07,7431.43,42,4.382978723404255
construction_tools_construction,SP,2018-08,31629.33,71,4.040816326530612
construction_tools_lights,BA,2018-02,319.9,1,3.0
construction_tools_lights,BA,2018-06,260.19,2,4.0
construction_tools_lights,BA,2018-07,141.97,1,5.0
construction_tools_lights,BA,2018-08,242.5,2,4.0
construction_tools_lights,CE,2018-08,1768.4,1,4.0
construction_tools_lights,DF,2017-11,300.49,1,5.0
construction_tools_lights,DF,2018-03,304.55,1,5.0
construction_tools_lights,DF,2018-07,361.19000000000005,2,4.5
construction_tools_lights,ES,2017-08,269.53,1,5.0
construction_tools_lights,ES,2018-04,2067.02,2,5.0
construction_tools_lights,ES,2018-05,252.92000000000002,1,5.0
construction_tools_lights,ES,2018-06,136.89,1,4.0
construction_tools_lights,GO,2017-07,401.45,1,5.0
construction_tools_lights,GO,2017-11,312.49,1,5.0
construction_tools_lights,GO,2018-05,178.81,2,5.0
construction_tools_lights,GO,2018-06,284.36,1,4.0
construction_tools_lights,MA,2017-10,331.2,1,2.0
construction_tools_lights,MG,2017-11,937.47,3,5.0
construction_tools_lights,MG,2018-03,596.45,3,2.0
construction_tools_lights,MG,2018-04,1444.85,6,3.4285714285714284
construction_tools_lights,MG,2018-05,2322.73,6,4.8
construction_tools_lights,MG,2018-06,1431.68,8,5.0
construction_tools_lights,MG,2018-07,1501.06,5,4.4
construction_tools_lights,MG,2018-08,1826.95,5,3.0
construction_tools_lights,MS,2018-03,347.56,1,2.0
construction_tools_lights,MS,2018-06,1610.5,1,2.0
construction_tools_lights,MS,2018-07,306.53000000000003,2,4.0
construction_tools_lights,MS,2018-08,193.98,1,5.0
construction_tools_lights,MT,2017-10,319.9,1,5.0
construction_tools_lights,MT,2018-05,496.31,2,4.5
construction_tools_lights,PA,2018-07,48.11,1,5.0
construction_tools_lights,PE,2018-05,271.91,2,2.5
construction_tools_lights,PE,2018-06,213.46,1,5.0
construction_tools_lights,PI,2018-02,394.36,1,1.0
construction_tools_lights,PR,2018-03,304.55,1,3.0
construction_tools_lights,PR,2018-04,595.16,4,3.75
construction_tools_lights,PR,2018-05,48.13,1,1.0
construction_tools_lights,PR,2018-06,506.67999999999995,2,5.0
construction_tools_lights,PR,2018-07,689.6600000000001,2,4.5
construction_tools_lights,PR,2018-08,370.84000000000003,3,4.666666666666667
construction_tools_lights,RJ,2017-08,401.45,1,5.0
construction_tools_lights,RJ,2017-11,558.16,2,1.6666666666666667
construction_tools_lights,RJ,2017-12,786.82,1,3.0
construction_tools_lights,RJ,2018-02,250.29000000000002,2,4.666666666666667
construction_tools_lights,RJ,2018-03,94.31,1,1.0
construction_tools_lights,RJ,2018-04,194.89,2,4.0
construction_tools_lights,RJ,2018-06,213.98,1,4.0
construction_tools_lights,RJ,2018-07,1280.7,2,5.0
construction_tools_lights,RJ,2018-08,863.37,7,3.142857142857143
construction_tools_lights,RS,2018-02,1602.25,1,5.0
construction_tools_lights,RS,2018-04,1250.33,6,3.3333333333333335
construction_tools_lights,RS,2018-05,599.01,3,4.666666666666667
construction_tools_lights,RS,2018-07,585.73,3,4.6
construction_tools_lights,RS,2018-08,1481.0,5,2.8
construction_tools_lights,SC,2018-03,340.73,1,4.0
construction_tools_lights,SC,2018-04,489.68,3,4.5
construction_tools_lights,SC,2018-05,183.53,1,3.0
construction_tools_lights,SC,2018-06,193.76,1,5.0
construction_tools_lights,SC,2018-07,1882.0200000000002,3,5.0
construction_tools_lights,SC,2018-08,193.98,1,5.0
construction_tools_lights,SE,2018-06,310.11,1,4.0
construction_tools_lights,SP,2017-09,258.98,1,1.0
construction_tools_lights,SP,2017-11,565.14,2,2.0
construction_tools_lights,SP,2017-12,1048.64,1,5.0
construction_tools_lights,SP,2018-01,3115.0099999999998,6,4.142857142857143
construction_tools_lights,SP,2018-02,2147.82,4,3.2857142857142856
construction_tools_lights,SP,2018-03,1266.26,4,4.75
construction_tools_lights,SP,2018-04,3787.29,14,3.473684210526316
construction_tools_lights,SP,2018-05,5734.46,14,4.3
construction_tools_lights,SP,2018-06,2252.95,15,4.05
construction_tools_lights,SP,2018-07,5674.93,19,4.806451612903226
construction_tools_lights,SP,2018-08,7456.2,30,4.184210526315789
construction_tools_lights,TO,2018-06,65.23,1,5.0
construction_tools_lights,TO,2018-08,1125.36,1,5.0
construction_tools_safety,BA,2017-08,24.69,1,1.0
construction_tools_safety,BA,2018-02,1693.31,1,5.0
construction_tools_safety,BA,2018-03,548.42,1,3.0
construction_tools_safety,BA,2018-05,51.06,1,1.0
construction_tools_safety,BA,2018-07,229.05,3,3.3333333333333335
construction_tools_safety,CE,2017-10,177.2,1,5.0
construction_tools_safety,CE,2017-11,377.63,1,4.0
construction_tools_safety,CE,2018-01,822.9,1,1.0
construction_tools_safety,CE,2018-04,63.99,1,5.0
construction_tools_safety,CE,2018-08,168.29,1,1.0
construction_tools_safety,DF,2018-06,51.95,1,4.0
construction_tools_safety,DF,2018-08,536.46,2,4.0
construction_tools_safety,GO,2017-09,2040.03,2,2.3333333333333335
construction_tools_safety,GO,2017-11,146.57,1,5.0
construction_tools_safety,GO,2018-03,113.44,1,5.0
construction_tools_safety,GO,2018-04,73.16,1,5.0
construction_tools_safety,GO,2018-08,45.21,1,1.0
construction_tools_safety,MG,2017-11,438.33,4,3.5
construction_tools_safety,MG,2018-01,936.38,2,2.5
construction_tools_safety,MG,2018-02,3406.9700000000003,3,4.666666666666667
construction_tools_safety,MG,2018-03,625.99,3,5.0
construction_tools_safety,MG,2018-04,272.89,2,5.0
construction_tools_safety,MG,2018-05,4546.17,4,3.0
construction_tools_safety,MG,2018-06,163.57,1,5.0
construction_tools_safety,MG,2018-07,707.0699999999999,4,4.0
construction_tools_safety,MG,2018-08,289.88,2,4.5
construction_tools_safety,MS,2017-10,138.51,1,1.0
construction_tools_safety,MS,2018-05,2133.69,1,5.0
construction_tools_safety,MT,2018-04,630.8399999999999,2,5.0
construction_tools_safety,MT,2018-05,613.4,2,2.5
construction_tools_safety,PB,2017-12,165.62,1,4.0
construction_tools_safety,PB,2018-03,2205.7200000000003,2,4.428571428571429
construction_tools_safety,PE,2017-03,217.59,1,1.0
construction_tools_safety,PE,2017-12,229.8,1,4.0
construction_tools_safety,PE,2018-06,272.99,1,5.0
construction_tools_safety,PE,2018-08,480.33,1,3.0
construction_tools_safety,PR,2017-10,2731.72,2,1.6
construction_tools_safety,PR,2017-11,216.05,1,5.0
construction_tools_safety,PR,2018-02,457.76,1,4.0
construction_tools_safety,PR,2018-04,438.25,4,4.2
construction_tools_safety,PR,2018-05,360.16,1,4.0
construction_tools_safety,PR,2018-06,466.77000000000004,2,5.0
construction_tools_safety,PR,2018-07,229.58,2,4.0
construction_tools_safety,RJ,2017-10,165.7,1,5.0
construction_tools_safety,RJ,2017-11,97.22,1,5.0
construction_tools_safety,RJ,2017-12,418.17,1,5.0
construction_tools_safety,RJ,2018-03,25.0,1,2.0
construction_tools_safety,RJ,2018-04,511.34000000000003,4,2.3333333333333335
construction_tools_safety,RJ,2018-05,1292.3600000000001,4,4.75
construction_tools_safety,RJ,2018-06,580.87,3,3.6666666666666665
construction_tools_safety,RJ,2018-08,203.05,2,3.0
construction_tools_safety,RN,2018-06,190.59,1,5.0
construction_tools_safety,RO,2018-05,402.34,1,1.0
construction_tools_safety,RS,2017-02,396.86,1,5.0
construction_tools_safety,RS,2017-03,208.17,1,1.0
construction_tools_safety,RS,2017-12,41.35,1,3.0
construction_tools_safety,RS,2018-01,506.65,2,4.666666666666667
construction_tools_safety,RS,2018-05,349.46,1,2.0
construction_tools_safety,RS,2018-06,50.13,1,3.0
construction_tools_safety,SC,2017-11,92.19,1,1.0
construction_tools_safety,SC,2017-12,396.35,1,1.0
construction_tools_safety,SC,2018-01,546.44,1,4.0
construction_tools_safety,SC,2018-04,83.33,1,5.0
construction_tools_safety,SC,2018-05,424.61,1,5.0
construction_tools_safety,SC,2018-06,555.97,2,3.5
construction_tools_safety,SC,2018-07,594.3,2,5.0
construction_tools_safety,SC,2018-08,706.1800000000001,3,4.666666666666667
construction_tools_safety,SE,2018-04,145.37,1,5.0
construction_tools_safety,SP,2017-09,1004.23,2,5.0
construction_tools_safety,SP,2017-10,726.46,4,4.75
construction_tools_safety,SP,2017-11,3856.1600000000003,4,5.0
construction_tools_safety,SP,2017-12,274.17,2,5.0
construction_tools_safety,SP,2018-01,734.78,3,4.333333333333333
construction_tools_safety,SP,2018-02,823.1500000000001,2,4.333333333333333
construction_tools_safety,SP,2018-03,11634.51,5,4.0
construction_tools_safety,SP,2018-04,1303.26,7,3.4285714285714284
construction_tools_safety,SP,2018-05,1177.92,9,3.2222222222222223
construction_tools_safety,SP,2018-06,640.0400000000001,4,4.0
construction_tools_safety,SP,2018-07,382.9,4,5.0
construction_tools_safety,SP,2018-08,3610.06,10,4.285714285714286
cool_stuff,AC,2017-08,130.22,1,1.0
cool_stuff,AL,2017-02,142.33,1,5.0
cool_stuff,AL,2017-04,231.99,1,4.0
cool_stuff,AL,2017-06,225.94,1,4.0
cool_stuff,AL,2017-09,237.68,2,5.0
cool_stuff,AL,2017-10,321.9,2,3.5
cool_stuff,AL,2017-12,246.92,1,4.0
cool_stuff,AL,2018-01,179.7,1,4.0
cool_stuff,AL,2018-03,260.99,1,4.0
cool_stuff,AL,2018-05,689.02,2,5.0
cool_stuff,AL,2018-06,363.08,2,4.5
cool_stuff,AL,2018-07,132.62,1,1.0
cool_stuff,AL,2018-08,122.23,1,5.0
cool_stuff,AM,2017-03,126.86,1,5.0
cool_stuff,AM,2017-05,392.01,2,5.0
cool_stuff,AM,2018-02,240.87,1,4.0
cool_stuff,AP,2017-03,100.02,1,4.0
cool_stuff,AP,2018-03,263.17,1,4.0
cool_stuff,BA,2017-02,229.23000000000002,3,4.5
cool_stuff,BA,2017-03,832.36,3,4.333333333333333
cool_stuff,BA,2017-04,433.93,4,3.75
cool_stuff,BA,2017-05,1139.73,7,4.3076923076923075
cool_stuff,BA,2017-06,2169.05,11,3.5833333333333335
cool_stuff,BA,2017-07,1513.05,9,4.545454545454546
cool_stuff,BA,2017-08,4792.72,8,3.888888888888889
cool_stuff,BA,2017-09,2594.26,8,4.4
cool_stuff,BA,2017-10,1079.86,6,3.0
cool_stuff,BA,2017-11,2447.26,12,4.133333333333334
cool_stuff,BA,2017-12,1062.78,8,4.0
cool_stuff,BA,2018-01,2119.23,13,3.75
cool_stuff,BA,2018-02,1451.27,8,3.375
cool_stuff,BA,2018-03,2676.74,13,3.3076923076923075
cool_stuff,BA,2018-04,1405.9099999999999,7,4.857142857142857
cool_stuff,BA,2018-05,883.68,4,4.25
cool_stuff,BA,2018-06,1567.17,7,3.4285714285714284
cool_stuff,BA,2018-07,819.04,4,5.0
cool_stuff,BA,2018-08,389.76,4,4.5
cool_stuff,CE,2017-01,242.99,1,5.0
cool_stuff,CE,2017-02,106.81,1,5.0
cool_stuff,CE,2017-04,849.04,2,2.5
cool_stuff,CE,2017-05,1729.12,7,4.25
cool_stuff,CE,2017-06,1782.4,6,4.6
cool_stuff,CE,2017-07,704.3299999999999,4,5.0
cool_stuff,CE,2017-08,326.4,2,5.0
cool_stuff,CE,2017-09,176.24,1,5.0
cool_stuff,CE,2017-10,532.27,3,4.5
cool_stuff,CE,2017-11,1842.8,3,3.3333333333333335
cool_stuff,CE,2017-12,805.7099999999999,3,4.0
cool_stuff,CE,2018-01,903.1800000000001,2,2.3333333333333335
cool_stuff,CE,2018-02,264.05,1,1.0
cool_stuff,CE,2018-03,1183.3899999999999,2,3.0
cool_stuff,CE,2018-04,752.29,4,5.0
cool_stuff,CE,2018-05,128.67,1,4.0
cool_stuff,CE,2018-06,2223.12,1,5.0
cool_stuff,CE,2018-07,540.74,3,3.6666666666666665
cool_stuff,CE,2018-08,226.23,1,5.0
cool_stuff,DF,2017-01,947.95,2,5.0
cool_stuff,DF,2017-02,310.53999999999996,3,4.333333333333333
cool_stuff,DF,2017-03,117.12,1,4.0
cool_stuff,DF,2017-04,365.88,2,4.0
cool_stuff,DF,2017-05,343.12,3,4.333333333333333
cool_stuff,DF,2017-06,481.87,3,4.0
cool_stuff,DF,2017-07,685.48,3,4.0
cool_stuff,DF,2017-08,822.06,6,4.333333333333333
cool_stuff,DF,2017-09,395.2,2,5.0
cool_stuff,DF,2017-10,847.93,3,4.0
cool_stuff,DF,2017-11,1967.8799999999999,9,4.1
cool_stuff,DF,2017-12,1155.29,7,4.142857142857143
cool_stuff,DF,2018-01,538.96,5,3.1666666666666665
cool_stuff,DF,2018-02,275.24,3,2.0
cool_stuff,DF,2018-03,2259.52,9,3.3
cool_stuff,DF,2018-04,523.5799999999999,3,5.0
cool_stuff,DF,2018-05,822.03,4,3.0
cool_stuff,DF,2018-06,973.28,4,5.0
cool_stuff,DF,2018-07,541.61,3,4.333333333333333
cool_stuff,DF,2018-08,492.68999999999994,4,3.6
cool_stuff,ES,2016-10,89.16,1,5.0
cool_stuff,ES,2017-01,203.73,1,5.0
cool_stuff,ES,2017-03,627.47,3,4.666666666666667
cool_stuff,ES,2017-05,521.88,2,4.5
cool_stuff,ES,2017-06,735.05,4,4.5
cool_stuff,ES,2017-07,190.89,1,3.0
cool_stuff,ES,2017-08,255.31,2,3.5
cool_stuff,ES,2017-09,715.24,4,3.5
cool_stuff,ES,2017-10,1659.03,8,4.5
cool_stuff,ES,2017-11,1660.26,7,4.571428571428571
cool_stuff,ES,2017-12,539.47,3,4.333333333333333
cool_stuff,ES,2018-01,3230.37,10,4.866666666666666
cool_stuff,ES,2018-02,628.93,4,4.5
cool_stuff,ES,2018-03,169.63,2,2.5
cool_stuff,ES,2018-04,573.28,4,4.5
cool_stuff,ES,2018-05,602.78,3,5.0
cool_stuff,ES,2018-06,333.45,1,5.0
cool_stuff,ES,2018-07,209.38,1,5.0
cool_stuff,ES,2018-08,341.39,2,4.5
cool_stuff,GO,2017-01,447.64,3,3.3333333333333335
cool_stuff,GO,2017-02,1091.74,3,5.0
cool_stuff,GO,2017-03,554.12,4,5.0
cool_stuff,GO,2017-04,1607.67,6,4.166666666666667
cool_stuff,GO,2017-05,671.8399999999999,4,4.5
cool_stuff,GO,2017-06,1604.44,6,4.833333333333333
cool_stuff,GO,2017-07,461.05,3,5.0
cool_stuff,GO,2017-08,4751.61,8,3.8823529411764706
cool_stuff,GO,2017-09,3076.7999999999997,7,3.0
cool_stuff,GO,2017-10,7547.5599999999995,10,4.6923076923076925
cool_stuff,GO,2017-11,1716.36,6,5.0
cool_stuff,GO,2017-12,1008.15,6,3.5
cool_stuff,GO,2018-01,755.24,6,3.6666666666666665
cool_stuff,GO,2018-02,560.95,4,4.5
cool_stuff,GO,2018-03,163.58,1,5.0
cool_stuff,GO,2018-04,209.11,1,5.0
cool_stuff,GO,2018-05,899.08,4,2.25
cool_stuff,GO,2018-07,10478.48,4,3.4
cool_stuff,MA,2017-02,106.81,1,4.0
cool_stuff,MA,2017-04,155.39,1,3.0
cool_stuff,MA,2017-05,156.15,1,5.0
cool_stuff,MA,2017-06,81.57,1,5.0
cool_stuff,MA,2017-07,784.78,4,4.0
cool_stuff,MA,2017-08,195.43,1,5.0
cool_stuff,MA,2017-09,158.38,1,5.0
cool_stuff,MA,2017-10,1036.36,5,3.8
cool_stuff,MA,2017-11,3022.58,5,1.2
cool_stuff,MA,2017-12,261.01,1,1.0
cool_stuff,MA,2018-01,388.37,2,4.5
cool_stuff,MA,2018-02,1068.87,4,4.0
cool_stuff,MA,2018-03,694.6099999999999,3,2.0
cool_stuff,MA,2018-04,293.61,1,4.0
cool_stuff,MA,2018-05,149.16,1,5.0
cool_stuff,MA,2018-06,245.45,1,1.0
cool_stuff,MA,2018-08,231.54000000000002,2,3.0
cool_stuff,MG,2016-10,72.02,1,4.0
cool_stuff,MG,2017-01,1365.8,5,4.875
cool_stuff,MG,2017-02,856.62,5,3.8
cool_stuff,MG,2017-03,2161.03,15,4.666666666666667
cool_stuff,MG,2017-04,4352.15,17,4.0588235294117645
cool_stuff,MG,2017-05,5700.76,32,4.2727272727272725
cool_stuff,MG,2017-06,5926.09,24,4.583333333333333
cool_stuff,MG,2017-07,6159.59,25,4.428571428571429
cool_stuff,MG,2017-08,7256.37,31,4.7894736842105265
cool_stuff,MG,2017-09,5609.94,27,3.8461538461538463
cool_stuff,MG,2017-10,7961.24,34,4.135135135135135
cool_stuff,MG,2017-11,8375.53,37,4.461538461538462
cool_stuff,MG,2017-12,5951.92,30,3.9743589743589745
cool_stuff,MG,2018-01,3605.75,28,4.515151515151516
cool_stuff,MG,2018-02,3402.39,17,3.7777777777777777
cool_stuff,MG,2018-03,6627.02,39,3.7804878048780486
cool_stuff,MG,2018-04,2843.25,16,4.0
cool_stuff,MG,2018-05,5693.3,27,4.0
cool_stuff,MG,2018-06,1725.31,9,4.666666666666667
cool_stuff,MG,2018-07,2782.6499999999996,6,4.0
cool_stuff,MG,2018-08,1134.9,9,3.7
cool_stuff,MS,2017-03,1723.7899999999997,3,5.0
cool_stuff,MS,2017-05,500.88,3,4.0
cool_stuff,MS,2017-06,291.32,1,5.0
cool_stuff,MS,2017-07,116.94,1,2.0
cool_stuff,MS,2017-08,608.63,3,2.5
cool_stuff,MS,2017-09,157.32,1,5.0
cool_stuff,MS,2017-10,607.62,2,5.0
cool_stuff,MS,2017-11,168.61,1,5.0
cool_stuff,MS,2018-01,1726.3700000000001,3,4.5
cool_stuff,MS,2018-03,444.89,3,4.0
cool_stuff,MS,2018-05,119.67,1,5.0
cool_stuff,MS,2018-06,131.69,1,5.0
cool_stuff,MS,2018-07,1152.92,2,5.0
cool_stuff,MS,2018-08,435.23,1,5.0
cool_stuff,MT,2017-01,476.34,1,3.0
cool_stuff,MT,2017-02,404.88,2,5.0
cool_stuff,MT,2017-03,52.18,1,1.0
cool_stuff,MT,2017-04,451.37,3,4.0
cool_stuff,MT,2017-05,1662.87,5,4.333333333333333
cool_stuff,MT,2017-06,390.43,3,4.333333333333333
cool_stuff,MT,2017-08,88.72,1,4.0
cool_stuff,MT,2017-09,175.39,2,5.0
cool_stuff,MT,2017-10,811.75,5,4.8
cool_stuff,MT,2017-11,340.16999999999996,2,5.0
cool_stuff,MT,2017-12,595.89,3,5.0
cool_stuff,MT,2018-01,420.57,4,5.0
cool_stuff,MT,2018-02,733.71,3,3.3333333333333335
cool_stuff,MT,2018-03,452.49,2,4.0
cool_stuff,MT,2018-04,693.89,3,5.0
cool_stuff,MT,2018-05,430.22,2,5.0
cool_stuff,MT,2018-06,491.53999999999996,2,4.5
cool_stuff,MT,2018-07,294.97,1,4.0
cool_stuff,PA,2016-10,121.01,1,5.0
cool_stuff,PA,2017-01,2112.63,2,4.333333333333333
cool_stuff,PA,2017-02,104.87,1,5.0
cool_stuff,PA,2017-03,190.54,1,3.0
cool_stuff,PA,2017-04,481.96,3,3.5
cool_stuff,PA,2017-05,244.71,1,5.0
cool_stuff,PA,2017-06,456.54,2,4.5
cool_stuff,PA,2017-07,206.85999999999999,2,3.5
cool_stuff,PA,2017-08,1605.9599999999998,4,4.5
cool_stuff,PA,2017-09,402.38,3,2.6666666666666665
cool_stuff,PA,2017-10,991.26,3,4.333333333333333
cool_stuff,PA,2017-11,761.28,5,5.0
cool_stuff,PA,2017-12,716.6600000000001,4,2.6666666666666665
cool_stuff,PA,2018-01,101.9,1,4.0
cool_stuff,PA,2018-02,494.5,3,4.666666666666667
cool_stuff,PA,2018-03,442.17999999999995,2,4.0
cool_stuff,PA,2018-04,1188.65,6,2.4
cool_stuff,PA,2018-05,194.79,1,5.0
cool_stuff,PA,2018-06,325.37,1,3.0
cool_stuff,PA,2018-07,193.24,2,4.5
cool_stuff,PB,2017-02,307.86,1,5.0
cool_stuff,PB,2017-05,718.6800000000001,2,2.0
cool_stuff,PB,2017-06,1303.1,2,4.0
cool_stuff,PB,2017-07,442.67999999999995,3,4.666666666666667
cool_stuff,PB,2017-08,887.87,2,5.0
cool_stuff,PB,2017-10,1695.1200000000001,2,5.0
cool_stuff,PB,2017-11,333.97,2,5.0
cool_stuff,PB,2017-12,267.92,1,5.0
cool_stuff,PB,2018-01,525.46,1,5.0
cool_stuff,PB,2018-02,489.81,2,2.3333333333333335
cool_stuff,PB,2018-04,823.87,4,4.75
cool_stuff,PE,2017-01,186.49,1,5.0
cool_stuff,PE,2017-02,746.97,2,4.0
cool_stuff,PE,2017-03,89.53,1,4.0
cool_stuff,PE,2017-04,228.01000000000002,2,4.0
cool_stuff,PE,2017-05,881.5,4,3.75
cool_stuff,PE,2017-06,569.25,3,1.8
cool_stuff,PE,2017-07,1563.23,3,4.333333333333333
cool_stuff,PE,2017-08,1472.6,6,4.5
cool_stuff,PE,2017-09,920.17,2,3.5
cool_stuff,PE,2017-10,1155.31,5,5.0
cool_stuff,PE,2017-11,327.84000000000003,2,3.3333333333333335
cool_stuff,PE,2017-12,1293.46,4,4.5
cool_stuff,PE,2018-01,523.45,4,4.5
cool_stuff,PE,2018-02,1916.3700000000001,9,4.25
cool_stuff,PE,2018-03,1091.54,5,4.4
cool_stuff,PE,2018-04,1225.09,5,4.2
cool_stuff,PE,2018-05,2197.36,7,4.5
cool_stuff,PE,2018-06,515.12,2,5.0
cool_stuff,PE,2018-07,1363.17,5,3.8
cool_stuff,PE,2018-08,378.86,1,5.0
cool_stuff,PI,2017-03,645.8399999999999,2,5.0
cool_stuff,PI,2017-05,936.31,3,4.0
cool_stuff,PI,2017-06,259.08,1,5.0
cool_stuff,PI,2017-07,313.83,2,4.5
cool_stuff,PI,2017-09,313.77,2,2.3333333333333335
cool_stuff,PI,2017-10,335.81,2,5.0
cool_stuff,PI,2017-11,155.45,1,5.0
cool_stuff,PI,2017-12,552.38,3,5.0
cool_stuff,PI,2018-03,87.95,1,5.0
cool_stuff,PI,2018-04,336.95,2,5.0
cool_stuff,PI,2018-06,245.45,1,4.0
cool_stuff,PR,2017-01,1693.04,1,1.0
cool_stuff,PR,2017-02,3103.72,7,3.857142857142857
cool_stuff,PR,2017-03,4028.28,12,4.363636363636363
cool_stuff,PR,2017-04,1061.03,6,3.6666666666666665
cool_stuff,PR,2017-05,2349.39,15,3.888888888888889
cool_stuff,PR,2017-06,1515.19,11,4.818181818181818
cool_stuff,PR,2017-07,2308.59,11,4.9
cool_stuff,PR,2017-08,4410.72,20,4.363636363636363
cool_stuff,PR,2017-09,1868.75,11,4.166666666666667
cool_stuff,PR,2017-10,2456.35,11,4.454545454545454
cool_stuff,PR,2017-11,2033.99,11,4.714285714285714
cool_stuff,PR,2017-12,1662.99,9,4.666666666666667
cool_stuff,PR,2018-01,2846.35,15,4.5625
cool_stuff,PR,2018-02,1400.11,8,3.625
cool_stuff,PR,2018-03,2981.45,17,4.611111111111111
cool_stuff,PR,2018-04,5507.6,13,4.1875
cool_stuff,PR,2018-05,1362.46,7,4.5
cool_stuff,PR,2018-06,1154.41,7,4.285714285714286
cool_stuff,PR,2018-07,1218.71,8,4.625
cool_stuff,PR,2018-08,862.8499999999999,3,4.5
cool_stuff,RJ,2016-10,270.01,2,3.0
cool_stuff,RJ,2017-01,564.89,2,2.0
cool_stuff,RJ,2017-02,1017.0,8,4.666666666666667
cool_stuff,RJ,2017-03,2722.38,17,4.352941176470588
cool_stuff,RJ,2017-04,2346.85,14,3.857142857142857
cool_stuff,RJ,2017-05,5250.29,25,4.0
cool_stuff,RJ,2017-06,4030.4900000000002,28,4.392857142857143
cool_stuff,RJ,2017-07,8431.89,39,3.8684210526315788
cool_stuff,RJ,2017-08,7413.91,37,4.05
cool_stuff,RJ,2017-09,6520.0,32,4.171428571428572
cool_stuff,RJ,2017-10,4490.05,29,4.4
cool_stuff,RJ,2017-11,9312.18,43,3.4
cool_stuff,RJ,2017-12,8502.48,39,3.3076923076923075
cool_stuff,RJ,2018-01,8878.27,40,3.380952380952381
cool_stuff,RJ,2018-02,3997.98,20,2.526315789473684
cool_stuff,RJ,2018-03,6076.82,27,3.323529411764706
cool_stuff,RJ,2018-04,5670.4,24,4.416666666666667
cool_stuff,RJ,2018-05,8310.57,27,3.774193548387097
cool_stuff,RJ,2018-06,3118.08,16,4.352941176470588
cool_stuff,RJ,2018-07,3767.63,20,4.454545454545454
cool_stuff,RJ,2018-08,1925.82,14,4.4375
cool_stuff,RN,2017-03,250.46,1,5.0
cool_stuff,RN,2017-04,253.13,1,5.0
cool_stuff,RN,2017-05,269.15,1,5.0
cool_stuff,RN,2017-07,408.46999999999997,3,5.0
cool_stuff,RN,2017-08,138.24,1,4.0
cool_stuff,RN,2017-10,916.7,2,4.0
cool_stuff,RN,2017-11,319.61,2,4.5
cool_stuff,RN,2017-12,503.65,3,4.666666666666667
cool_stuff,RN,2018-01,479.57,2,4.5
cool_stuff,RN,2018-02,590.3299999999999,2,2.5
cool_stuff,RN,2018-03,100.05,1,5.0
cool_stuff,RN,2018-04,228.57,1,
cool_stuff,RN,2018-07,210.42,1,3.0
cool_stuff,RO,2017-01,491.36,1,3.0
cool_stuff,RO,2017-10,391.97,2,4.0
cool_stuff,RO,2017-11,259.94,1,4.0
cool_stuff,RO,2018-01,709.78,3,3.6666666666666665
cool_stuff,RO,2018-03,570.54,2,3.0
cool_stuff,RO,2018-05,272.39,1,4.0
cool_stuff,RO,2018-06,539.86,2,2.6666666666666665
cool_stuff,RR,2017-05,100.01,1,5.0
cool_stuff,RR,2017-10,89.94,1,5.0
cool_stuff,RS,2016-10,455.01,1,4.0
cool_stuff,RS,2017-01,137.67,1,5.0
cool_stuff,RS,2017-02,958.23,5,4.4
cool_stuff,RS,2017-03,2504.31,13,4.615384615384615
cool_stuff,RS,2017-04,1728.01,7,4.0
cool_stuff,RS,2017-05,2820.32,21,4.409090909090909
cool_stuff,RS,2017-06,2800.52,17,4.666666666666667
cool_stuff,RS,2017-07,2472.77,14,4.111111111111111
cool_stuff,RS,2017-08,4041.49,19,4.7
cool_stuff,RS,2017-09,4765.44,18,4.473684210526316
cool_stuff,RS,2017-10,2367.9900000000002,8,4.0
cool_stuff,RS,2017-11,6967.6,21,2.9545454545454546
cool_stuff,RS,2017-12,3805.15,16,3.9375
cool_stuff,RS,2018-01,3029.36,18,3.8
cool_stuff,RS,2018-02,1776.2,11,4.363636363636363
cool_stuff,RS,2018-03,4083.63,17,4.444444444444445
cool_stuff,RS,2018-04,3511.07,17,4.176470588235294
cool_stuff,RS,2018-05,2422.08,13,4.538461538461538
cool_stuff,RS,2018-06,764.27,4,4.25
cool_stuff,RS,2018-07,2896.5699999999997,6,4.285714285714286
cool_stuff,RS,2018-08,1407.8400000000001,8,4.375
cool_stuff,SC,2017-01,1693.5,2,2.3333333333333335
cool_stuff,SC,2017-02,233.24,2,4.5
cool_stuff,SC,2017-03,1284.3,7,4.142857142857143
cool_stuff,SC,2017-04,1833.01,7,4.875
cool_stuff,SC,2017-05,2130.53,14,3.933333333333333
cool_stuff,SC,2017-06,1982.18,10,4.0
cool_stuff,SC,2017-07,2558.4700000000003,12,4.166666666666667
cool_stuff,SC,2017-08,926.9399999999999,7,4.571428571428571
cool_stuff,SC,2017-09,1118.08,7,4.0
cool_stuff,SC,2017-10,1393.25,6,4.166666666666667
cool_stuff,SC,2017-11,3081.35,9,2.75
cool_stuff,SC,2017-12,1986.9199999999998,11,4.0
cool_stuff,SC,2018-01,2359.55,12,4.416666666666667
cool_stuff,SC,2018-02,1315.87,8,4.0
cool_stuff,SC,2018-03,1566.21,6,4.166666666666667
cool_stuff,SC,2018-04,2927.37,6,2.3333333333333335
cool_stuff,SC,2018-05,1850.42,8,3.25
cool_stuff,SC,2018-06,796.71,4,4.75
cool_stuff,SC,2018-07,4121.68,4,4.0
cool_stuff,SC,2018-08,502.81,6,3.3333333333333335
cool_stuff,SE,2017-04,231.99,1,4.0
cool_stuff,SE,2017-09,723.72,1,5.0
cool_stuff,SE,2017-10,1758.56,3,4.333333333333333
cool_stuff,SE,2017-11,1349.81,3,5.0
cool_stuff,SE,2017-12,96.33,1,4.0
cool_stuff,SE,2018-01,872.38,2,3.0
cool_stuff,SE,2018-03,742.62,3,4.0
cool_stuff,SE,2018-04,243.26,1,1.0
cool_stuff,SE,2018-06,284.52,1,5.0
cool_stuff,SE,2018-07,399.59,1,4.0
cool_stuff,SP,2016-10,328.2,2,3.0
cool_stuff,SP,2017-01,1690.14,9,3.9
cool_stuff,SP,2017-02,5158.25,23,4.086956521739131
cool_stuff,SP,2017-03,6160.72,34,4.368421052631579
cool_stuff,SP,2017-04,8422.26,41,4.122448979591836
cool_stuff,SP,2017-05,13590.17,81,4.104166666666667
cool_stuff,SP,2017-06,16580.71,62,4.375
cool_stuff,SP,2017-07,15638.75,83,4.277777777777778
cool_stuff,SP,2017-08,14152.22,79,4.488888888888889
cool_stuff,SP,2017-09,15341.94,68,4.36231884057971
cool_stuff,SP,2017-10,16801.47,91,4.262626262626263
cool_stuff,SP,2017-11,21412.03,108,4.412280701754386
cool_stuff,SP,2017-12,16127.130000000001,81,4.254901960784314
cool_stuff,SP,2018-01,16064.69,117,4.235294117647059
cool_stuff,SP,2018-02,16392.71,73,4.233766233766234
cool_stuff,SP,2018-03,13020.64,85,3.9469026548672566
cool_stuff,SP,2018-04,14850.33,77,4.3164556962025316
cool_stuff,SP,2018-05,10662.36,56,4.385964912280702
cool_stuff,SP,2018-06,6858.42,34,4.314285714285714
cool_stuff,SP,2018-07,10081.29,46,4.163265306122449
cool_stuff,SP,2018-08,11197.09,64,3.8615384615384616
cool_stuff,TO,2017-02,139.07,1,5.0
cool_stuff,TO,2017-03,226.79,1,5.0
cool_stuff,TO,2017-04,56.78,1,5.0
cool_stuff,TO,2017-05,316.62,2,5.0
cool_stuff,TO,2017-06,662.62,1,5.0
cool_stuff,TO,2017-08,439.78,3,4.666666666666667
cool_stuff,TO,2017-09,864.69,1,5.0
cool_stuff,TO,2017-10,572.3499999999999,3,3.3333333333333335
cool_stuff,TO,2017-11,253.98,1,3.0
cool_stuff,TO,2017-12,274.12,1,4.0
cool_stuff,TO,2018-02,174.4,1,4.0
costruction_tools_garden,AM,2017-04,84.81,1,5.0
costruction_tools_garden,AM,2018-06,97.54,1,4.0
costruction_tools_garden,BA,2017-04,616.32,1,5.0
costruction_tools_garden,BA,2017-11,706.8100000000001,2,2.3333333333333335
costruction_tools_garden,BA,2017-12,151.14,1,5.0
costruction_tools_garden,BA,2018-01,151.14,1,5.0
costruction_tools_garden,BA,2018-02,163.75,1,4.0
costruction_tools_garden,BA,2018-07,69.13,1,4.0
costruction_tools_garden,CE,2017-05,276.12,1,1.0
costruction_tools_garden,CE,2017-10,57.53,1,1.0
costruction_tools_garden,CE,2017-11,83.14,1,5.0
costruction_tools_garden,CE,2018-01,42.23,1,4.0
costruction_tools_garden,CE,2018-06,344.94,1,5.0
costruction_tools_garden,CE,2018-08,1948.8400000000001,2,4.5
costruction_tools_garden,DF,2017-08,94.63,1,3.0
costruction_tools_garden,DF,2017-11,191.09,2,4.0
costruction_tools_garden,DF,2018-01,144.56,1,5.0
costruction_tools_garden,DF,2018-07,112.42,1,5.0
costruction_tools_garden,ES,2018-05,413.77,1,4.0
costruction_tools_garden,ES,2018-08,534.82,2,1.0
costruction_tools_garden,GO,2017-12,31.71,1,4.0
costruction_tools_garden,GO,2018-01,171.39000000000001,2,4.5
costruction_tools_garden,GO,2018-02,49.11,1,5.0
costruction_tools_garden,GO,2018-08,384.08,1,1.0
costruction_tools_garden,MG,2017-05,549.7,2,2.6666666666666665
costruction_tools_garden,MG,2017-06,471.40000000000003,1,5.0
costruction_tools_garden,MG,2017-08,549.77,2,2.3333333333333335
costruction_tools_garden,MG,2017-10,1167.69,2,5.0
costruction_tools_garden,MG,2017-11,514.1,2,2.6
costruction_tools_garden,MG,2017-12,332.87,2,5.0
costruction_tools_garden,MG,2018-02,681.15,4,3.6666666666666665
costruction_tools_garden,MG,2018-04,297.7,1,2.0
costruction_tools_garden,MG,2018-05,101.75999999999999,2,5.0
costruction_tools_garden,MG,2018-08,616.1600000000001,3,5.0
costruction_tools_garden,MS,2017-08,162.77,1,5.0
costruction_tools_garden,MS,2018-07,73.76,1,1.0
costruction_tools_garden,PA,2018-03,324.59,1,1.0
costruction_tools_garden,PB,2017-05,624.59,1,5.0
costruction_tools_garden,PE,2018-03,98.5,1,4.0
costruction_tools_garden,PE,2018-05,49.69,1,4.0
costruction_tools_garden,PE,2018-07,792.6,2,4.5
costruction_tools_garden,PE,2018-08,287.98,2,5.0
costruction_tools_garden,PI,2017-11,85.95,1,5.0
costruction_tools_garden,PI,2018-01,214.07000000000002,2,5.0
costruction_tools_garden,PI,2018-07,235.23,1,5.0
costruction_tools_garden,PR,2018-01,849.64,1,3.0
costruction_tools_garden,PR,2018-06,217.91,2,5.0
costruction_tools_garden,PR,2018-07,39.97,1,5.0
costruction_tools_garden,PR,2018-08,69.63,1,5.0
costruction_tools_garden,RJ,2017-02,1249.36,1,5.0
costruction_tools_garden,RJ,2017-04,628.65,1,5.0
costruction_tools_garden,RJ,2017-05,35.04,1,5.0
costruction_tools_garden,RJ,2017-06,212.02,1,4.0
costruction_tools_garden,RJ,2017-07,92.62,1,5.0
costruction_tools_garden,RJ,2017-09,167.72,1,5.0
costruction_tools_garden,RJ,2017-10,51.2,1,5.0
costruction_tools_garden,RJ,2017-11,75.42,1,4.0
costruction_tools_garden,RJ,2017-12,523.31,1,1.0
costruction_tools_garden,RJ,2018-01,3547.71,5,4.375
costruction_tools_garden,RJ,2018-02,216.64,1,3.0
costruction_tools_garden,RJ,2018-03,1133.6100000000001,5,3.6
costruction_tools_garden,RJ,2018-04,1411.58,3,4.6
costruction_tools_garden,RJ,2018-05,703.74,4,4.0
costruction_tools_garden,RJ,2018-07,416.85,2,1.75
costruction_tools_garden,RN,2017-04,74.49,1,5.0
costruction_tools_garden,RN,2017-09,75.07,1,5.0
costruction_tools_garden,RN,2017-11,87.66,1,4.0
costruction_tools_garden,RO,2017-09,90.75,1,5.0
costruction_tools_garden,RO,2018-05,111.81,1,5.0
costruction_tools_garden,RS,2017-05,647.4,1,4.0
costruction_tools_garden,RS,2017-09,62.5,1,1.0
costruction_tools_garden,RS,2018-01,81.72,2,4.5
costruction_tools_garden,RS,2018-03,322.83,2,3.0
costruction_tools_garden,RS,2018-04,57.29,1,5.0
costruction_tools_garden,SC,2017-09,89.29,1,5.0
costruction_tools_garden,SC,2018-01,101.84,1,4.0
costruction_tools_garden,SC,2018-03,277.44,1,5.0
costruction_tools_garden,SC,2018-07,34.63,1,5.0
costruction_tools_garden,SP,2017-04,445.92,3,3.75
costruction_tools_garden,SP,2017-06,52.68,1,5.0
costruction_tools_garden,SP,2017-07,626.58,6,4.428571428571429
costruction_tools_garden,SP,2017-08,2163.9300000000003,3,4.8
costruction_tools_garden,SP,2017-10,159.82,4,3.75
costruction_tools_garden,SP,2017-11,268.47,4,4.0
costruction_tools_garden,SP,2017-12,123.05,1,5.0
costruction_tools_garden,SP,2018-01,875.9,5,4.8
costruction_tools_garden,SP,2018-02,2245.01,7,4.833333333333333
costruction_tools_garden,SP,2018-03,1465.32,10,4.615384615384615
costruction_tools_garden,SP,2018-04,1485.95,7,4.6
costruction_tools_garden,SP,2018-05,367.95,4,4.2
costruction_tools_garden,SP,2018-06,460.55,7,4.285714285714286
costruction_tools_garden,SP,2018-07,1289.3600000000001,10,4.0
costruction_tools_garden,SP,2018-08,1531.71,8,3.5555555555555554
costruction_tools_tools,BA,2017-10,46.69,1,4.0
costruction_tools_tools,BA,2017-11,186.76,1,5.0
costruction_tools_tools,BA,2018-06,298.58,1,5.0
costruction_tools_tools,BA,2018-08,282.8,1,5.0
costruction_tools_tools,CE,2018-05,113.7,1,5.0
costruction_tools_tools,ES,2017-09,36.78,1,4.0
costruction_tools_tools,ES,2018-07,305.07,2,5.0
costruction_tools_tools,ES,2018-08,257.18,1,5.0
costruction_tools_tools,GO,2017-12,46.69,1,4.0
costruction_tools_tools,GO,2018-01,170.19,1,5.0
costruction_tools_tools,GO,2018-04,214.44,1,5.0
costruction_tools_tools,GO,2018-07,4534.56,1,4.0
costruction_tools_tools,GO,2018-08,76.51,1,4.0
costruction_tools_tools,MG,2017-12,87.96,2,4.5
costruction_tools_tools,MG,2018-01,149.64999999999998,3,3.6666666666666665
costruction_tools_tools,MG,2018-02,87.96,2,4.0
costruction_tools_tools,MG,2018-03,211.75,1,1.0
costruction_tools_tools,MG,2018-04,495.78,4,4.2
costruction_tools_tools,MG,2018-06,224.23000000000002,2,5.0
costruction_tools_tools,MG,2018-07,1266.38,3,5.0
costruction_tools_tools,MS,2018-04,26.12,1,1.0
costruction_tools_tools,MT,2018-03,222.16,1,4.0
costruction_tools_tools,PA,2018-01,52.63,1,
costruction_tools_tools,PB,2018-02,355.01,1,5.0
costruction_tools_tools,PE,2018-03,226.56,1,5.0
costruction_tools_tools,PR,2018-02,236.25,2,5.0
costruction_tools_tools,PR,2018-03,107.21,2,4.5
costruction_tools_tools,PR,2018-05,112.62,1,5.0
costruction_tools_tools,PR,2018-08,54.08,2,5.0
costruction_tools_tools,RJ,2017-11,168.2,1,1.0
costruction_tools_tools,RJ,2018-01,208.48,1,1.0
costruction_tools_tools,RJ,2018-04,336.76,3,4.666666666666667
costruction_tools_tools,RJ,2018-05,109.62,1,5.0
costruction_tools_tools,RJ,2018-07,135.76,1,5.0
costruction_tools_tools,RJ,2018-08,281.15,2,3.0
costruction_tools_tools,RS,2017-10,229.7,1,5.0
costruction_tools_tools,RS,2017-12,58.65,1,1.0
costruction_tools_tools,RS,2018-01,114.18,2,5.0
costruction_tools_tools,RS,2018-02,653.84,2,5.0
costruction_tools_tools,RS,2018-04,266.12,2,5.0
costruction_tools_tools,SC,2017-10,45.0,1,5.0
costruction_tools_tools,SC,2017-12,220.54,1,5.0
costruction_tools_tools,SC,2018-02,46.69,1,5.0
costruction_tools_tools,SC,2018-03,232.09,1,5.0
costruction_tools_tools,SC,2018-04,68.75,1,5.0
costruction_tools_tools,SP,2017-04,748.27,1,5.0
costruction_tools_tools,SP,2017-05,834.3,2,5.0
costruction_tools_tools,SP,2017-09,939.3000000000001,2,5.0
costruction_tools_tools,SP,2017-10,798.57,2,4.5
costruction_tools_tools,SP,2017-11,87.96,2,5.0
costruction_tools_tools,SP,2017-12,43.98,1,5.0
costruction_tools_tools,SP,2018-02,253.45,3,3.6666666666666665
costruction_tools_tools,SP,2018-03,249.2,2,4.666666666666667
costruction_tools_tools,SP,2018-04,351.17,4,4.5
costruction_tools_tools,SP,2018-05,170.32,2,4.5
costruction_tools_tools,SP,2018-06,101.0,1,5.0
costruction_tools_tools,SP,2018-07,2284.4,3,5.0
costruction_tools_tools,SP,2018-08,545.3199999999999,7,4.666666666666667
diapers_and_hygiene,BA,2018-03,55.06,1,1.0
diapers_and_hygiene,CE,2018-06,80.69,1,1.0
diapers_and_hygiene,MG,2018-05,58.23,1,5.0
diapers_and_hygiene,PB,2018-07,98.05,1,4.0
diapers_and_hygiene,PR,2018-04,56.32,1,5.0
diapers_and_hygiene,PR,2018-06,79.61,1,4.0
diapers_and_hygiene,RJ,2016-10,150.99,1,5.0
diapers_and_hygiene,RJ,2018-06,79.61,1,5.0
diapers_and_hygiene,SP,2017-12,199.4,1,1.0
diapers_and_hygiene,SP,2018-01,942.25,1,1.0
diapers_and_hygiene,SP,2018-02,603.04,1,3.0
diapers_and_hygiene,SP,2018-03,967.75,1,3.0
diapers_and_hygiene,SP,2018-04,144.25,3,4.0
diapers_and_hygiene,SP,2018-05,101.42,2,4.5
diapers_and_hygiene,SP,2018-06,187.79,4,4.75
diapers_and_hygiene,SP,2018-07,139.86,3,3.0
diapers_and_hygiene,SP,2018-08,276.93,3,4.666666666666667
drinks,AL,2017-11,49.64,1,4.0
drinks,AM,2018-02,83.16,1,3.0
drinks,BA,2017-04,1225.44,1,
drinks,BA,2018-01,58.59,1,4.0
drinks,BA,2018-03,70.77,1,5.0
drinks,BA,2018-06,51.03,1,4.0
drinks,BA,2018-07,161.37,1,5.0
drinks,BA,2018-08,160.0,1,4.0
drinks,CE,2018-01,379.94,2,5.0
drinks,DF,2017-09,45.1,1,5.0
drinks,DF,2018-02,127.2,2,5.0
drinks,DF,2018-05,66.81,1,5.0
drinks,DF,2018-08,143.46,1,5.0
drinks,ES,2017-11,90.77,1,1.0
drinks,ES,2018-02,63.6,1,4.0
drinks,ES,2018-05,298.99,1,1.0
drinks,ES,2018-08,236.77999999999997,2,4.5
drinks,GO,2017-03,214.09,1,1.0
drinks,GO,2017-12,61.6,1,4.0
drinks,GO,2018-01,701.92,1,4.0
drinks,GO,2018-03,66.81,1,5.0
drinks,MG,2017-07,264.96,1,4.0
drinks,MG,2017-10,353.81,3,4.5
drinks,MG,2017-11,59.59,1,5.0
drinks,MG,2017-12,711.45,2,3.0
drinks,MG,2018-01,145.29000000000002,2,5.0
drinks,MG,2018-02,34.59,1,5.0
drinks,MG,2018-03,234.4,3,3.3333333333333335
drinks,MG,2018-04,61.23,1,2.0
drinks,MG,2018-05,2348.24,3,4.285714285714286
drinks,MG,2018-07,189.44,2,5.0
drinks,MG,2018-08,169.94,1,4.0
drinks,MS,2017-12,73.65,1,4.0
drinks,MS,2018-01,127.2,2,4.0
drinks,MS,2018-02,63.6,1,5.0
drinks,MT,2018-04,41.55,1,5.0
drinks,PA,2018-03,125.78,1,3.0
drinks,PI,2017-05,112.95,1,5.0
drinks,PR,2018-01,137.25,2,4.0
drinks,PR,2018-02,63.6,1,1.0
drinks,PR,2018-04,3137.4,2,4.2
drinks,PR,2018-05,312.6,1,5.0
drinks,PR,2018-06,632.1700000000001,2,2.3333333333333335
drinks,PR,2018-07,167.96,1,5.0
drinks,PR,2018-08,53.43,1,5.0
drinks,RJ,2017-07,215.6,1,4.0
drinks,RJ,2017-08,126.92,1,5.0
drinks,RJ,2017-09,102.36,1,5.0
drinks,RJ,2017-10,351.39,2,4.333333333333333
drinks,RJ,2017-12,337.66,5,4.0
drinks,RJ,2018-01,1155.95,8,2.3636363636363638
drinks,RJ,2018-02,188.8,3,3.6666666666666665
drinks,RJ,2018-03,66.81,1,5.0
drinks,RJ,2018-04,30440.21,5,4.857142857142857
drinks,RJ,2018-05,503.72,3,3.0
drinks,RJ,2018-06,691.03,7,4.75
drinks,RJ,2018-07,224.10000000000002,2,5.0
drinks,RJ,2018-08,106.86,2,4.0
drinks,RS,2017-09,24.1,1,5.0
drinks,RS,2017-11,324.84,1,1.0
drinks,RS,2017-12,57.6,1,5.0
drinks,RS,2018-01,127.2,2,3.5
drinks,RS,2018-02,127.2,2,3.5
drinks,RS,2018-03,66.81,1,5.0
drinks,RS,2018-04,709.11,1,1.0
drinks,RS,2018-05,593.32,3,5.0
drinks,RS,2018-07,65.92,1,4.0
drinks,RS,2018-08,171.19,1,5.0
drinks,SC,2017-11,87.68,2,4.0
drinks,SC,2017-12,212.9,3,4.333333333333333
drinks,SC,2018-01,73.65,1,5.0
drinks,SC,2018-02,63.6,1,4.0
drinks,SC,2018-03,128.04,2,4.5
drinks,SC,2018-04,142.41,1,5.0
drinks,SC,2018-05,365.4,3,5.0
drinks,SC,2018-07,67.94,1,4.0
drinks,SP,2017-03,442.06,3,4.25
drinks,SP,2017-04,124.93,1,1.0
drinks,SP,2017-06,69.2,1,4.0
drinks,SP,2017-08,21.85,1,5.0
drinks,SP,2017-09,304.44,4,3.6
drinks,SP,2017-10,304.12,5,4.0
drinks,SP,2017-11,1422.42,9,4.6875
drinks,SP,2017-12,1562.92,18,4.190476190476191
drinks,SP,2018-01,1674.1,19,4.428571428571429
drinks,SP,2018-02,2296.1,14,4.368421052631579
drinks,SP,2018-03,682.38,10,3.727272727272727
drinks,SP,2018-04,4917.96,18,4.0
drinks,SP,2018-05,2433.34,19,3.8461538461538463
drinks,SP,2018-06,1161.27,20,4.0
drinks,SP,2018-07,1044.77,9,4.888888888888889
drinks,SP,2018-08,1564.8,16,3.1904761904761907
dvds_blu_ray,AL,2018-03,47.75,1,5.0
dvds_blu_ray,DF,2017-06,29.5,1,4.0
dvds_blu_ray,DF,2017-08,32.5,1,1.0
dvds_blu_ray,DF,2018-05,102.16,1,5.0
dvds_blu_ray,GO,2017-05,28.01,1,5.0
dvds_blu_ray,MG,2017-11,54.09,1,1.0
dvds_blu_ray,MG,2017-12,135.49,1,4.0
dvds_blu_ray,MG,2018-03,41.96,1,5.0
dvds_blu_ray,MG,2018-05,107.16,1,5.0
dvds_blu_ray,MS,2017-03,427.16,1,1.0
dvds_blu_ray,MS,2017-06,35.69,1,5.0
dvds_blu_ray,MS,2017-08,35.69,1,4.0
dvds_blu_ray,PE,2017-02,36.94,1,4.0
dvds_blu_ray,PE,2017-08,41.05,1,1.0
dvds_blu_ray,PI,2018-06,75.85,1,5.0
dvds_blu_ray,PR,2017-01,95.6,1,5.0
dvds_blu_ray,PR,2018-04,378.75,2,4.666666666666667
dvds_blu_ray,RJ,2017-05,85.06,2,4.5
dvds_blu_ray,RJ,2017-06,89.02,1,5.0
dvds_blu_ray,RJ,2017-07,69.06,2,5.0
dvds_blu_ray,RJ,2017-08,42.53,1,1.0
dvds_blu_ray,RJ,2017-09,45.53,1,4.0
dvds_blu_ray,RJ,2017-10,37.53,1,5.0
dvds_blu_ray,RJ,2017-11,37.53,1,5.0
dvds_blu_ray,RJ,2018-02,42.53,1,5.0
dvds_blu_ray,RJ,2018-05,323.03999999999996,2,2.3333333333333335
dvds_blu_ray,RN,2017-07,42.28,1,4.0
dvds_blu_ray,RO,2017-10,46.05,1,5.0
dvds_blu_ray,RS,2017-04,115.31,1,5.0
dvds_blu_ray,RS,2017-10,144.47,1,5.0
dvds_blu_ray,RS,2017-11,54.05,1,5.0
dvds_blu_ray,RS,2018-04,24.13,1,5.0
dvds_blu_ray,SC,2017-10,41.05,1,5.0
dvds_blu_ray,SC,2018-01,46.05,1,5.0
dvds_blu_ray,SP,2017-03,1601.63,3,3.75
dvds_blu_ray,SP,2017-04,1435.58,1,5.0
dvds_blu_ray,SP,2017-05,37.53,1,5.0
dvds_blu_ray,SP,2017-06,45.53,1,5.0
dvds_blu_ray,SP,2017-07,719.65,1,1.0
dvds_blu_ray,SP,2017-08,80.06,2,5.0
dvds_blu_ray,SP,2017-09,45.53,1,5.0
dvds_blu_ray,SP,2017-10,45.53,1,1.0
dvds_blu_ray,SP,2018-01,50.53,1,5.0
dvds_blu_ray,SP,2018-04,16.29,1,3.0
dvds_blu_ray,SP,2018-05,138.24,2,4.0
dvds_blu_ray,SP,2018-06,615.44,4,4.6
dvds_blu_ray,SP,2018-07,96.88,1,2.0
dvds_blu_ray,SP,2018-08,16.29,1,5.0
electronics,AC,2017-05,81.29,1,5.0
electronics,AC,2017-09,241.08,1,5.0
electronics,AC,2017-12,316.19,1,5.0
electronics,AC,2018-02,39.03,1,5.0
electronics,AL,2017-04,32.39,1,2.0
electronics,AL,2017-07,61.28,1,1.0
electronics,AL,2017-09,109.08,1,5.0
electronics,AL,2017-10,62.28,1,5.0
electronics,AL,2017-12,33.45,1,5.0
electronics,AL,2018-01,43.05,1,5.0
electronics,AL,2018-02,195.28,4,3.5
electronics,AL,2018-03,257.52,1,4.0
electronics,AL,2018-05,36.05,1,5.0
electronics,AL,2018-06,51.06,1,5.0
electronics,AM,2017-11,68.85,2,4.0
electronics,AM,2018-03,35.55,1,5.0
electronics,AM,2018-04,40.85,1,5.0
electronics,AP,2017-05,425.24,1,5.0
electronics,AP,2017-11,555.92,1,5.0
electronics,AP,2018-01,34.8,1,4.0
electronics,BA,2017-02,95.98,1,2.0
electronics,BA,2017-05,1168.16,8,3.5
electronics,BA,2017-07,614.58,3,4.666666666666667
electronics,BA,2017-08,129.64999999999998,2,5.0
electronics,BA,2017-10,77.98,1,3.0
electronics,BA,2017-11,445.69,5,3.6
electronics,BA,2017-12,681.02,9,4.454545454545454
electronics,BA,2018-01,1398.96,17,4.222222222222222
electronics,BA,2018-02,1059.1699999999998,11,3.466666666666667
electronics,BA,2018-03,1437.84,11,3.5714285714285716
electronics,BA,2018-04,435.11,7,4.0
electronics,BA,2018-05,655.28,11,4.076923076923077
electronics,BA,2018-06,581.4,5,5.0
electronics,BA,2018-07,274.52,2,5.0
electronics,BA,2018-08,645.51,5,4.4
electronics,CE,2017-04,310.97,1,5.0
electronics,CE,2017-07,1598.31,1,5.0
electronics,CE,2017-09,185.56,1,5.0
electronics,CE,2017-10,563.24,3,3.6666666666666665
electronics,CE,2017-11,1115.27,2,4.0
electronics,CE,2017-12,71.16,2,4.0
electronics,CE,2018-01,395.67,6,4.666666666666667
electronics,CE,2018-02,279.19,6,2.8333333333333335
electronics,CE,2018-03,533.26,5,4.6
electronics,CE,2018-04,823.01,6,2.3333333333333335
electronics,CE,2018-06,344.72,3,4.666666666666667
electronics,CE,2018-07,181.22,2,3.0
electronics,CE,2018-08,418.33000000000004,3,4.2
electronics,DF,2017-04,27.64,1,5.0
electronics,DF,2017-09,215.05,1,5.0
electronics,DF,2017-10,85.6,1,5.0
electronics,DF,2017-11,97.06,2,5.0
electronics,DF,2017-12,397.65000000000003,7,4.857142857142857
electronics,DF,2018-01,612.24,5,3.5
electronics,DF,2018-02,193.38,6,4.166666666666667
electronics,DF,2018-03,155.34,5,4.4
electronics,DF,2018-04,439.90999999999997,6,4.166666666666667
electronics,DF,2018-05,340.27,3,4.666666666666667
electronics,DF,2018-06,539.65,6,4.833333333333333
electronics,DF,2018-07,134.94,4,3.75
electronics,DF,2018-08,249.91,3,5.0
electronics,ES,2017-05,630.8299999999999,3,2.0
electronics,ES,2017-06,295.64,2,4.0
electronics,ES,2017-07,442.11,3,4.2
electronics,ES,2017-08,40.53,1,5.0
electronics,ES,2017-09,44.53,1,5.0
electronics,ES,2017-10,124.57000000000001,2,3.0
electronics,ES,2017-11,512.01,7,3.5555555555555554
electronics,ES,2017-12,52.1,2,4.5
electronics,ES,2018-01,980.26,11,4.181818181818182
electronics,ES,2018-02,281.22,6,4.714285714285714
electronics,ES,2018-03,219.15,6,4.285714285714286
electronics,ES,2018-04,756.5500000000001,9,4.090909090909091
electronics,ES,2018-05,364.52,4,2.75
electronics,ES,2018-06,480.91,10,4.363636363636363
electronics,ES,2018-07,682.4100000000001,5,4.6
electronics,ES,2018-08,43.6,1,5.0
electronics,GO,2017-06,64.1,1,4.0
electronics,GO,2017-08,44.1,1,5.0
electronics,GO,2017-11,90.05,2,3.0
electronics,GO,2017-12,133.85,3,2.3333333333333335
electronics,GO,2018-01,146.1,5,4.8
electronics,GO,2018-02,404.67,7,3.5714285714285716
electronics,GO,2018-03,140.19,4,4.0
electronics,GO,2018-04,33.23,1,5.0
electronics,GO,2018-05,122.25,4,4.4
electronics,GO,2018-06,140.52,2,5.0
electronics,GO,2018-07,25.13,1,5.0
electronics,GO,2018-08,176.68,1,5.0
electronics,MA,2017-02,114.0,1,3.0
electronics,MA,2017-07,125.43,1,5.0
electronics,MA,2017-11,51.57,1,5.0
electronics,MA,2018-01,34.8,1,5.0
electronics,MA,2018-02,239.44,5,2.4
electronics,MA,2018-03,118.44999999999999,2,3.0
electronics,MA,2018-04,31.85,1,3.0
electronics,MA,2018-05,64.5,1,3.0
electronics,MG,2017-02,54.42,1,5.0
electronics,MG,2017-03,788.83,5,4.2
electronics,MG,2017-04,454.93,5,5.0
electronics,MG,2017-05,670.39,8,4.0
electronics,MG,2017-06,510.84,6,4.428571428571429
electronics,MG,2017-07,1339.94,13,3.4
electronics,MG,2017-08,647.28,4,2.8
electronics,MG,2017-09,1023.23,8,4.111111111111111
electronics,MG,2017-10,1368.53,5,5.0
electronics,MG,2017-11,1354.19,17,3.6842105263157894
electronics,MG,2017-12,1714.84,25,3.4516129032258065
electronics,MG,2018-01,4400.11,30,3.081081081081081
electronics,MG,2018-02,6531.69,32,4.243243243243243
electronics,MG,2018-03,3892.5600000000004,22,3.5
electronics,MG,2018-04,988.8199999999999,16,3.6470588235294117
electronics,MG,2018-05,6036.58,21,4.413793103448276
electronics,MG,2018-06,1635.95,15,4.588235294117647
electronics,MG,2018-07,1810.84,15,4.0
electronics,MG,2018-08,2703.16,12,3.923076923076923
electronics,MS,2017-02,159.95999999999998,2,5.0
electronics,MS,2017-06,191.99,1,5.0
electronics,MS,2018-01,401.71999999999997,3,4.75
electronics,MS,2018-02,128.69,4,3.75
electronics,MS,2018-03,1064.3899999999999,2,4.333333333333333
electronics,MS,2018-04,60.11,2,4.5
electronics,MS,2018-05,62.099999999999994,2,4.0
electronics,MS,2018-06,414.1,3,4.5
electronics,MS,2018-07,219.2,1,5.0
electronics,MT,2017-03,136.54,2,4.0
electronics,MT,2017-06,108.1,1,4.0
electronics,MT,2017-08,178.67,2,2.5
electronics,MT,2017-10,842.54,4,3.0
electronics,MT,2017-12,40.49,1,5.0
electronics,MT,2018-01,83.22,2,3.0
electronics,MT,2018-02,482.69,5,3.142857142857143
electronics,MT,2018-03,154.28,2,3.0
electronics,MT,2018-05,92.65,2,3.5
electronics,MT,2018-08,217.18,1,1.0
electronics,PA,2017-03,51.83,1,4.0
electronics,PA,2017-04,162.13,1,3.0
electronics,PA,2017-07,247.27,2,3.5
electronics,PA,2017-08,57.28,1,5.0
electronics,PA,2017-09,320.54,1,5.0
electronics,PA,2017-10,120.06,1,4.0
electronics,PA,2017-11,92.56,2,2.5
electronics,PA,2017-12,182.6,2,3.0
electronics,PA,2018-01,906.88,3,4.666666666666667
electronics,PA,2018-02,30.93,1,5.0
electronics,PA,2018-04,1205.8899999999999,4,3.25
electronics,PA,2018-05,185.05,4,4.0
electronics,PA,2018-06,345.18,3,4.0
electronics,PA,2018-08,36.04,1,1.0
electronics,PB,2017-03,54.34,1,5.0
electronics,PB,2017-07,100.77,1,4.0
electronics,PB,2017-11,124.85,2,3.5
electronics,PB,2018-01,1959.55,2,5.0
electronics,PB,2018-02,47.8,1,4.0
electronics,PB,2018-03,232.61,2,3.0
electronics,PB,2018-04,68.85,1,1.0
electronics,PB,2018-05,37.84,1,5.0
electronics,PB,2018-07,219.57,1,5.0
electronics,PB,2018-08,223.53,1,4.0
electronics,PE,2017-01,86.9,1,4.0
electronics,PE,2017-03,652.99,2,4.25
electronics,PE,2017-04,54.34,1,4.0
electronics,PE,2017-05,47.63,1,5.0
electronics,PE,2017-06,64.63,1,4.0
electronics,PE,2017-07,566.89,3,4.5
electronics,PE,2017-11,122.16,2,5.0
electronics,PE,2017-12,144.96,2,4.5
electronics,PE,2018-01,96.44,3,4.666666666666667
electronics,PE,2018-02,289.07,3,3.0
electronics,PE,2018-03,34.03,1,1.0
electronics,PE,2018-04,418.27,4,3.6
electronics,PE,2018-05,565.14,7,3.6666666666666665
electronics,PE,2018-06,123.99,3,5.0
electronics,PE,2018-07,95.68,2,4.5
electronics,PE,2018-08,237.91,1,4.0
electronics,PI,2017-06,151.61,1,4.0
electronics,PI,2017-09,130.56,1,5.0
electronics,PI,2017-11,97.13,2,2.5
electronics,PI,2017-12,103.5,2,5.0
electronics,PI,2018-01,96.08,2,4.5
electronics,PI,2018-02,208.51,4,3.75
electronics,PI,2018-03,101.42999999999999,2,2.3333333333333335
electronics,PI,2018-04,315.95,2,2.5
electronics,PI,2018-05,1106.37,4,4.75
electronics,PI,2018-06,174.39,1,1.0
electronics,PI,2018-07,44.87,1,5.0
electronics,PR,2017-01,44.02,1,1.0
electronics,PR,2017-02,75.44,1,1.0
electronics,PR,2017-03,1404.37,2,4.0
electronics,PR,2017-04,3175.4300000000003,3,4.0
electronics,PR,2017-05,547.13,5,3.0
electronics,PR,2017-06,123.14,4,4.25
electronics,PR,2017-07,114.52,4,4.25
electronics,PR,2017-08,422.02,6,4.142857142857143
electronics,PR,2017-09,482.11,6,3.5714285714285716
electronics,PR,2017-10,45.82,1,4.0
electronics,PR,2017-11,580.24,17,4.25
electronics,PR,2017-12,458.77,11,4.363636363636363
electronics,PR,2018-01,1449.0,24,3.576923076923077
electronics,PR,2018-02,2001.18,20,4.0
electronics,PR,2018-03,502.0,11,4.2727272727272725
electronics,PR,2018-04,680.05,8,4.222222222222222
electronics,PR,2018-05,708.8599999999999,10,4.6
electronics,PR,2018-06,625.84,11,4.454545454545454
electronics,PR,2018-07,10930.98,17,4.0
electronics,PR,2018-08,1016.6899999999999,6,4.166666666666667
electronics,RJ,2017-01,128.01,2,1.6666666666666667
electronics,RJ,2017-02,1270.01,3,5.0
electronics,RJ,2017-03,963.71,5,4.4
electronics,RJ,2017-04,592.13,9,4.0
electronics,RJ,2017-05,1149.5600000000002,7,2.6666666666666665
electronics,RJ,2017-06,407.86,6,4.833333333333333
electronics,RJ,2017-07,3068.23,16,4.055555555555555
electronics,RJ,2017-08,2045.5,7,3.25
electronics,RJ,2017-09,810.5899999999999,10,4.2727272727272725
electronics,RJ,2017-10,707.1,7,4.625
electronics,RJ,2017-11,1814.1799999999998,19,4.315789473684211
electronics,RJ,2017-12,3376.36,33,3.3947368421052633
electronics,RJ,2018-01,4736.6,52,4.0
electronics,RJ,2018-02,5268.17,61,3.5384615384615383
electronics,RJ,2018-03,3535.38,45,2.96
electronics,RJ,2018-04,2802.08,26,3.8275862068965516
electronics,RJ,2018-05,2733.4300000000003,28,4.142857142857143
electronics,RJ,2018-06,1943.75,28,3.774193548387097
electronics,RJ,2018-07,1062.51,15,4.133333333333334
electronics,RJ,2018-08,2626.9900000000002,21,3.9523809523809526
electronics,RN,2017-11,34.8,1,5.0
electronics,RN,2017-12,159.89,1,4.0
electronics,RN,2018-01,111.03,2,3.0
electronics,RN,2018-02,115.33,2,5.0
electronics,RN,2018-03,128.13,2,5.0
electronics,RN,2018-04,120.74000000000001,3,2.3333333333333335
electronics,RN,2018-05,37.45,1,1.0
electronics,RN,2018-06,79.31,1,5.0
electronics,RN,2018-08,83.03,1,4.0
electronics,RO,2017-03,54.74,1,1.0
electronics,RO,2017-07,302.93,3,3.6666666666666665
electronics,RO,2018-01,47.8,1,5.0
electronics,RO,2018-02,62.28,1,5.0
electronics,RR,2017-11,39.03,1,5.0
electronics,RR,2018-04,41.06,1,5.0
electronics,RS,2017-01,55.11,1,5.0
electronics,RS,2017-02,184.35,1,5.0
electronics,RS,2017-03,593.53,2,4.5
electronics,RS,2017-04,284.9,4,4.25
electronics,RS,2017-05,489.34000000000003,3,4.75
electronics,RS,2017-06,91.26,1,5.0
electronics,RS,2017-07,170.54000000000002,4,4.5
electronics,RS,2017-08,413.61,8,4.625
electronics,RS,2017-09,237.1,6,4.166666666666667
electronics,RS,2017-10,584.33,6,3.8333333333333335
electronics,RS,2017-11,289.8,8,3.625
electronics,RS,2017-12,1067.56,13,3.923076923076923
electronics,RS,2018-01,1195.73,21,3.9130434782608696
electronics,RS,2018-02,619.82,12,4.181818181818182
electronics,RS,2018-03,875.16,11,3.0833333333333335
electronics,RS,2018-04,992.07,18,4.368421052631579
electronics,RS,2018-05,710.36,11,4.333333333333333
electronics,RS,2018-06,708.1700000000001,9,4.7
electronics,RS,2018-07,2132.99,10,3.5
electronics,RS,2018-08,734.78,8,4.0
electronics,SC,2017-02,217.68,1,3.0
electronics,SC,2017-03,184.35,1,5.0
electronics,SC,2017-04,95.8,1,5.0
electronics,SC,2017-05,123.22,2,5.0
electronics,SC,2017-06,198.47,3,5.0
electronics,SC,2017-07,314.81,3,4.5
electronics,SC,2017-08,25.1,1,4.0
electronics,SC,2017-09,99.1,2,5.0
electronics,SC,2017-10,361.4,5,4.142857142857143
electronics,SC,2017-11,778.11,8,2.5
electronics,SC,2017-12,442.48,10,4.0
electronics,SC,2018-01,670.85,13,3.7857142857142856
electronics,SC,2018-02,603.9,10,3.1666666666666665
electronics,SC,2018-03,834.09,14,3.9285714285714284
electronics,SC,2018-04,2232.39,11,4.642857142857143
electronics,SC,2018-05,3246.7200000000003,13,4.583333333333333
electronics,SC,2018-06,254.17,5,3.8
electronics,SC,2018-07,310.68,6,4.5
electronics,SC,2018-08,578.42,5,4.666666666666667
electronics,SE,2017-05,70.79,1,4.0
electronics,SE,2017-07,100.77,1,5.0
electronics,SE,2017-09,62.28,1,4.0
electronics,SE,2017-10,61.28,1,1.0
electronics,SE,2017-12,172.2,1,4.0
electronics,SE,2018-01,292.71999999999997,2,1.0
electronics,SE,2018-02,523.36,3,4.75
electronics,SE,2018-04,36.5,1,1.0
electronics,SE,2018-06,3118.5,1,5.0
electronics,SE,2018-07,72.87,1,4.0
electronics,SP,2016-10,1347.57,2,3.0
electronics,SP,2017-01,458.39,6,4.666666666666667
electronics,SP,2017-02,165.97,3,4.0
electronics,SP,2017-03,1026.51,10,4.75
electronics,SP,2017-04,2007.72,20,4.142857142857143
electronics,SP,2017-05,3337.7400000000002,22,4.2
electronics,SP,2017-06,721.52,13,3.5
electronics,SP,2017-07,3159.69,28,4.470588235294118
electronics,SP,2017-08,1044.46,19,4.0
electronics,SP,2017-09,1791.52,25,4.076923076923077
electronics,SP,2017-10,1018.69,18,3.789473684210526
electronics,SP,2017-11,10694.36,62,4.102564102564102
electronics,SP,2017-12,4448.24,64,4.505263157894737
electronics,SP,2018-01,6267.17,115,4.12396694214876
electronics,SP,2018-02,6374.04,96,4.028846153846154
electronics,SP,2018-03,5402.28,94,4.176470588235294
electronics,SP,2018-04,3942.19,75,4.454545454545454
electronics,SP,2018-05,7972.08,94,4.402061855670103
electronics,SP,2018-06,5974.33,67,4.527027027027027
electronics,SP,2018-07,4947.85,61,4.136363636363637
electronics,SP,2018-08,3998.06,44,4.2272727272727275
electronics,TO,2017-11,266.25,2,5.0
electronics,TO,2018-03,59.84,1,4.0
electronics,TO,2018-05,38.12,1,5.0
electronics,TO,2018-07,59.06,1,5.0
electronics,TO,2018-08,44.17,1,4.0
fashio_female_clothing,BA,2017-04,171.69,1,2.0
fashio_female_clothing,DF,2017-07,148.06,1,4.0
fashio_female_clothing,ES,2017-02,131.51,1,1.0
fashio_female_clothing,GO,2017-05,166.71,1,1.0
fashio_female_clothing,GO,2017-08,69.03,1,5.0
fashio_female_clothing,MG,2016-10,69.63,1,5.0
fashio_female_clothing,MG,2017-02,283.09000000000003,2,5.0
fashio_female_clothing,MG,2017-06,80.1,1,3.0
fashio_female_clothing,MG,2017-09,62.1,1,5.0
fashio_female_clothing,MG,2017-11,45.09,1,4.0
fashio_female_clothing,MG,2018-02,45.09,1,4.0
fashio_female_clothing,MT,2018-08,57.17,1,5.0
fashio_female_clothing,PB,2017-09,304.32,1,5.0
fashio_female_clothing,PR,2017-06,119.2,2,4.0
fashio_female_clothing,RJ,2017-01,69.45,1,5.0
fashio_female_clothing,RJ,2017-05,70.03,1,1.0
fashio_female_clothing,SC,2017-08,35.0,1,4.0
fashio_female_clothing,SP,2017-01,33.36,1,3.0
fashio_female_clothing,SP,2017-02,105.17,1,1.0
fashio_female_clothing,SP,2017-03,30.86,1,3.0
fashio_female_clothing,SP,2017-05,248.89000000000001,3,5.0
fashio_female_clothing,SP,2017-07,295.04,3,4.25
fashio_female_clothing,SP,2017-08,131.62,2,4.0
fashio_female_clothing,SP,2017-09,216.05,1,2.0
fashio_female_clothing,SP,2017-11,102.58,2,2.0
fashio_female_clothing,SP,2018-01,196.48000000000002,3,5.0
fashio_female_clothing,SP,2018-03,618.08,1,4.0
fashio_female_clothing,SP,2018-04,1090.75,1,4.0
fashio_female_clothing,SP,2018-08,223.92,1,3.0
fashion_bags_accessories,AC,2018-01,121.2,1,5.0
fashion_bags_accessories,AL,2017-05,144.47,1,5.0
fashion_bags_accessories,AL,2018-03,70.75,1,1.0
fashion_bags_accessories,AL,2018-04,57.85,1,4.0
fashion_bags_accessories,AL,2018-08,87.07,1,5.0
fashion_bags_accessories,AM,2017-12,725.69,1,4.0
fashion_bags_accessories,BA,2016-10,75.84,1,4.0
fashion_bags_accessories,BA,2017-01,160.42000000000002,1,4.0
fashion_bags_accessories,BA,2017-02,55.75,1,5.0
fashion_bags_accessories,BA,2017-03,847.6,5,4.5
fashion_bags_accessories,BA,2017-04,598.62,2,4.666666666666667
fashion_bags_accessories,BA,2017-05,605.8299999999999,4,4.5
fashion_bags_accessories,BA,2017-06,185.37,3,4.666666666666667
fashion_bags_accessories,BA,2017-07,502.73,5,2.8333333333333335
fashion_bags_accessories,BA,2017-08,334.63,4,4.75
fashion_bags_accessories,BA,2017-09,841.16,6,4.285714285714286
fashion_bags_accessories,BA,2017-10,435.65,2,1.6666666666666667
fashion_bags_accessories,BA,2017-11,508.99,5,4.142857142857143
fashion_bags_accessories,BA,2017-12,626.35,3,5.0
fashion_bags_accessories,BA,2018-01,859.47,6,4.5
fashion_bags_accessories,BA,2018-02,461.67,2,5.0
fashion_bags_accessories,BA,2018-03,418.23,5,3.2
fashion_bags_accessories,BA,2018-04,465.71999999999997,3,3.6666666666666665
fashion_bags_accessories,BA,2018-05,344.33000000000004,4,4.5
fashion_bags_accessories,BA,2018-06,148.15,2,4.5
fashion_bags_accessories,BA,2018-07,1038.9099999999999,5,4.0
fashion_bags_accessories,BA,2018-08,305.36,1,1.0
fashion_bags_accessories,CE,2017-01,58.74,1,1.0
fashion_bags_accessories,CE,2017-04,55.7,1,5.0
fashion_bags_accessories,CE,2017-05,103.91,1,5.0
fashion_bags_accessories,CE,2017-06,780.99,3,3.3333333333333335
fashion_bags_accessories,CE,2017-07,75.53,1,5.0
fashion_bags_accessories,CE,2017-08,105.74,1,4.0
fashion_bags_accessories,CE,2017-09,855.91,2,4.333333333333333
fashion_bags_accessories,CE,2017-10,182.18,2,3.0
fashion_bags_accessories,CE,2017-11,139.37,1,1.0
fashion_bags_accessories,CE,2017-12,67.53,1,4.0
fashion_bags_accessories,CE,2018-01,192.99,3,4.75
fashion_bags_accessories,CE,2018-02,401.26,2,2.5
fashion_bags_accessories,CE,2018-03,201.2,2,5.0
fashion_bags_accessories,CE,2018-04,66.71,1,5.0
fashion_bags_accessories,CE,2018-05,115.79,2,5.0
fashion_bags_accessories,CE,2018-06,78.1,1,4.0
fashion_bags_accessories,CE,2018-07,220.21999999999997,2,5.0
fashion_bags_accessories,CE,2018-08,177.88,1,5.0
fashion_bags_accessories,DF,2017-01,166.14,1,5.0
fashion_bags_accessories,DF,2017-02,176.72,1,4.0
fashion_bags_accessories,DF,2017-03,80.75,1,5.0
fashion_bags_accessories,DF,2017-05,64.0,1,3.0
fashion_bags_accessories,DF,2017-06,269.39,2,5.0
fashion_bags_accessories,DF,2017-07,163.66,3,3.5
fashion_bags_accessories,DF,2017-08,1046.59,4,4.5
fashion_bags_accessories,DF,2017-09,42.4,1,2.0
fashion_bags_accessories,DF,2017-10,220.61,3,3.0
fashion_bags_accessories,DF,2017-11,93.09,2,3.0
fashion_bags_accessories,DF,2017-12,177.7,3,2.75
fashion_bags_accessories,DF,2018-01,93.3,2,3.5
fashion_bags_accessories,DF,2018-02,146.33,2,4.5
fashion_bags_accessories,DF,2018-03,307.67,3,3.3333333333333335
fashion_bags_accessories,DF,2018-04,806.4799999999999,2,3.0
fashion_bags_accessories,DF,2018-05,368.84000000000003,2,3.5
fashion_bags_accessories,DF,2018-06,552.51,2,5.0
fashion_bags_accessories,DF,2018-07,149.93,2,5.0
fashion_bags_accessories,DF,2018-08,352.28999999999996,4,4.0
fashion_bags_accessories,ES,2017-03,75.11,1,4.0
fashion_bags_accessories,ES,2017-04,70.98,1,3.0
fashion_bags_accessories,ES,2017-05,453.7,2,5.0
fashion_bags_accessories,ES,2017-06,277.18,1,5.0
fashion_bags_accessories,ES,2017-07,65.09,1,1.0
fashion_bags_accessories,ES,2017-08,64.14,1,5.0
fashion_bags_accessories,ES,2017-09,792.74,6,4.666666666666667
fashion_bags_accessories,ES,2017-11,621.74,4,2.5714285714285716
fashion_bags_accessories,ES,2017-12,265.3,3,5.0
fashion_bags_accessories,ES,2018-01,380.46000000000004,5,4.6
fashion_bags_accessories,ES,2018-02,288.28,4,4.0
fashion_bags_accessories,ES,2018-03,222.87,4,4.0
fashion_bags_accessories,ES,2018-04,286.7,3,4.0
fashion_bags_accessories,ES,2018-05,108.31,1,4.0
fashion_bags_accessories,ES,2018-06,48.41,1,5.0
fashion_bags_accessories,ES,2018-07,112.25,1,5.0
fashion_bags_accessories,ES,2018-08,901.77,6,3.0
fashion_bags_accessories,GO,2017-02,211.15,2,4.0
fashion_bags_accessories,GO,2017-03,272.05,3,4.666666666666667
fashion_bags_accessories,GO,2017-04,96.98,1,5.0
fashion_bags_accessories,GO,2017-05,282.84000000000003,4,4.0
fashion_bags_accessories,GO,2017-06,84.14,1,3.0
fashion_bags_accessories,GO,2017-07,65.09,1,5.0
fashion_bags_accessories,GO,2017-08,55.09,1,5.0
fashion_bags_accessories,GO,2017-09,200.13,3,4.666666666666667
fashion_bags_accessories,GO,2017-10,615.39,5,4.4
fashion_bags_accessories,GO,2017-11,567.38,6,3.6666666666666665
fashion_bags_accessories,GO,2017-12,98.23,2,3.5
fashion_bags_accessories,GO,2018-01,280.16999999999996,3,4.666666666666667
fashion_bags_accessories,GO,2018-02,207.67,1,5.0
fashion_bags_accessories,GO,2018-03,156.06,3,3.3333333333333335
fashion_bags_accessories,GO,2018-05,142.54,1,5.0
fashion_bags_accessories,GO,2018-06,490.11,4,3.5
fashion_bags_accessories,GO,2018-07,128.82,2,4.0
fashion_bags_accessories,GO,2018-08,119.47999999999999,2,3.0
fashion_bags_accessories,MA,2017-02,80.77,1,5.0
fashion_bags_accessories,MA,2017-05,367.17,2,3.6666666666666665
fashion_bags_accessories,MA,2017-06,289.46000000000004,4,3.25
fashion_bags_accessories,MA,2017-07,286.67,2,4.0
fashion_bags_accessories,MA,2017-09,244.2,1,5.0
fashion_bags_accessories,MA,2017-10,265.94,3,4.666666666666667
fashion_bags_accessories,MA,2017-11,141.62,2,4.0
fashion_bags_accessories,MA,2018-01,212.99,1,5.0
fashion_bags_accessories,MA,2018-02,212.12,1,1.0
fashion_bags_accessories,MA,2018-03,116.68,1,1.0
fashion_bags_accessories,MA,2018-04,719.77,2,5.0
fashion_bags_accessories,MA,2018-07,324.72,1,5.0
fashion_bags_accessories,MA,2018-08,82.13,1,2.0
fashion_bags_accessories,MG,2016-10,105.19,1,5.0
fashion_bags_accessories,MG,2017-01,449.35,3,3.25
fashion_bags_accessories,MG,2017-02,984.42,7,4.333333333333333
fashion_bags_accessories,MG,2017-03,547.77,9,4.75
fashion_bags_accessories,MG,2017-04,582.85,8,3.9
fashion_bags_accessories,MG,2017-05,1276.48,11,4.2
fashion_bags_accessories,MG,2017-06,2022.19,15,4.235294117647059
fashion_bags_accessories,MG,2017-07,651.91,9,4.333333333333333
fashion_bags_accessories,MG,2017-08,2318.18,12,4.411764705882353
fashion_bags_accessories,MG,2017-09,1206.52,10,4.363636363636363
fashion_bags_accessories,MG,2017-10,1745.1,14,4.2
fashion_bags_accessories,MG,2017-11,3367.0099999999998,24,3.96
fashion_bags_accessories,MG,2017-12,2093.35,19,3.9615384615384617
fashion_bags_accessories,MG,2018-01,1530.03,17,4.352941176470588
fashion_bags_accessories,MG,2018-02,2365.67,11,4.25
fashion_bags_accessories,MG,2018-03,1787.38,13,4.3076923076923075
fashion_bags_accessories,MG,2018-04,1879.08,14,4.571428571428571
fashion_bags_accessories,MG,2018-05,2453.49,18,4.25
fashion_bags_accessories,MG,2018-06,1018.02,10,4.5
fashion_bags_accessories,MG,2018-07,452.38,6,4.833333333333333
fashion_bags_accessories,MG,2018-08,1465.22,17,4.588235294117647
fashion_bags_accessories,MS,2017-06,64.0,1,5.0
fashion_bags_accessories,MS,2017-08,157.32,1,5.0
fashion_bags_accessories,MS,2017-09,47.62,1,4.0
fashion_bags_accessories,MS,2017-11,47.62,1,4.0
fashion_bags_accessories,MS,2017-12,386.79,1,2.0
fashion_bags_accessories,MS,2018-01,91.09,2,5.0
fashion_bags_accessories,MS,2018-02,53.01,1,5.0
fashion_bags_accessories,MS,2018-04,63.16,1,1.0
fashion_bags_accessories,MS,2018-05,233.68,3,4.0
fashion_bags_accessories,MS,2018-07,67.44,1,5.0
fashion_bags_accessories,MS,2018-08,65.35,1,1.0
fashion_bags_accessories,MT,2017-01,130.72,1,5.0
fashion_bags_accessories,MT,2017-06,60.53,1,4.0
fashion_bags_accessories,MT,2017-08,61.79,1,5.0
fashion_bags_accessories,MT,2017-11,150.91000000000003,2,5.0
fashion_bags_accessories,MT,2018-02,121.22,2,3.0
fashion_bags_accessories,MT,2018-03,67.39,1,5.0
fashion_bags_accessories,MT,2018-04,209.92,1,1.0
fashion_bags_accessories,MT,2018-05,52.05,1,5.0
fashion_bags_accessories,MT,2018-07,72.18,1,5.0
fashion_bags_accessories,MT,2018-08,100.02000000000001,2,4.5
fashion_bags_accessories,PA,2017-01,44.739999999999995,1,5.0
fashion_bags_accessories,PA,2017-03,83.9,1,4.0
fashion_bags_accessories,PA,2017-04,172.32,3,4.0
fashion_bags_accessories,PA,2017-05,504.79999999999995,2,3.0
fashion_bags_accessories,PA,2017-07,135.95,1,3.0
fashion_bags_accessories,PA,2017-08,57.63,1,1.0
fashion_bags_accessories,PA,2017-09,696.45,2,4.0
fashion_bags_accessories,PA,2017-11,341.64,4,2.0
fashion_bags_accessories,PA,2017-12,113.68,2,5.0
fashion_bags_accessories,PA,2018-01,73.05,1,5.0
fashion_bags_accessories,PA,2018-02,217.27,3,4.333333333333333
fashion_bags_accessories,PA,2018-03,154.08,2,1.0
fashion_bags_accessories,PA,2018-04,140.07,2,4.0
fashion_bags_accessories,PA,2018-05,92.89,1,4.0
fashion_bags_accessories,PA,2018-06,342.65,1,5.0
fashion_bags_accessories,PA,2018-07,87.16,1,5.0
fashion_bags_accessories,PA,2018-08,68.25,1,5.0
fashion_bags_accessories,PB,2017-02,74.74,1,5.0
fashion_bags_accessories,PB,2017-05,125.94,1,2.0
fashion_bags_accessories,PB,2017-06,178.32999999999998,2,4.0
fashion_bags_accessories,PB,2017-08,69.05,1,4.0
fashion_bags_accessories,PB,2017-09,895.2,2,4.666666666666667
fashion_bags_accessories,PB,2017-12,336.72,1,4.0
fashion_bags_accessories,PB,2018-03,323.71,3,4.0
fashion_bags_accessories,PB,2018-04,353.27,1,1.0
fashion_bags_accessories,PE,2017-04,286.57,2,5.0
fashion_bags_accessories,PE,2017-05,54.63,1,1.0
fashion_bags_accessories,PE,2017-06,67.53,1,2.0
fashion_bags_accessories,PE,2017-07,65.53,1,1.0
fashion_bags_accessories,PE,2017-08,293.85,3,4.0
fashion_bags_accessories,PE,2017-09,828.38,3,4.142857142857143
fashion_bags_accessories,PE,2017-10,130.25,2,4.5
fashion_bags_accessories,PE,2017-11,577.6,5,3.0
fashion_bags_accessories,PE,2017-12,373.46000000000004,3,4.666666666666667
fashion_bags_accessories,PE,2018-01,153.2,3,4.666666666666667
fashion_bags_accessories,PE,2018-02,55.63,1,5.0
fashion_bags_accessories,PE,2018-03,312.98,2,4.666666666666667
fashion_bags_accessories,PE,2018-05,147.11,2,4.0
fashion_bags_accessories,PE,2018-06,119.84,2,4.0
fashion_bags_accessories,PE,2018-07,419.75,3,5.0
fashion_bags_accessories,PI,2017-02,93.97,1,5.0
fashion_bags_accessories,PI,2017-03,135.64,2,3.5
fashion_bags_accessories,PI,2017-04,93.97,1,2.0
fashion_bags_accessories,PI,2018-03,84.05,1,1.0
fashion_bags_accessories,PR,2016-10,163.8,1,2.0
fashion_bags_accessories,PR,2016-12,19.62,1,5.0
fashion_bags_accessories,PR,2017-01,244.48000000000002,10,4.9
fashion_bags_accessories,PR,2017-02,216.27,1,4.0
fashion_bags_accessories,PR,2017-03,691.5,6,3.625
fashion_bags_accessories,PR,2017-04,207.54999999999998,2,5.0
fashion_bags_accessories,PR,2017-05,694.36,6,5.0
fashion_bags_accessories,PR,2017-06,95.21,1,3.0
fashion_bags_accessories,PR,2017-07,609.45,5,5.0
fashion_bags_accessories,PR,2017-08,45.09,1,5.0
fashion_bags_accessories,PR,2017-09,1715.91,7,3.875
fashion_bags_accessories,PR,2017-10,729.62,4,3.2
fashion_bags_accessories,PR,2017-11,359.57,5,3.888888888888889
fashion_bags_accessories,PR,2017-12,846.5,8,4.375
fashion_bags_accessories,PR,2018-01,590.38,6,3.625
fashion_bags_accessories,PR,2018-02,602.8,9,4.111111111111111
fashion_bags_accessories,PR,2018-03,1055.4,12,4.25
fashion_bags_accessories,PR,2018-04,462.45000000000005,4,4.75
fashion_bags_accessories,PR,2018-05,480.8,6,4.666666666666667
fashion_bags_accessories,PR,2018-06,955.3,5,3.4285714285714284
fashion_bags_accessories,PR,2018-07,155.93,2,4.5
fashion_bags_accessories,PR,2018-08,304.72,5,4.6
fashion_bags_accessories,RJ,2017-01,277.92,3,4.0
fashion_bags_accessories,RJ,2017-02,69.04,1,1.0
fashion_bags_accessories,RJ,2017-03,1076.39,13,4.785714285714286
fashion_bags_accessories,RJ,2017-04,679.97,6,3.5714285714285716
fashion_bags_accessories,RJ,2017-05,1178.35,9,3.75
fashion_bags_accessories,RJ,2017-06,805.98,5,4.6
fashion_bags_accessories,RJ,2017-07,1316.51,13,4.615384615384615
fashion_bags_accessories,RJ,2017-08,1380.83,9,3.6153846153846154
fashion_bags_accessories,RJ,2017-09,832.34,9,4.090909090909091
fashion_bags_accessories,RJ,2017-10,1017.9100000000001,7,4.5
fashion_bags_accessories,RJ,2017-11,1622.23,15,3.588235294117647
fashion_bags_accessories,RJ,2017-12,1072.08,11,3.5833333333333335
fashion_bags_accessories,RJ,2018-01,1588.04,9,3.8181818181818183
fashion_bags_accessories,RJ,2018-02,3948.74,17,3.6842105263157894
fashion_bags_accessories,RJ,2018-03,1473.9499999999998,15,2.6875
fashion_bags_accessories,RJ,2018-04,886.4399999999999,5,4.714285714285714
fashion_bags_accessories,RJ,2018-05,1322.64,12,5.0
fashion_bags_accessories,RJ,2018-06,841.14,7,4.909090909090909
fashion_bags_accessories,RJ,2018-07,940.22,6,4.333333333333333
fashion_bags_accessories,RJ,2018-08,1116.35,13,4.769230769230769
fashion_bags_accessories,RN,2017-07,152.7,1,5.0
fashion_bags_accessories,RN,2017-10,285.55,1,2.0
fashion_bags_accessories,RN,2018-03,898.0500000000001,2,2.0
fashion_bags_accessories,RN,2018-04,380.5,1,1.0
fashion_bags_accessories,RN,2018-06,232.03,2,5.0
fashion_bags_accessories,RO,2017-08,136.42000000000002,2,5.0
fashion_bags_accessories,RO,2017-12,336.2,1,4.0
fashion_bags_accessories,RO,2018-02,122.49,1,5.0
fashion_bags_accessories,RO,2018-03,187.4,1,1.0
fashion_bags_accessories,RO,2018-04,72.75,1,5.0
fashion_bags_accessories,RO,2018-06,347.79,1,4.0
fashion_bags_accessories,RS,2016-10,45.7,1,1.0
fashion_bags_accessories,RS,2017-01,75.73,1,5.0
fashion_bags_accessories,RS,2017-02,100.91,1,5.0
fashion_bags_accessories,RS,2017-03,828.12,1,3.0
fashion_bags_accessories,RS,2017-04,65.05,1,5.0
fashion_bags_accessories,RS,2017-05,1017.0600000000001,3,4.333333333333333
fashion_bags_accessories,RS,2017-06,367.63,4,4.2
fashion_bags_accessories,RS,2017-07,45.1,1,5.0
fashion_bags_accessories,RS,2017-08,274.8,3,4.666666666666667
fashion_bags_accessories,RS,2017-09,965.72,6,4.5
fashion_bags_accessories,RS,2017-10,950.16,9,3.9
fashion_bags_accessories,RS,2017-11,1674.94,10,3.8333333333333335
fashion_bags_accessories,RS,2017-12,1317.1,8,4.111111111111111
fashion_bags_accessories,RS,2018-01,269.12,3,5.0
fashion_bags_accessories,RS,2018-02,76.4,2,2.5
fashion_bags_accessories,RS,2018-03,1003.97,8,4.888888888888889
fashion_bags_accessories,RS,2018-04,562.74,6,4.666666666666667
fashion_bags_accessories,RS,2018-05,312.25,2,5.0
fashion_bags_accessories,RS,2018-06,266.75,2,3.5
fashion_bags_accessories,RS,2018-07,528.6,4,5.0
fashion_bags_accessories,RS,2018-08,72.75,1,5.0
fashion_bags_accessories,SC,2016-10,153.51,1,1.0
fashion_bags_accessories,SC,2017-01,420.25,2,5.0
fashion_bags_accessories,SC,2017-02,595.35,3,4.0
fashion_bags_accessories,SC,2017-04,153.38,1,4.0
fashion_bags_accessories,SC,2017-05,729.76,8,4.555555555555555
fashion_bags_accessories,SC,2017-06,227.12,3,3.3333333333333335
fashion_bags_accessories,SC,2017-07,371.64,5,4.0
fashion_bags_accessories,SC,2017-08,238.32,4,4.2
fashion_bags_accessories,SC,2017-09,742.44,4,4.75
fashion_bags_accessories,SC,2017-10,98.19,2,5.0
fashion_bags_accessories,SC,2017-11,812.5,11,2.9166666666666665
fashion_bags_accessories,SC,2017-12,493.47,5,4.166666666666667
fashion_bags_accessories,SC,2018-01,756.39,6,4.5
fashion_bags_accessories,SC,2018-02,824.85,6,4.666666666666667
fashion_bags_accessories,SC,2018-03,542.98,5,4.2
fashion_bags_accessories,SC,2018-04,81.55000000000001,2,5.0
fashion_bags_accessories,SC,2018-06,798.3299999999999,2,5.0
fashion_bags_accessories,SC,2018-07,151.8,2,5.0
fashion_bags_accessories,SC,2018-08,405.54999999999995,3,4.0
fashion_bags_accessories,SE,2017-07,70.15,1,1.0
fashion_bags_accessories,SE,2017-09,104.58,1,4.0
fashion_bags_accessories,SE,2018-05,102.96,1,5.0
fashion_bags_accessories,SE,2018-06,265.63,3,4.0
fashion_bags_accessories,SE,2018-07,72.97,1,5.0
fashion_bags_accessories,SE,2018-08,62.11,1,2.0
fashion_bags_accessories,SP,2016-10,194.71,3,4.666666666666667
fashion_bags_accessories,SP,2017-01,659.08,6,4.142857142857143
fashion_bags_accessories,SP,2017-02,1033.98,15,4.133333333333334
fashion_bags_accessories,SP,2017-03,2350.33,20,4.375
fashion_bags_accessories,SP,2017-04,1447.2,17,4.105263157894737
fashion_bags_accessories,SP,2017-05,3639.9700000000003,41,3.82
fashion_bags_accessories,SP,2017-06,3164.78,30,4.117647058823529
fashion_bags_accessories,SP,2017-07,2446.55,32,4.457142857142857
fashion_bags_accessories,SP,2017-08,3317.06,40,4.395348837209302
fashion_bags_accessories,SP,2017-09,9251.73,38,4.020408163265306
fashion_bags_accessories,SP,2017-10,5522.79,41,4.181818181818182
fashion_bags_accessories,SP,2017-11,7676.29,86,3.6285714285714286
fashion_bags_accessories,SP,2017-12,4429.83,51,3.9649122807017543
fashion_bags_accessories,SP,2018-01,3934.23,48,4.571428571428571
fashion_bags_accessories,SP,2018-02,3735.08,37,4.2926829268292686
fashion_bags_accessories,SP,2018-03,4446.87,47,4.264150943396227
fashion_bags_accessories,SP,2018-04,6991.33,46,4.444444444444445
fashion_bags_accessories,SP,2018-05,10531.84,49,4.491525423728813
fashion_bags_accessories,SP,2018-06,3616.14,36,4.7
fashion_bags_accessories,SP,2018-07,2573.91,36,4.416666666666667
fashion_bags_accessories,SP,2018-08,4892.64,61,4.2153846153846155
fashion_bags_accessories,TO,2017-09,183.72000000000003,1,3.0
fashion_bags_accessories,TO,2017-11,146.3,2,4.5
fashion_bags_accessories,TO,2017-12,211.72,1,5.0
fashion_bags_accessories,TO,2018-06,172.58,1,5.0
fashion_bags_accessories,TO,2018-08,81.47,1,5.0
fashion_childrens_clothes,BA,2017-09,107.06,1,5.0
fashion_childrens_clothes,RJ,2017-05,124.52,1,5.0
fashion_childrens_clothes,SC,2017-08,66.69,1,1.0
fashion_childrens_clothes,SC,2018-03,106.43,1,5.0
fashion_childrens_clothes,SP,2017-06,118.96,1,5.0
fashion_childrens_clothes,SP,2017-10,54.09,1,5.0
fashion_childrens_clothes,SP,2018-03,110.44,1,5.0
fashion_childrens_clothes,SP,2018-06,97.48,1,5.0
fashion_male_clothing,BA,2017-02,118.03,1,1.0
fashion_male_clothing,BA,2017-06,144.57999999999998,2,1.6666666666666667
fashion_male_clothing,BA,2017-09,989.3000000000001,2,1.5714285714285714
fashion_male_clothing,BA,2017-12,329.87,1,3.0
fashion_male_clothing,BA,2018-07,76.42,1,5.0
fashion_male_clothing,CE,2017-08,55.62,1,5.0
fashion_male_clothing,ES,2017-06,127.14,1,4.0
fashion_male_clothing,ES,2018-02,178.5,1,5.0
fashion_male_clothing,ES,2018-04,234.42,1,
fashion_male_clothing,GO,2017-08,64.0,1,1.0
fashion_male_clothing,GO,2018-01,76.08,1,3.0
fashion_male_clothing,GO,2018-08,250.91,1,4.0
fashion_male_clothing,MA,2017-10,95.64,1,4.0
fashion_male_clothing,MG,2017-02,146.06,2,5.0
fashion_male_clothing,MG,2017-03,119.3,1,1.0
fashion_male_clothing,MG,2017-07,155.63,1,1.0
fashion_male_clothing,MG,2017-08,1092.54,3,4.2
fashion_male_clothing,MG,2017-09,260.0,1,1.0
fashion_male_clothing,MG,2017-10,489.33000000000004,1,5.0
fashion_male_clothing,MG,2017-11,140.07999999999998,2,2.5
fashion_male_clothing,MG,2017-12,55.29,1,5.0
fashion_male_clothing,MG,2018-01,541.96,1,5.0
fashion_male_clothing,MG,2018-07,63.12,1,5.0
fashion_male_clothing,MT,2018-01,183.85,1,1.0
fashion_male_clothing,PA,2017-01,159.11,1,5.0
fashion_male_clothing,PA,2017-06,186.79,1,5.0
fashion_male_clothing,PR,2017-03,187.10000000000002,2,5.0
fashion_male_clothing,PR,2017-07,666.8,2,4.333333333333333
fashion_male_clothing,PR,2017-08,144.05,1,4.0
fashion_male_clothing,PR,2017-09,85.14,1,1.0
fashion_male_clothing,PR,2017-10,310.26,2,5.0
fashion_male_clothing,PR,2018-05,149.87,1,5.0
fashion_male_clothing,PR,2018-06,83.33,1,4.0
fashion_male_clothing,RJ,2017-02,210.71,2,5.0
fashion_male_clothing,RJ,2017-03,82.19,1,2.0
fashion_male_clothing,RJ,2017-04,205.35,1,5.0
fashion_male_clothing,RJ,2017-07,162.91,2,5.0
fashion_male_clothing,RJ,2017-08,44.09,1,1.0
fashion_male_clothing,RJ,2017-09,87.96,1,5.0
fashion_male_clothing,RJ,2017-10,84.14,1,5.0
fashion_male_clothing,RJ,2017-11,76.08,1,1.0
fashion_male_clothing,RJ,2018-02,64.09,1,3.0
fashion_male_clothing,RJ,2018-08,154.05,1,5.0
fashion_male_clothing,RS,2017-05,842.66,1,1.0
fashion_male_clothing,RS,2017-06,130.0,1,1.0
fashion_male_clothing,RS,2017-07,97.69,2,5.0
fashion_male_clothing,RS,2017-09,160.0,1,1.0
fashion_male_clothing,RS,2018-01,58.6,1,5.0
fashion_male_clothing,RS,2018-06,59.47,1,5.0
fashion_male_clothing,SC,2017-04,44.51,1,4.0
fashion_male_clothing,SC,2017-11,76.08,1,5.0
fashion_male_clothing,SP,2016-10,35.86,1,1.0
fashion_male_clothing,SP,2017-02,288.21999999999997,2,4.0
fashion_male_clothing,SP,2017-03,553.69,3,4.5
fashion_male_clothing,SP,2017-04,322.01,4,3.0
fashion_male_clothing,SP,2017-05,254.88,2,4.0
fashion_male_clothing,SP,2017-06,427.38,3,4.8
fashion_male_clothing,SP,2017-07,72.66,1,5.0
fashion_male_clothing,SP,2017-08,511.06,6,2.0
fashion_male_clothing,SP,2017-09,1304.3500000000001,4,2.1666666666666665
fashion_male_clothing,SP,2017-10,548.22,4,4.0
fashion_male_clothing,SP,2017-11,1220.67,7,3.875
fashion_male_clothing,SP,2017-12,146.98000000000002,2,3.5
fashion_male_clothing,SP,2018-01,72.66,1,5.0
fashion_male_clothing,SP,2018-02,204.27,1,1.0
fashion_male_clothing,SP,2018-06,509.21,4,5.0
fashion_male_clothing,SP,2018-07,156.14,3,5.0
fashion_male_clothing,SP,2018-08,62.02,1,5.0
fashion_shoes,AC,2017-04,104.35,1,5.0
fashion_shoes,AC,2018-08,289.39,1,5.0
fashion_shoes,AL,2017-03,227.57,1,5.0
fashion_shoes,AL,2017-04,99.62,1,3.0
fashion_shoes,AL,2017-07,109.87,1,1.0
fashion_shoes,BA,2017-09,104.73,1,5.0
fashion_shoes,BA,2017-10,325.07,2,5.0
fashion_shoes,BA,2017-11,104.73,1,4.0
fashion_shoes,BA,2018-01,118.63,1,5.0
fashion_shoes,BA,2018-03,126.12,1,2.0
fashion_shoes,BA,2018-05,227.83,1,3.0
fashion_shoes,CE,2017-04,417.4,1,5.0
fashion_shoes,CE,2018-06,142.66,1,3.0
fashion_shoes,DF,2017-08,405.78,2,5.0
fashion_shoes,DF,2017-10,265.88,2,5.0
fashion_shoes,DF,2018-03,123.18,1,5.0
fashion_shoes,DF,2018-04,108.16,1,5.0
fashion_shoes,DF,2018-05,181.59,1,5.0
fashion_shoes,ES,2017-05,379.84,1,5.0
fashion_shoes,ES,2017-07,218.35,1,5.0
fashion_shoes,ES,2017-12,75.74,1,5.0
fashion_shoes,ES,2018-01,102.74,1,5.0
fashion_shoes,ES,2018-06,109.5,1,5.0
fashion_shoes,GO,2017-02,222.8,1,4.0
fashion_shoes,GO,2017-03,319.51,1,4.0
fashion_shoes,GO,2017-05,369.6,1,5.0
fashion_shoes,GO,2017-10,84.05,1,5.0
fashion_shoes,GO,2018-04,181.59,1,1.0
fashion_shoes,GO,2018-05,123.18,1,3.0
fashion_shoes,MA,2017-09,53.28,1,5.0
fashion_shoes,MG,2017-04,403.44,4,4.25
fashion_shoes,MG,2017-05,92.38,2,3.0
fashion_shoes,MG,2017-06,224.64,4,4.25
fashion_shoes,MG,2017-07,397.09,4,4.25
fashion_shoes,MG,2017-08,151.43,2,4.5
fashion_shoes,MG,2017-09,617.27,3,4.0
fashion_shoes,MG,2017-10,192.31,2,4.5
fashion_shoes,MG,2017-11,643.95,5,4.6
fashion_shoes,MG,2017-12,323.66999999999996,3,4.333333333333333
fashion_shoes,MG,2018-01,149.43,2,1.5
fashion_shoes,MG,2018-02,281.19,3,4.0
fashion_shoes,MG,2018-03,57.96,1,5.0
fashion_shoes,MG,2018-04,123.18,1,5.0
fashion_shoes,MG,2018-05,123.18,1,5.0
fashion_shoes,MG,2018-06,212.54000000000002,2,4.5
fashion_shoes,MG,2018-07,219.44,1,5.0
fashion_shoes,MG,2018-08,245.05,1,4.0
fashion_shoes,MS,2017-03,221.42,1,5.0
fashion_shoes,MS,2017-07,176.26,1,5.0
fashion_shoes,MS,2018-04,122.12,1,5.0
fashion_shoes,MS,2018-06,109.5,1,5.0
fashion_shoes,MT,2017-11,178.25,1,5.0
fashion_shoes,MT,2018-05,123.53,1,5.0
fashion_shoes,MT,2018-07,249.2,1,5.0
fashion_shoes,PA,2017-04,187.94,1,5.0
fashion_shoes,PA,2017-05,129.0,1,5.0
fashion_shoes,PA,2017-11,113.89,1,2.0
fashion_shoes,PA,2018-02,229.5,1,4.0
fashion_shoes,PB,2017-06,439.48,1,1.0
fashion_shoes,PE,2017-04,104.35,1,5.0
fashion_shoes,PE,2017-06,100.72,1,4.0
fashion_shoes,PE,2017-07,54.13,1,5.0
fashion_shoes,PE,2017-08,98.79,1,4.0
fashion_shoes,PE,2017-09,301.3,2,5.0
fashion_shoes,PE,2017-10,113.89,1,5.0
fashion_shoes,PE,2018-02,301.3,2,3.5
fashion_shoes,PE,2018-04,201.07,1,4.0
fashion_shoes,PE,2018-07,283.86,1,5.0
fashion_shoes,PI,2018-03,238.65,1,1.0
fashion_shoes,PR,2017-03,336.23,2,5.0
fashion_shoes,PR,2017-04,288.46,3,4.75
fashion_shoes,PR,2017-05,129.25,3,5.0
fashion_shoes,PR,2017-07,136.95,2,4.5
fashion_shoes,PR,2017-08,205.48,2,4.0
fashion_shoes,PR,2017-09,102.74,1,
fashion_shoes,PR,2017-11,102.74,1,5.0
fashion_shoes,PR,2017-12,102.74,1,5.0
fashion_shoes,PR,2018-01,70.22,1,5.0
fashion_shoes,RJ,2017-03,97.9,1,4.0
fashion_shoes,RJ,2017-04,45.95,1,
fashion_shoes,RJ,2017-06,272.33,2,1.0
fashion_shoes,RJ,2017-07,97.38,2,4.5
fashion_shoes,RJ,2017-08,1472.11,5,4.8
fashion_shoes,RJ,2017-09,139.89999999999998,2,3.0
fashion_shoes,RJ,2017-10,454.75,2,4.333333333333333
fashion_shoes,RJ,2017-11,218.35,1,5.0
fashion_shoes,RJ,2017-12,218.35,1,5.0
fashion_shoes,RJ,2018-02,249.67000000000002,2,3.5
fashion_shoes,RJ,2018-03,223.68,1,4.0
fashion_shoes,RJ,2018-05,194.9,1,5.0
fashion_shoes,RJ,2018-06,438.6,2,5.0
fashion_shoes,RN,2018-03,238.65,1,1.0
fashion_shoes,RN,2018-04,257.65,1,1.0
fashion_shoes,RO,2018-07,227.75,1,5.0
fashion_shoes,RS,2017-03,177.6,1,5.0
fashion_shoes,RS,2017-04,94.43,2,5.0
fashion_shoes,RS,2017-05,44.0,1,5.0
fashion_shoes,RS,2017-08,47.0,1,5.0
fashion_shoes,RS,2017-11,205.48,2,5.0
fashion_shoes,RS,2018-03,167.1,2,3.0
fashion_shoes,RS,2018-04,181.59,1,5.0
fashion_shoes,SC,2017-05,45.0,1,1.0
fashion_shoes,SC,2017-09,102.74,1,5.0
fashion_shoes,SC,2017-10,218.35,1,1.0
fashion_shoes,SC,2018-01,924.99,1,5.0
fashion_shoes,SC,2018-04,199.75,1,5.0
fashion_shoes,SP,2016-10,40.95,1,5.0
fashion_shoes,SP,2017-01,49.01,1,5.0
fashion_shoes,SP,2017-02,45.97,1,5.0
fashion_shoes,SP,2017-03,495.14,6,4.333333333333333
fashion_shoes,SP,2017-04,662.85,5,4.833333333333333
fashion_shoes,SP,2017-05,825.82,12,4.333333333333333
fashion_shoes,SP,2017-06,1274.5,9,4.083333333333333
fashion_shoes,SP,2017-07,672.6700000000001,7,4.375
fashion_shoes,SP,2017-08,365.54,5,4.6
fashion_shoes,SP,2017-09,197.02,2,3.0
fashion_shoes,SP,2017-10,704.06,4,3.6
fashion_shoes,SP,2017-11,841.77,6,3.7142857142857144
fashion_shoes,SP,2017-12,827.39,6,3.8
fashion_shoes,SP,2018-01,72.96,1,5.0
fashion_shoes,SP,2018-02,277.86,2,4.333333333333333
fashion_shoes,SP,2018-03,349.88,4,3.75
fashion_shoes,SP,2018-04,342.86,3,4.333333333333333
fashion_shoes,SP,2018-05,814.36,4,4.75
fashion_shoes,SP,2018-06,437.38,3,4.666666666666667
fashion_shoes,SP,2018-07,114.91,1,4.0
fashion_shoes,SP,2018-08,42.77,1,5.0
fashion_shoes,TO,2017-10,229.5,1,5.0
fashion_sport,BA,2017-04,171.69,1,2.0
fashion_sport,BA,2017-12,76.76,1,5.0
fashion_sport,DF,2017-05,78.18,1,5.0
fashion_sport,MA,2017-08,314.37,1,1.0
fashion_sport,MG,2017-06,55.0,1,5.0
fashion_sport,MG,2017-09,238.7,1,5.0
fashion_sport,PA,2017-09,1048.48,1,4.0
fashion_sport,PR,2017-05,65.0,1,5.0
fashion_sport,RJ,2017-03,54.01,1,5.0
fashion_sport,RJ,2018-04,105.41,1,5.0
fashion_sport,RS,2017-04,41.04,1,4.0
fashion_sport,RS,2017-06,40.09,1,1.0
fashion_sport,SC,2017-05,75.39,1,5.0
fashion_sport,SC,2017-08,75.07,1,5.0
fashion_sport,SC,2018-01,75.07,1,5.0
fashion_sport,SP,2017-04,119.47999999999999,2,4.0
fashion_sport,SP,2017-06,512.4,4,5.0
fashion_sport,SP,2017-07,77.68,1,4.0
fashion_sport,SP,2017-10,68.62,1,5.0
fashion_sport,SP,2017-11,67.68,1,5.0
fashion_sport,SP,2018-01,144.45,1,3.0
fashion_sport,SP,2018-03,97.39,1,5.0
fashion_sport,SP,2018-08,83.05,1,3.0
fashion_underwear_beach,BA,2017-04,26.7,1,1.0
fashion_underwear_beach,BA,2017-09,99.69999999999999,1,1.0
fashion_underwear_beach,BA,2017-11,373.25,2,4.5
fashion_underwear_beach,BA,2018-01,172.53,1,3.0
fashion_underwear_beach,BA,2018-02,76.76,1,5.0
fashion_underwear_beach,DF,2017-01,102.15,1,1.0
fashion_underwear_beach,DF,2018-02,75.07,1,4.0
fashion_underwear_beach,ES,2017-12,125.52,1,4.0
fashion_underwear_beach,GO,2017-05,208.09,1,5.0
fashion_underwear_beach,GO,2017-06,19.0,1,5.0
fashion_underwear_beach,GO,2017-12,167.81,1,5.0
fashion_underwear_beach,GO,2018-06,78.42,1,3.0
fashion_underwear_beach,GO,2018-07,68.35,1,5.0
fashion_underwear_beach,MG,2017-02,66.53,1,5.0
fashion_underwear_beach,MG,2017-04,76.6,1,5.0
fashion_underwear_beach,MG,2017-05,20.0,1,4.0
fashion_underwear_beach,MG,2017-07,170.84,1,4.0
fashion_underwear_beach,MG,2017-09,523.51,3,4.75
fashion_underwear_beach,MG,2017-10,65.0,1,5.0
fashion_underwear_beach,MG,2017-12,167.81,1,5.0
fashion_underwear_beach,MG,2018-01,245.91,2,4.0
fashion_underwear_beach,MG,2018-02,65.0,1,
fashion_underwear_beach,MG,2018-06,478.25,1,5.0
fashion_underwear_beach,MS,2017-08,206.08,1,5.0
fashion_underwear_beach,MS,2017-09,208.09,1,5.0
fashion_underwear_beach,MS,2018-03,78.2,1,3.0
fashion_underwear_beach,MT,2017-09,98.7,1,3.0
fashion_underwear_beach,PA,2017-05,79.71,1,4.0
fashion_underwear_beach,PA,2017-12,81.02,1,4.0
fashion_underwear_beach,PA,2018-01,85.6,1,4.0
fashion_underwear_beach,PE,2017-08,253.87,2,3.0
fashion_underwear_beach,PI,2017-11,186.86,1,1.0
fashion_underwear_beach,PR,2017-02,39.51,1,5.0
fashion_underwear_beach,PR,2017-04,39.51,1,4.0
fashion_underwear_beach,PR,2017-05,20.42,1,5.0
fashion_underwear_beach,PR,2017-08,75.07,1,5.0
fashion_underwear_beach,PR,2017-09,104.28,1,5.0
fashion_underwear_beach,PR,2017-12,75.07,1,1.0
fashion_underwear_beach,RJ,2017-01,69.0,1,5.0
fashion_underwear_beach,RJ,2017-02,596.44,3,3.4
fashion_underwear_beach,RJ,2017-03,105.22,2,3.0
fashion_underwear_beach,RJ,2017-09,796.12,1,5.0
fashion_underwear_beach,RJ,2017-11,328.02,3,2.3333333333333335
fashion_underwear_beach,RJ,2017-12,245.91,2,3.5
fashion_underwear_beach,RJ,2018-02,65.0,1,1.0
fashion_underwear_beach,RJ,2018-03,68.13,1,1.0
fashion_underwear_beach,RS,2017-09,199.03,1,5.0
fashion_underwear_beach,RS,2017-11,170.84,1,2.0
fashion_underwear_beach,RS,2018-03,77.5,1,1.0
fashion_underwear_beach,SC,2017-08,65.0,1,3.0
fashion_underwear_beach,SC,2017-09,96.71,1,4.0
fashion_underwear_beach,SC,2018-02,161.70999999999998,2,1.5
fashion_underwear_beach,SC,2018-04,68.13,1,4.0
fashion_underwear_beach,SC,2018-05,156.64999999999998,2,4.0
fashion_underwear_beach,SP,2017-02,59.73,1,5.0
fashion_underwear_beach,SP,2017-03,355.4,4,4.25
fashion_underwear_beach,SP,2017-04,16.86,1,4.0
fashion_underwear_beach,SP,2017-05,68.4,2,4.0
fashion_underwear_beach,SP,2017-07,143.64,2,4.714285714285714
fashion_underwear_beach,SP,2017-08,708.85,8,4.75
fashion_underwear_beach,SP,2017-09,478.28,6,4.0
fashion_underwear_beach,SP,2017-10,157.95,2,4.5
fashion_underwear_beach,SP,2017-11,332.89,3,4.25
fashion_underwear_beach,SP,2017-12,496.48,6,4.833333333333333
fashion_underwear_beach,SP,2018-01,372.98,4,5.0
fashion_underwear_beach,SP,2018-02,61.75,1,4.0
fashion_underwear_beach,SP,2018-03,144.57999999999998,2,5.0
fashion_underwear_beach,SP,2018-04,372.05,5,4.2
fashion_underwear_beach,SP,2018-05,188.07,3,5.0
fashion_underwear_beach,SP,2018-06,62.69,1,4.0
fashion_underwear_beach,SP,2018-07,72.98,1,1.0
fashion_underwear_beach,SP,2018-08,246.76,2,2.0
fixed_telephony,AL,2017-05,121.58,1,4.0
fixed_telephony,AL,2017-06,61.19,1,5.0
fixed_telephony,AL,2017-10,56.05,1,1.0
fixed_telephony,AL,2017-12,670.77,1,4.0
fixed_telephony,AM,2018-01,41.14,1,5.0
fixed_telephony,AP,2017-02,1620.75,1,4.0
fixed_telephony,AP,2017-03,57.83,1,5.0
fixed_telephony,BA,2017-03,2582.72,1,2.0
fixed_telephony,BA,2017-07,36.78,1,4.0
fixed_telephony,BA,2017-08,228.13,2,3.5
fixed_telephony,BA,2017-11,32.78,1,5.0
fixed_telephony,BA,2018-01,43.69,1,1.0
fixed_telephony,BA,2018-02,6716.48,1,2.0
fixed_telephony,BA,2018-08,39.05,1,5.0
fixed_telephony,CE,2017-07,146.12,1,1.0
fixed_telephony,CE,2018-04,70.03,1,3.0
fixed_telephony,CE,2018-05,363.15,1,5.0
fixed_telephony,DF,2017-06,68.18,2,2.5
fixed_telephony,DF,2018-07,52.42,1,5.0
fixed_telephony,ES,2017-02,31.05,1,3.0
fixed_telephony,ES,2017-03,84.56,1,1.0
fixed_telephony,ES,2017-05,47.0,1,4.0
fixed_telephony,ES,2018-04,141.43,1,1.0
fixed_telephony,ES,2018-07,29099.52,1,1.0
fixed_telephony,ES,2018-08,844.98,1,5.0
fixed_telephony,GO,2017-01,302.59,2,5.0
fixed_telephony,GO,2017-05,210.02,1,1.0
fixed_telephony,GO,2017-09,31.09,1,3.0
fixed_telephony,GO,2018-06,96.55,1,5.0
fixed_telephony,MA,2017-06,124.43,1,4.0
fixed_telephony,MG,2017-01,25.51,1,
fixed_telephony,MG,2017-02,110.54,4,2.75
fixed_telephony,MG,2017-04,47.51,1,5.0
fixed_telephony,MG,2017-06,96.18,2,5.0
fixed_telephony,MG,2017-09,35.09,1,5.0
fixed_telephony,MG,2018-02,307.79,1,1.0
fixed_telephony,MG,2018-03,139.71,1,4.0
fixed_telephony,MG,2018-04,311.98,2,5.0
fixed_telephony,MG,2018-06,343.78,3,4.333333333333333
fixed_telephony,MG,2018-07,132.6,1,5.0
fixed_telephony,MS,2017-02,49.04,1,5.0
fixed_telephony,PA,2017-11,614.49,1,
fixed_telephony,PB,2017-08,491.68,1,5.0
fixed_telephony,PB,2017-11,273.06,1,5.0
fixed_telephony,PB,2018-01,1437.1,1,5.0
fixed_telephony,PB,2018-02,38.14,1,1.0
fixed_telephony,PE,2017-02,50.3,1,5.0
fixed_telephony,PE,2017-04,64.83,1,5.0
fixed_telephony,PE,2017-07,37.62,1,3.0
fixed_telephony,PI,2018-06,178.23,1,4.0
fixed_telephony,PI,2018-07,224.57,1,4.0
fixed_telephony,PR,2017-02,69.93,2,4.5
fixed_telephony,PR,2017-04,105.06,2,4.0
fixed_telephony,PR,2017-07,34.09,1,5.0
fixed_telephony,PR,2018-06,161.95,1,3.0
fixed_telephony,RJ,2016-10,20.11,1,4.0
fixed_telephony,RJ,2017-01,50.61,2,4.5
fixed_telephony,RJ,2017-02,44.01,1,5.0
fixed_telephony,RJ,2017-03,349.47,2,3.0
fixed_telephony,RJ,2017-05,93.78999999999999,2,3.0
fixed_telephony,RJ,2017-06,416.36,1,4.0
fixed_telephony,RJ,2017-07,83.18,2,5.0
fixed_telephony,RJ,2017-08,260.77,1,5.0
fixed_telephony,RJ,2017-09,109359.73,2,1.4444444444444444
fixed_telephony,RJ,2017-10,819.32,1,3.0
fixed_telephony,RJ,2017-12,55.69,1,5.0
fixed_telephony,RJ,2018-01,32.09,1,1.0
fixed_telephony,RJ,2018-02,1537.87,2,2.3333333333333335
fixed_telephony,RJ,2018-03,875.23,4,4.0
fixed_telephony,RJ,2018-04,1409.02,2,2.0
fixed_telephony,RJ,2018-06,164.15,1,5.0
fixed_telephony,RJ,2018-07,1372.22,1,5.0
fixed_telephony,RS,2017-01,314.9,4,4.5
fixed_telephony,RS,2017-02,172.63,2,5.0
fixed_telephony,RS,2017-03,56.04,1,3.0
fixed_telephony,RS,2017-06,131.27,3,5.0
fixed_telephony,RS,2017-08,34.09,1,5.0
fixed_telephony,RS,2017-09,47.09,1,3.0
fixed_telephony,RS,2017-10,1302.04,2,5.0
fixed_telephony,RS,2018-01,93.3,1,5.0
fixed_telephony,RS,2018-04,280.72,1,5.0
fixed_telephony,RS,2018-05,147.48,1,5.0
fixed_telephony,RS,2018-08,188.66,1,2.0
fixed_telephony,SC,2016-10,214.98,1,5.0
fixed_telephony,SC,2017-03,218.04,1,4.0
fixed_telephony,SC,2017-04,22.42,1,5.0
fixed_telephony,SC,2017-08,1404.41,1,5.0
fixed_telephony,SC,2018-05,579.36,1,4.0
fixed_telephony,SE,2017-03,223.16,1,1.0
fixed_telephony,SP,2016-10,539.36,3,3.6666666666666665
fixed_telephony,SP,2017-01,498.95,10,4.0
fixed_telephony,SP,2017-02,244.47,4,4.6
fixed_telephony,SP,2017-03,785.95,7,4.125
fixed_telephony,SP,2017-04,13196.550000000001,2,1.8333333333333333
fixed_telephony,SP,2017-05,213.36,5,3.2
fixed_telephony,SP,2017-06,250.87,2,4.5
fixed_telephony,SP,2017-07,83.54,2,3.5
fixed_telephony,SP,2017-08,3226.6400000000003,8,4.6923076923076925
fixed_telephony,SP,2017-09,165.75,1,5.0
fixed_telephony,SP,2017-10,625.64,1,5.0
fixed_telephony,SP,2017-11,116.15,2,3.0
fixed_telephony,SP,2017-12,369.35,3,4.333333333333333
fixed_telephony,SP,2018-01,986.23,5,4.8
fixed_telephony,SP,2018-02,1185.2800000000002,5,3.3333333333333335
fixed_telephony,SP,2018-03,2012.84,7,3.6
fixed_telephony,SP,2018-04,483.0,3,3.3333333333333335
fixed_telephony,SP,2018-05,4206.54,9,2.923076923076923
fixed_telephony,SP,2018-06,2239.14,8,4.2
fixed_telephony,SP,2018-07,601.49,3,4.333333333333333
fixed_telephony,SP,2018-08,1818.33,7,4.285714285714286
fixed_telephony,TO,2017-02,28.77,1,5.0
fixed_telephony,TO,2017-10,1415.8,1,2.0
flowers,ES,2017-12,74.07,1,5.0
flowers,ES,2018-07,36.22,1,5.0
flowers,GO,2018-02,41.1,1,5.0
flowers,MG,2017-11,31.9,1,4.0
flowers,MG,2018-01,130.84,1,5.0
flowers,MG,2018-03,49.21,1,5.0
flowers,MG,2018-05,35.72,1,3.0
flowers,MS,2018-01,46.3,1,5.0
flowers,PE,2018-01,290.24,1,
flowers,RJ,2017-11,146.04,3,4.666666666666667
flowers,RJ,2018-01,75.61,2,3.0
flowers,RJ,2018-04,64.93,1,4.0
flowers,RJ,2018-06,281.4,1,5.0
flowers,RS,2017-12,38.91,1,5.0
flowers,RS,2018-01,38.91,1,5.0
flowers,RS,2018-07,47.14,1,5.0
flowers,SP,2017-11,127.86000000000001,2,4.0
flowers,SP,2018-01,133.8,1,4.0
flowers,SP,2018-02,146.6,3,4.666666666666667
flowers,SP,2018-03,87.2,2,5.0
flowers,SP,2018-04,289.01,2,3.0
food,AL,2018-08,215.58,1,5.0
food,AM,2017-05,187.91,1,1.0
food,BA,2017-02,214.15,2,4.5
food,BA,2017-03,223.93,2,5.0
food,BA,2017-11,327.69,1,
food,BA,2018-02,299.76,1,4.0
food,BA,2018-03,177.18,2,1.5
food,BA,2018-04,180.04,2,5.0
food,BA,2018-06,50.03,1,5.0
food,BA,2018-07,213.66,3,5.0
food,BA,2018-08,53.73,1,5.0
food,CE,2017-02,167.1,1,5.0
food,CE,2017-04,26.28,1,4.0
food,CE,2017-09,37.24,1,5.0
food,CE,2018-04,83.89,1,4.0
food,CE,2018-07,138.99,1,5.0
food,DF,2017-12,658.17,1,
food,DF,2018-02,78.09,2,4.5
food,DF,2018-03,46.13,1,1.0
food,DF,2018-04,38.22,1,4.0
food,DF,2018-07,88.63,1,5.0
food,DF,2018-08,207.42,1,5.0
food,ES,2017-03,253.44,2,2.5
food,ES,2017-04,129.73,2,4.5
food,ES,2017-10,73.13,1,4.0
food,ES,2017-11,79.69,1,5.0
food,ES,2017-12,164.1,1,5.0
food,ES,2018-02,43.0,1,3.0
food,ES,2018-03,164.92000000000002,2,2.5
food,ES,2018-06,69.14,1,5.0
food,ES,2018-07,37.54,1,5.0
food,ES,2018-08,204.37,2,5.0
food,GO,2018-01,300.28,1,3.0
food,GO,2018-02,43.0,1,5.0
food,GO,2018-05,89.93,1,1.0
food,GO,2018-07,132.25,2,2.5
food,GO,2018-08,101.7,1,5.0
food,MG,2017-02,181.98,1,5.0
food,MG,2017-03,504.65999999999997,4,3.8
food,MG,2017-07,111.91,1,5.0
food,MG,2017-09,73.13,1,5.0
food,MG,2017-10,73.13,1,5.0
food,MG,2017-12,143.93,1,3.0
food,MG,2018-02,108.51,2,4.5
food,MG,2018-03,350.14,5,3.0
food,MG,2018-04,403.36,2,5.0
food,MG,2018-05,477.92,8,4.333333333333333
food,MG,2018-07,369.84000000000003,5,4.2
food,MG,2018-08,290.22,4,4.75
food,MS,2018-06,46.2,1,5.0
food,MS,2018-07,149.0,1,5.0
food,MS,2018-08,265.25,2,5.0
food,MT,2017-03,751.64,1,5.0
food,MT,2017-07,208.74,1,5.0
food,MT,2018-02,59.41,1,5.0
food,MT,2018-04,49.96,1,4.0
food,MT,2018-08,261.9,2,5.0
food,PB,2017-04,128.62,1,5.0
food,PB,2018-07,66.89,1,5.0
food,PB,2018-08,105.29,1,5.0
food,PE,2017-02,29.84,1,1.0
food,PE,2017-03,29.84,1,5.0
food,PE,2017-06,171.79,1,5.0
food,PE,2017-08,201.20999999999998,2,5.0
food,PE,2017-10,171.79,1,5.0
food,PE,2018-01,53.53,1,4.0
food,PE,2018-07,99.46,1,1.0
food,PI,2018-03,173.49,1,5.0
food,PR,2017-02,40.16,1,5.0
food,PR,2017-03,222.95,2,3.0
food,PR,2017-09,146.26,2,4.5
food,PR,2017-10,146.26,2,5.0
food,PR,2017-11,73.13,1,5.0
food,PR,2018-01,52.95,1,1.0
food,PR,2018-02,43.0,1,4.0
food,PR,2018-03,92.26,2,5.0
food,PR,2018-05,111.37,2,5.0
food,PR,2018-06,46.2,1,4.0
food,PR,2018-07,861.88,7,4.888888888888889
food,PR,2018-08,961.4699999999999,5,4.6
food,RJ,2017-03,192.41,1,5.0
food,RJ,2017-07,78.68,1,5.0
food,RJ,2017-08,260.77,1,5.0
food,RJ,2017-09,1062.18,4,3.4285714285714284
food,RJ,2017-10,146.26,2,4.5
food,RJ,2017-11,65.1,1,5.0
food,RJ,2018-01,128.01999999999998,2,1.0
food,RJ,2018-02,343.97,4,3.0
food,RJ,2018-03,43.0,1,4.0
food,RJ,2018-04,216.05,3,4.666666666666667
food,RJ,2018-05,976.01,5,4.75
food,RJ,2018-06,394.98,3,3.6666666666666665
food,RJ,2018-07,328.09,4,5.0
food,RJ,2018-08,735.71,9,4.7272727272727275
food,RN,2017-08,77.67,1,5.0
food,RN,2018-04,78.75,1,5.0
food,RO,2018-07,126.45,1,5.0
food,RS,2017-02,54.95,1,1.0
food,RS,2017-07,166.02,1,5.0
food,RS,2017-09,146.26,2,5.0
food,RS,2018-02,118.07,2,4.5
food,RS,2018-07,517.4200000000001,3,2.0
food,RS,2018-08,301.40999999999997,3,5.0
food,SC,2017-03,316.56,1,5.0
food,SC,2017-08,35.0,1,5.0
food,SC,2018-01,107.72,2,4.5
food,SC,2018-02,371.10999999999996,2,4.0
food,SC,2018-04,161.32,3,3.0
food,SC,2018-05,40.84,1,5.0
food,SC,2018-06,46.2,1,1.0
food,SC,2018-07,46.2,1,3.0
food,SC,2018-08,197.14,2,4.5
food,SE,2017-12,37.34,1,5.0
food,SP,2016-10,96.23,1,5.0
food,SP,2017-01,78.82,2,5.0
food,SP,2017-02,242.01999999999998,2,4.5
food,SP,2017-03,1197.66,8,3.75
food,SP,2017-04,343.93,4,4.0
food,SP,2017-05,264.34,2,4.5
food,SP,2017-07,284.82,3,5.0
food,SP,2017-08,102.28,3,4.25
food,SP,2017-09,436.37,3,5.0
food,SP,2017-10,1304.65,5,4.6
food,SP,2017-11,864.19,7,3.1818181818181817
food,SP,2017-12,603.18,8,4.125
food,SP,2018-01,640.71,12,4.166666666666667
food,SP,2018-02,2272.23,14,3.35
food,SP,2018-03,1239.76,19,4.238095238095238
food,SP,2018-04,1527.3300000000002,22,4.541666666666667
food,SP,2018-05,1628.18,19,4.521739130434782
food,SP,2018-06,1040.84,16,4.125
food,SP,2018-07,2036.76,27,4.407407407407407
food,SP,2018-08,7796.2,69,4.349397590361446
food_drink,AL,2018-04,68.54,1,4.0
food_drink,BA,2017-10,258.44,1,4.0
food_drink,BA,2017-11,129.95,1,5.0
food_drink,BA,2017-12,387.96,1,5.0
food_drink,BA,2018-04,57.61,1,5.0
food_drink,BA,2018-07,164.36,2,3.5
food_drink,CE,2017-10,237.47,1,5.0
food_drink,CE,2018-01,106.48,1,3.0
food_drink,CE,2018-07,85.5,1,5.0
food_drink,DF,2017-05,109.42,1,3.0
food_drink,DF,2017-08,54.1,1,3.0
food_drink,DF,2017-11,139.28,1,4.0
food_drink,DF,2018-04,74.88,1,4.0
food_drink,ES,2017-11,67.49,1,4.0
food_drink,ES,2017-12,115.44,2,4.5
food_drink,ES,2018-01,57.72,1,5.0
food_drink,ES,2018-02,55.01,1,4.0
food_drink,ES,2018-04,287.84,1,5.0
food_drink,MA,2017-08,223.08,1,4.5
food_drink,MA,2017-11,103.0,1,1.0
food_drink,MG,2017-03,34.42,1,5.0
food_drink,MG,2017-05,42.0,1,5.0
food_drink,MG,2017-08,459.90000000000003,1,5.0
food_drink,MG,2017-09,91.08,1,3.0
food_drink,MG,2017-10,481.08000000000004,2,5.0
food_drink,MG,2017-11,66.23,1,4.0
food_drink,MG,2017-12,110.25,2,4.5
food_drink,MG,2018-01,27.69,1,2.0
food_drink,MG,2018-03,1029.51,4,4.166666666666667
food_drink,MG,2018-04,34.23,1,5.0
food_drink,MG,2018-05,314.6,2,5.0
food_drink,MG,2018-07,217.36,1,3.0
food_drink,MG,2018-08,162.74,2,5.0
food_drink,MS,2017-11,33.7,1,4.0
food_drink,PA,2017-08,85.85,1,5.0
food_drink,PE,2017-11,470.62,2,4.0
food_drink,PE,2018-01,43.62,1,5.0
food_drink,PE,2018-03,261.51,2,5.0
food_drink,PI,2017-10,237.47,1,4.0
food_drink,PR,2017-05,389.01,3,4.8
food_drink,PR,2017-07,34.01,1,5.0
food_drink,PR,2017-11,472.46999999999997,3,3.25
food_drink,PR,2017-12,72.62,1,4.0
food_drink,PR,2018-01,52.59,1,5.0
food_drink,PR,2018-02,133.9,2,4.333333333333333
food_drink,PR,2018-05,118.25,2,5.0
food_drink,RJ,2017-05,46.44,1,5.0
food_drink,RJ,2017-06,55.1,1,5.0
food_drink,RJ,2017-07,100.4,1,5.0
food_drink,RJ,2017-08,66.16,2,5.0
food_drink,RJ,2017-09,896.0400000000001,2,1.8
food_drink,RJ,2017-10,196.65,4,5.0
food_drink,RJ,2017-11,601.0799999999999,6,4.75
food_drink,RJ,2017-12,181.34,3,3.3333333333333335
food_drink,RJ,2018-01,100.51,2,5.0
food_drink,RJ,2018-02,197.17,3,1.6666666666666667
food_drink,RJ,2018-03,796.95,2,3.0
food_drink,RJ,2018-04,95.04,2,4.0
food_drink,RJ,2018-05,1694.78,3,4.111111111111111
food_drink,RJ,2018-06,198.26,4,3.25
food_drink,RJ,2018-07,274.69,2,5.0
food_drink,RJ,2018-08,261.96,3,4.75
food_drink,RN,2017-10,337.91999999999996,2,5.0
food_drink,RN,2018-01,68.0,1,4.0
food_drink,RN,2018-06,59.16,1,5.0
food_drink,RS,2017-07,57.61,1,5.0
food_drink,RS,2017-12,229.87,2,5.0
food_drink,RS,2018-06,316.98,1,2.0
food_drink,SC,2018-03,74.88,1,5.0
food_drink,SC,2018-06,23.72,1,5.0
food_drink,SC,2018-07,32.51,1,5.0
food_drink,SE,2017-11,135.5,1,4.0
food_drink,SP,2017-03,134.47,4,5.0
food_drink,SP,2017-04,136.7,2,3.6666666666666665
food_drink,SP,2017-05,593.74,6,3.8
food_drink,SP,2017-06,27.68,1,5.0
food_drink,SP,2017-07,271.78999999999996,4,4.25
food_drink,SP,2017-08,398.73,6,4.75
food_drink,SP,2017-09,147.79,3,4.0
food_drink,SP,2017-10,1587.12,4,5.0
food_drink,SP,2017-11,1344.23,10,3.0714285714285716
food_drink,SP,2017-12,703.4,8,4.9
food_drink,SP,2018-01,125.85,2,5.0
food_drink,SP,2018-02,1190.42,15,4.555555555555555
food_drink,SP,2018-03,670.72,8,4.875
food_drink,SP,2018-04,497.11,9,4.5
food_drink,SP,2018-05,1833.43,8,5.0
food_drink,SP,2018-06,126.00999999999999,2,4.0
food_drink,SP,2018-07,668.31,8,4.6
food_drink,SP,2018-08,1657.9299999999998,11,4.8
furniture_bedroom,BA,2017-07,406.65,1,4.0
furniture_bedroom,BA,2017-11,209.98,1,1.0
furniture_bedroom,BA,2018-04,264.76,1,1.0
furniture_bedroom,BA,2018-06,145.77,1,5.0
furniture_bedroom,DF,2017-10,565.58,1,4.0
furniture_bedroom,ES,2018-04,120.33,1,5.0
furniture_bedroom,GO,2018-07,218.62,1,5.0
furniture_bedroom,MG,2017-02,501.88,1,5.0
furniture_bedroom,MG,2017-09,108.98,1,5.0
furniture_bedroom,MG,2017-10,225.62,1,5.0
furniture_bedroom,MG,2017-11,578.38,1,5.0
furniture_bedroom,MG,2018-02,244.85,1,1.0
furniture_bedroom,MG,2018-05,748.34,1,4.0
furniture_bedroom,MG,2018-07,256.77,1,4.0
furniture_bedroom,MS,2018-02,224.71,1,5.0
furniture_bedroom,MT,2017-09,1255.32,1,5.0
furniture_bedroom,PE,2017-07,227.98,1,1.0
furniture_bedroom,PR,2017-01,124.34,7,5.0
furniture_bedroom,PR,2017-04,519.84,1,1.0
furniture_bedroom,RJ,2017-04,283.61,1,4.0
furniture_bedroom,RJ,2017-05,922.6400000000001,2,5.0
furniture_bedroom,RJ,2017-06,249.56,1,5.0
furniture_bedroom,RJ,2017-10,308.16,1,5.0
furniture_bedroom,RJ,2017-12,230.75,1,5.0
furniture_bedroom,RJ,2018-03,483.7,2,3.0
furniture_bedroom,RJ,2018-04,853.01,3,3.6666666666666665
furniture_bedroom,RJ,2018-05,853.24,2,4.0
furniture_bedroom,RJ,2018-06,186.18,1,5.0
furniture_bedroom,RJ,2018-07,619.6,1,1.0
furniture_bedroom,RJ,2018-08,469.5,2,4.5
furniture_bedroom,RN,2018-02,488.08000000000004,2,4.666666666666667
furniture_bedroom,RS,2017-10,624.98,1,4.5
furniture_bedroom,RS,2018-01,230.75,1,1.0
furniture_bedroom,SC,2017-08,263.66,1,4.0
furniture_bedroom,SC,2018-06,696.26,2,2.5
furniture_bedroom,SE,2017-04,295.45,1,1.0
furniture_bedroom,SE,2017-07,118.1,1,5.0
furniture_bedroom,SP,2017-01,24.42,1,5.0
furniture_bedroom,SP,2017-04,252.3,1,1.0
furniture_bedroom,SP,2017-05,5143.29,4,4.333333333333333
furniture_bedroom,SP,2017-06,102.12,1,5.0
furniture_bedroom,SP,2017-07,843.9000000000001,2,4.0
furniture_bedroom,SP,2017-08,438.7,2,5.0
furniture_bedroom,SP,2017-09,187.34,1,5.0
furniture_bedroom,SP,2017-11,262.1,1,4.0
furniture_bedroom,SP,2018-01,866.89,4,4.25
furniture_bedroom,SP,2018-02,541.22,3,5.0
furniture_bedroom,SP,2018-03,781.99,4,4.6
furniture_bedroom,SP,2018-04,1025.1999999999998,2,5.0
furniture_bedroom,SP,2018-05,464.28999999999996,2,4.5
furniture_bedroom,SP,2018-06,1274.62,4,4.0
furniture_bedroom,SP,2018-07,1532.58,4,4.555555555555555
furniture_bedroom,SP,2018-08,3044.54,8,4.3
furniture_decor,AC,2017-01,467.09,1,2.0
furniture_decor,AC,2017-05,218.95,1,2.0
furniture_decor,AC,2017-11,343.08,1,3.0
furniture_decor,AC,2018-01,141.32,1,4.0
furniture_decor,AC,2018-02,106.4,1,5.0
furniture_decor,AC,2018-03,105.75,1,3.0
furniture_decor,AC,2018-07,3878.6400000000003,1,5.0
furniture_decor,AL,2017-02,495.76,3,5.0
furniture_decor,AL,2017-05,776.37,2,3.5
furniture_decor,AL,2017-06,203.43,1,2.0
furniture_decor,AL,2017-07,138.15,1,4.0
furniture_decor,AL,2017-08,239.6,1,5.0
furniture_decor,AL,2017-10,218.55,1,5.0
furniture_decor,AL,2017-11,3059.63,2,1.6
furniture_decor,AL,2017-12,249.67,1,4.0
furniture_decor,AL,2018-01,1269.52,3,1.3333333333333333
furniture_decor,AL,2018-02,89.08,1,1.0
furniture_decor,AL,2018-03,495.89,2,2.3333333333333335
furniture_decor,AL,2018-04,420.54,2,3.0
furniture_decor,AL,2018-05,49.85,1,5.0
furniture_decor,AL,2018-06,921.3599999999999,3,5.0
furniture_decor,AL,2018-07,97.26,1,4.0
furniture_decor,AM,2017-04,42.34,1,5.0
furniture_decor,AM,2017-05,72.39,1,5.0
furniture_decor,AM,2018-04,89.35,1,3.0
furniture_decor,AM,2018-07,122.55,1,5.0
furniture_decor,AP,2017-03,510.08,1,5.0
furniture_decor,AP,2018-07,119.45,1,5.0
furniture_decor,BA,2017-01,524.06,3,4.25
furniture_decor,BA,2017-02,429.57,5,4.2
furniture_decor,BA,2017-03,1229.27,7,4.8
furniture_decor,BA,2017-04,1969.3,7,3.7777777777777777
furniture_decor,BA,2017-05,430.77,4,4.75
furniture_decor,BA,2017-06,363.19,3,4.6
furniture_decor,BA,2017-07,2595.7400000000002,7,4.714285714285714
furniture_decor,BA,2017-08,4464.28,17,4.388888888888889
furniture_decor,BA,2017-09,739.91,6,4.444444444444445
furniture_decor,BA,2017-10,1664.53,12,3.235294117647059
furniture_decor,BA,2017-11,3326.39,19,4.0
furniture_decor,BA,2017-12,1449.75,9,3.1
furniture_decor,BA,2018-01,2778.8999999999996,13,3.9411764705882355
furniture_decor,BA,2018-02,1686.15,9,2.4166666666666665
furniture_decor,BA,2018-03,11432.91,16,2.1153846153846154
furniture_decor,BA,2018-04,3365.94,18,4.181818181818182
furniture_decor,BA,2018-05,3569.1,18,2.9583333333333335
furniture_decor,BA,2018-06,2612.2999999999997,14,4.1875
furniture_decor,BA,2018-07,3020.19,10,4.214285714285714
furniture_decor,BA,2018-08,1141.12,5,4.2
furniture_decor,CE,2016-10,149.39,1,5.0
furniture_decor,CE,2017-01,176.51,2,4.0
furniture_decor,CE,2017-02,405.15999999999997,2,4.0
furniture_decor,CE,2017-04,1076.08,1,3.0
furniture_decor,CE,2017-05,685.66,4,4.75
furniture_decor,CE,2017-07,76.79,1,4.0
furniture_decor,CE,2017-08,107.98,1,4.0
furniture_decor,CE,2017-09,2052.6,8,4.2
furniture_decor,CE,2017-10,139.28,1,5.0
furniture_decor,CE,2017-11,2218.39,8,2.5454545454545454
furniture_decor,CE,2017-12,1126.67,3,4.8
furniture_decor,CE,2018-01,1756.73,9,3.4
furniture_decor,CE,2018-02,986.33,3,1.8
furniture_decor,CE,2018-03,2269.29,7,2.6
furniture_decor,CE,2018-05,401.25,4,3.2
furniture_decor,CE,2018-06,453.63,4,2.5
furniture_decor,CE,2018-07,1965.2,7,4.25
furniture_decor,CE,2018-08,659.0799999999999,2,3.6666666666666665
furniture_decor,DF,2016-10,286.8,1,1.0
furniture_decor,DF,2017-01,522.97,2,1.6666666666666667
furniture_decor,DF,2017-03,750.49,8,4.75
furniture_decor,DF,2017-04,66.43,1,1.0
furniture_decor,DF,2017-05,1184.58,4,2.909090909090909
furniture_decor,DF,2017-06,881.94,3,3.3333333333333335
furniture_decor,DF,2017-07,1525.1399999999999,4,4.666666666666667
furniture_decor,DF,2017-08,985.89,3,4.5
furniture_decor,DF,2017-09,2264.68,6,4.153846153846154
furniture_decor,DF,2017-10,888.74,2,4.5
furniture_decor,DF,2017-11,752.25,8,4.125
furniture_decor,DF,2017-12,2089.06,5,4.777777777777778
furniture_decor,DF,2018-01,1341.25,8,4.666666666666667
furniture_decor,DF,2018-02,1308.88,10,4.090909090909091
furniture_decor,DF,2018-03,5004.2699999999995,8,2.8
furniture_decor,DF,2018-04,1324.44,10,4.363636363636363
furniture_decor,DF,2018-05,3933.29,12,4.333333333333333
furniture_decor,DF,2018-06,265.21000000000004,3,3.6666666666666665
furniture_decor,DF,2018-07,645.9200000000001,5,4.2
furniture_decor,DF,2018-08,1937.37,6,3.25
furniture_decor,ES,2017-01,150.14999999999998,2,5.0
furniture_decor,ES,2017-02,932.73,3,2.6
furniture_decor,ES,2017-03,259.12,3,4.666666666666667
furniture_decor,ES,2017-04,183.35,2,3.0
furniture_decor,ES,2017-05,1337.52,7,3.888888888888889
furniture_decor,ES,2017-06,467.91999999999996,3,4.0
furniture_decor,ES,2017-07,479.71,4,5.0
furniture_decor,ES,2017-08,1271.27,5,2.7142857142857144
furniture_decor,ES,2017-09,1908.74,6,4.444444444444445
furniture_decor,ES,2017-10,352.89,4,4.5
furniture_decor,ES,2017-11,1830.87,13,4.125
furniture_decor,ES,2017-12,1542.78,12,4.538461538461538
furniture_decor,ES,2018-01,848.06,8,3.5
furniture_decor,ES,2018-02,683.03,3,2.3333333333333335
furniture_decor,ES,2018-03,1569.89,7,2.5555555555555554
furniture_decor,ES,2018-04,671.5799999999999,5,4.833333333333333
furniture_decor,ES,2018-05,5362.04,9,3.7333333333333334
furniture_decor,ES,2018-06,2024.01,7,3.6666666666666665
furniture_decor,ES,2018-07,2512.67,4,4.111111111111111
furniture_decor,ES,2018-08,1244.09,7,4.714285714285714
furniture_decor,GO,2016-10,74.15,1,3.0
furniture_decor,GO,2017-02,120.42000000000002,2,1.5
furniture_decor,GO,2017-03,851.17,4,3.5
furniture_decor,GO,2017-05,426.48,3,3.0
furniture_decor,GO,2017-06,208.13,3,4.0
furniture_decor,GO,2017-07,560.22,4,4.25
furniture_decor,GO,2017-08,1021.98,3,4.0
furniture_decor,GO,2017-09,687.09,4,5.0
furniture_decor,GO,2017-10,721.11,5,3.857142857142857
furniture_decor,GO,2017-11,2992.85,14,3.823529411764706
furniture_decor,GO,2017-12,95.02,1,5.0
furniture_decor,GO,2018-01,2686.0,10,3.642857142857143
furniture_decor,GO,2018-02,561.33,5,2.8333333333333335
furniture_decor,GO,2018-03,7484.7,11,3.111111111111111
furniture_decor,GO,2018-04,2486.1,12,3.7857142857142856
furniture_decor,GO,2018-05,1979.46,9,4.0
furniture_decor,GO,2018-06,935.93,5,3.6666666666666665
furniture_decor,GO,2018-07,865.86,4,3.5
furniture_decor,GO,2018-08,488.78999999999996,4,4.0
furniture_decor,MA,2017-01,159.14999999999998,2,4.0
furniture_decor,MA,2017-02,222.54,2,5.0
furniture_decor,MA,2017-03,155.36,1,1.0
furniture_decor,MA,2017-04,147.13,2,5.0
furniture_decor,MA,2017-05,185.48,2,4.0
furniture_decor,MA,2017-06,354.45,1,1.0
furniture_decor,MA,2017-07,216.79999999999998,2,4.5
furniture_decor,MA,2017-08,60.57,1,4.0
furniture_decor,MA,2017-09,1074.49,4,4.4
furniture_decor,MA,2017-10,987.26,2,4.25
furniture_decor,MA,2017-11,870.85,7,4.0
furniture_decor,MA,2018-01,745.46,3,5.0
furniture_decor,MA,2018-02,654.83,3,3.5
furniture_decor,MA,2018-03,553.48,2,2.5
furniture_decor,MA,2018-04,393.73,2,4.333333333333333
furniture_decor,MA,2018-05,378.9,2,4.666666666666667
furniture_decor,MA,2018-06,238.4,1,1.0
furniture_decor,MA,2018-08,127.26,1,4.0
furniture_decor,MG,2016-10,1291.3400000000001,7,4.333333333333333
furniture_decor,MG,2017-01,5657.9400000000005,21,4.074074074074074
furniture_decor,MG,2017-02,5194.2,30,4.045454545454546
furniture_decor,MG,2017-03,8138.16,37,3.913793103448276
furniture_decor,MG,2017-04,4749.18,20,4.565217391304348
furniture_decor,MG,2017-05,2792.6,23,3.9285714285714284
furniture_decor,MG,2017-06,1801.19,14,4.055555555555555
furniture_decor,MG,2017-07,4485.71,28,3.7777777777777777
furniture_decor,MG,2017-08,7234.82,33,4.34
furniture_decor,MG,2017-09,4026.51,22,4.333333333333333
furniture_decor,MG,2017-10,6621.97,30,4.2
furniture_decor,MG,2017-11,19573.8,61,4.0
furniture_decor,MG,2017-12,5729.62,33,4.155555555555556
furniture_decor,MG,2018-01,13444.15,60,4.270588235294118
furniture_decor,MG,2018-02,8033.84,43,4.365384615384615
furniture_decor,MG,2018-03,12188.62,58,3.50561797752809
furniture_decor,MG,2018-04,13061.87,55,3.675
furniture_decor,MG,2018-05,8740.82,52,3.9193548387096775
furniture_decor,MG,2018-06,9212.15,25,3.638888888888889
furniture_decor,MG,2018-07,10334.82,35,4.375
furniture_decor,MG,2018-08,6601.39,40,4.5777777777777775
furniture_decor,MS,2017-03,68.1,1,4.0
furniture_decor,MS,2017-04,488.12,3,4.666666666666667
furniture_decor,MS,2017-05,273.88,1,5.0
furniture_decor,MS,2017-06,76.69,1,5.0
furniture_decor,MS,2017-07,119.97,2,5.0
furniture_decor,MS,2017-08,368.18,2,4.333333333333333
furniture_decor,MS,2017-10,861.3199999999999,3,5.0
furniture_decor,MS,2017-11,639.73,2,4.25
furniture_decor,MS,2017-12,378.91,1,4.0
furniture_decor,MS,2018-01,581.23,3,5.0
furniture_decor,MS,2018-02,2189.31,6,2.5
furniture_decor,MS,2018-03,411.09000000000003,3,3.4
furniture_decor,MS,2018-04,1137.55,4,2.6666666666666665
furniture_decor,MS,2018-05,1403.36,5,4.777777777777778
furniture_decor,MS,2018-06,982.4300000000001,6,3.6666666666666665
furniture_decor,MS,2018-07,312.92,1,5.0
furniture_decor,MS,2018-08,665.0699999999999,1,1.0
furniture_decor,MT,2016-10,202.88,1,5.0
furniture_decor,MT,2017-02,454.71000000000004,2,2.6666666666666665
furniture_decor,MT,2017-03,667.41,2,1.3333333333333333
furniture_decor,MT,2017-04,65.27,1,5.0
furniture_decor,MT,2017-05,69.12,1,5.0
furniture_decor,MT,2017-07,629.39,5,3.8
furniture_decor,MT,2017-08,1426.8799999999999,4,4.0
furniture_decor,MT,2017-09,1813.79,6,2.909090909090909
furniture_decor,MT,2017-10,1138.03,5,3.857142857142857
furniture_decor,MT,2017-11,156.66,2,5.0
furniture_decor,MT,2017-12,108.86,1,5.0
furniture_decor,MT,2018-01,813.3,6,3.5
furniture_decor,MT,2018-02,383.37,2,2.3333333333333335
furniture_decor,MT,2018-03,940.51,3,4.4
furniture_decor,MT,2018-04,117.42,1,5.0
furniture_decor,MT,2018-05,2220.84,6,3.142857142857143
furniture_decor,MT,2018-06,1351.98,3,3.0
furniture_decor,MT,2018-07,642.26,2,3.6666666666666665
furniture_decor,MT,2018-08,82.25,1,5.0
furniture_decor,PA,2016-10,1019.55,2,3.5
furniture_decor,PA,2017-01,84.81,1,5.0
furniture_decor,PA,2017-02,125.95,1,5.0
furniture_decor,PA,2017-03,2134.98,2,1.4
furniture_decor,PA,2017-04,639.56,4,4.8
furniture_decor,PA,2017-06,67.53,1,5.0
furniture_decor,PA,2017-08,2443.55,3,4.2
furniture_decor,PA,2017-10,341.63,4,3.75
furniture_decor,PA,2017-11,821.6899999999999,3,4.0
furniture_decor,PA,2017-12,339.9,2,3.0
furniture_decor,PA,2018-01,1703.28,5,3.5714285714285716
furniture_decor,PA,2018-02,1231.48,5,3.2
furniture_decor,PA,2018-03,545.36,3,1.0
furniture_decor,PA,2018-04,345.39,4,4.0
furniture_decor,PA,2018-05,4224.7699999999995,7,2.3
furniture_decor,PA,2018-06,868.75,2,5.0
furniture_decor,PA,2018-07,224.84,1,5.0
furniture_decor,PA,2018-08,2941.04,4,3.8
furniture_decor,PB,2017-01,84.52,1,5.0
furniture_decor,PB,2017-02,66.50999999999999,1,5.0
furniture_decor,PB,2017-03,895.6500000000001,1,5.0
furniture_decor,PB,2017-04,584.57,2,4.5
furniture_decor,PB,2017-05,60.78,1,5.0
furniture_decor,PB,2017-06,391.74,2,5.0
furniture_decor,PB,2017-07,459.45000000000005,1,1.0
furniture_decor,PB,2017-08,1261.27,4,4.0
furniture_decor,PB,2017-09,905.9,4,5.0
furniture_decor,PB,2017-10,82.87,1,5.0
furniture_decor,PB,2017-12,60.42,1,5.0
furniture_decor,PB,2018-01,441.62,1,4.0
furniture_decor,PB,2018-02,144.45,1,5.0
furniture_decor,PB,2018-03,584.0899999999999,2,4.5
furniture_decor,PB,2018-04,279.6,1,3.0
furniture_decor,PB,2018-05,408.32,1,5.0
furniture_decor,PB,2018-07,447.87,3,2.6666666666666665
furniture_decor,PB,2018-08,1841.4299999999998,3,2.5
furniture_decor,PE,2016-10,76.51,1,5.0
furniture_decor,PE,2017-01,169.9,1,5.0
furniture_decor,PE,2017-02,152.43,1,5.0
furniture_decor,PE,2017-03,811.1800000000001,3,3.75
furniture_decor,PE,2017-04,122.35999999999999,2,2.5
furniture_decor,PE,2017-05,669.42,1,1.0
furniture_decor,PE,2017-06,163.2,2,3.0
furniture_decor,PE,2017-07,1827.74,2,1.5
furniture_decor,PE,2017-08,1657.15,4,4.142857142857143
furniture_decor,PE,2017-09,1379.1100000000001,6,5.0
furniture_decor,PE,2017-10,382.16,2,5.0
furniture_decor,PE,2017-11,3231.24,9,2.5625
furniture_decor,PE,2017-12,1056.01,4,2.142857142857143
furniture_decor,PE,2018-01,1494.32,7,4.125
furniture_decor,PE,2018-02,1411.69,5,4.428571428571429
furniture_decor,PE,2018-03,3071.69,5,2.2857142857142856
furniture_decor,PE,2018-04,373.02,4,4.0
furniture_decor,PE,2018-05,518.09,4,4.75
furniture_decor,PE,2018-07,1328.79,6,4.0
furniture_decor,PE,2018-08,1016.71,4,4.2
furniture_decor,PI,2017-01,69.94,1,3.0
furniture_decor,PI,2017-02,153.56,1,3.0
furniture_decor,PI,2017-05,86.58,1,5.0
furniture_decor,PI,2017-07,143.31,2,5.0
furniture_decor,PI,2017-08,263.78,1,1.0
furniture_decor,PI,2017-10,992.0699999999999,1,5.0
furniture_decor,PI,2017-11,343.54999999999995,2,2.3333333333333335
furniture_decor,PI,2018-01,361.2,1,5.0
furniture_decor,PI,2018-02,295.56,1,4.0
furniture_decor,PI,2018-03,288.51,2,2.5
furniture_decor,PI,2018-04,120.8,1,3.0
furniture_decor,PI,2018-05,862.6500000000001,1,5.0
furniture_decor,PR,2016-10,2819.15,7,3.1
furniture_decor,PR,2017-01,349.54,3,3.3333333333333335
furniture_decor,PR,2017-02,1695.36,11,4.0
furniture_decor,PR,2017-03,2180.85,13,4.166666666666667
furniture_decor,PR,2017-04,2850.4,10,4.0
furniture_decor,PR,2017-05,3369.53,17,4.2
furniture_decor,PR,2017-06,9429.94,12,2.9411764705882355
furniture_decor,PR,2017-07,2113.2,13,3.8947368421052633
furniture_decor,PR,2017-08,4205.8099999999995,16,4.04
furniture_decor,PR,2017-09,1486.71,12,3.5833333333333335
furniture_decor,PR,2017-10,9142.29,22,3.710526315789474
furniture_decor,PR,2017-11,29329.190000000002,32,3.8208955223880596
furniture_decor,PR,2017-12,3554.65,13,2.9285714285714284
furniture_decor,PR,2018-01,4854.53,21,3.6785714285714284
furniture_decor,PR,2018-02,3091.91,18,3.65
furniture_decor,PR,2018-03,4970.9,24,4.09375
furniture_decor,PR,2018-04,10380.55,36,4.434782608695652
furniture_decor,PR,2018-05,4694.96,29,4.594594594594595
furniture_decor,PR,2018-06,5869.34,27,4.138888888888889
furniture_decor,PR,2018-07,5568.47,27,4.228571428571429
furniture_decor,PR,2018-08,5823.68,34,4.27027027027027
furniture_decor,RJ,2016-10,609.99,5,4.538461538461538
furniture_decor,RJ,2017-01,3401.1,19,4.2
furniture_decor,RJ,2017-02,5325.51,35,3.909090909090909
furniture_decor,RJ,2017-03,6836.04,39,3.8596491228070176
furniture_decor,RJ,2017-04,3927.4700000000003,23,3.8
furniture_decor,RJ,2017-05,5158.21,28,3.8974358974358974
furniture_decor,RJ,2017-06,2281.32,17,4.111111111111111
furniture_decor,RJ,2017-07,8784.93,31,3.857142857142857
furniture_decor,RJ,2017-08,9708.66,51,3.578125
furniture_decor,RJ,2017-09,8996.16,48,3.8727272727272726
furniture_decor,RJ,2017-10,13925.28,46,3.4242424242424243
furniture_decor,RJ,2017-11,19386.0,79,3.330275229357798
furniture_decor,RJ,2017-12,6978.78,35,3.1666666666666665
furniture_decor,RJ,2018-01,11906.18,50,3.421875
furniture_decor,RJ,2018-02,11920.26,59,2.7866666666666666
furniture_decor,RJ,2018-03,14162.96,54,2.8205128205128207
furniture_decor,RJ,2018-04,9990.13,56,3.710144927536232
furniture_decor,RJ,2018-05,13068.22,57,3.8641975308641974
furniture_decor,RJ,2018-06,8597.02,37,3.9545454545454546
furniture_decor,RJ,2018-07,12257.99,51,4.190476190476191
furniture_decor,RJ,2018-08,7428.42,38,4.188679245283019
furniture_decor,RN,2016-10,178.11,1,5.0
furniture_decor,RN,2017-01,70.51,1,4.0
furniture_decor,RN,2017-02,60.34,1,3.0
furniture_decor,RN,2017-03,177.61,2,2.5
furniture_decor,RN,2017-04,151.61,1,4.0
furniture_decor,RN,2017-06,220.19,1,5.0
furniture_decor,RN,2017-07,87.44,1,1.0
furniture_decor,RN,2017-09,56.14,1,1.0
furniture_decor,RN,2017-10,52.05,1,5.0
furniture_decor,RN,2017-11,1043.4,4,2.75
furniture_decor,RN,2018-01,360.78,2,4.0
furniture_decor,RN,2018-03,339.03,2,1.0
furniture_decor,RN,2018-04,293.96000000000004,2,5.0
furniture_decor,RN,2018-05,186.66000000000003,2,4.5
furniture_decor,RN,2018-06,587.99,3,4.666666666666667
furniture_decor,RN,2018-08,500.01,4,4.75
furniture_decor,RO,2017-02,2067.12,2,2.25
furniture_decor,RO,2017-06,333.26,1,5.0
furniture_decor,RO,2017-09,447.47,2,5.0
furniture_decor,RO,2017-10,361.2,1,5.0
furniture_decor,RO,2017-12,162.73,2,3.0
furniture_decor,RO,2018-01,192.45,1,5.0
furniture_decor,RO,2018-06,170.86,1,5.0
furniture_decor,RR,2016-09,272.46,1,1.0
furniture_decor,RR,2017-06,70.38,1,5.0
furniture_decor,RR,2018-06,999.04,1,5.0
furniture_decor,RR,2018-07,102.63,1,5.0
furniture_decor,RS,2016-10,397.79,3,3.3333333333333335
furniture_decor,RS,2017-01,2074.1800000000003,11,3.4705882352941178
furniture_decor,RS,2017-02,1350.99,13,3.6666666666666665
furniture_decor,RS,2017-03,2347.02,16,4.2
furniture_decor,RS,2017-04,2270.63,14,3.6666666666666665
furniture_decor,RS,2017-05,2279.65,12,4.533333333333333
furniture_decor,RS,2017-06,3314.59,22,4.481481481481482
furniture_decor,RS,2017-07,1832.58,13,4.333333333333333
furniture_decor,RS,2017-08,3530.3,21,3.5
furniture_decor,RS,2017-09,8380.1,28,4.6923076923076925
furniture_decor,RS,2017-10,2867.3,16,4.2631578947368425
furniture_decor,RS,2017-11,6191.57,27,3.263157894736842
furniture_decor,RS,2017-12,2827.55,18,4.238095238095238
furniture_decor,RS,2018-01,7096.82,29,3.9302325581395348
furniture_decor,RS,2018-02,3865.49,22,4.043478260869565
furniture_decor,RS,2018-03,7199.48,36,3.6595744680851063
furniture_decor,RS,2018-04,9595.06,40,4.042553191489362
furniture_decor,RS,2018-05,7292.99,32,3.975609756097561
furniture_decor,RS,2018-06,6308.68,25,3.5483870967741935
furniture_decor,RS,2018-07,6201.95,21,4.4411764705882355
furniture_decor,RS,2018-08,7397.63,25,3.7567567567567566
furniture_decor,SC,2016-10,870.6199999999999,2,4.5
furniture_decor,SC,2017-01,389.13,4,4.0
furniture_decor,SC,2017-02,598.71,6,4.125
furniture_decor,SC,2017-03,853.49,8,3.625
furniture_decor,SC,2017-04,2669.19,12,3.5
furniture_decor,SC,2017-05,2518.21,13,4.076923076923077
furniture_decor,SC,2017-06,1443.42,8,5.0
furniture_decor,SC,2017-07,3015.11,16,4.476190476190476
furniture_decor,SC,2017-08,2221.29,14,4.625
furniture_decor,SC,2017-09,1808.3,11,2.6923076923076925
furniture_decor,SC,2017-10,3129.82,15,3.85
furniture_decor,SC,2017-11,1996.56,12,3.411764705882353
furniture_decor,SC,2017-12,1581.19,9,3.5
furniture_decor,SC,2018-01,3749.0699999999997,25,3.5
furniture_decor,SC,2018-02,2080.48,10,3.272727272727273
furniture_decor,SC,2018-03,10014.38,25,3.473684210526316
furniture_decor,SC,2018-04,10039.81,26,3.731707317073171
furniture_decor,SC,2018-05,4233.61,19,4.038461538461538
furniture_decor,SC,2018-06,1905.67,14,4.625
furniture_decor,SC,2018-07,3818.2400000000002,17,4.4
furniture_decor,SC,2018-08,2637.16,10,4.8125
furniture_decor,SE,2016-10,89.08,1,5.0
furniture_decor,SE,2017-02,196.75,1,1.0
furniture_decor,SE,2017-03,638.4200000000001,3,4.75
furniture_decor,SE,2017-04,2297.76,1,
furniture_decor,SE,2017-05,296.68,1,5.0
furniture_decor,SE,2017-07,140.08,1,5.0
furniture_decor,SE,2017-10,114.89,1,5.0
furniture_decor,SE,2017-11,2266.06,2,1.0
furniture_decor,SE,2017-12,1095.02,2,4.25
furniture_decor,SE,2018-03,618.81,2,1.0
furniture_decor,SE,2018-06,68.95,1,4.0
furniture_decor,SE,2018-08,721.62,3,4.333333333333333
furniture_decor,SP,2016-10,3226.06,18,3.44
furniture_decor,SP,2017-01,13786.65,62,3.802197802197802
furniture_decor,SP,2017-02,15864.69,98,3.7903225806451615
furniture_decor,SP,2017-03,13142.68,114,4.059701492537314
furniture_decor,SP,2017-04,15993.54,61,3.802469135802469
furniture_decor,SP,2017-05,17725.35,105,3.838926174496644
furniture_decor,SP,2017-06,17806.57,84,4.267241379310345
furniture_decor,SP,2017-07,19139.4,115,4.21875
furniture_decor,SP,2017-08,29015.92,148,4.211267605633803
furniture_decor,SP,2017-09,15490.69,100,4.224806201550388
furniture_decor,SP,2017-10,20871.89,94,4.0
furniture_decor,SP,2017-11,57679.57,239,3.663013698630137
furniture_decor,SP,2017-12,26561.15,162,3.977578475336323
furniture_decor,SP,2018-01,45542.4,212,3.9563758389261743
furniture_decor,SP,2018-02,25552.73,134,3.7262569832402233
furniture_decor,SP,2018-03,41651.95,169,4.004366812227074
furniture_decor,SP,2018-04,40705.81,186,4.109022556390977
furniture_decor,SP,2018-05,38626.71,190,4.134387351778656
furniture_decor,SP,2018-06,30330.16,135,4.204419889502763
furniture_decor,SP,2018-07,33033.1,147,4.402116402116402
furniture_decor,SP,2018-08,36682.8,151,4.059907834101383
furniture_decor,TO,2017-02,198.46,1,4.0
furniture_decor,TO,2017-04,468.8,1,5.0
furniture_decor,TO,2017-05,860.52,2,4.25
furniture_decor,TO,2017-09,167.45,1,4.0
furniture_decor,TO,2017-10,311.4,1,5.0
furniture_decor,TO,2017-11,154.45,1,4.0
furniture_decor,TO,2017-12,70.15,1,5.0
furniture_decor,TO,2018-02,65.29,1,1.0
furniture_decor,TO,2018-05,189.99,2,4.5
furniture_decor,TO,2018-06,72.4,1,4.0
furniture_decor,TO,2018-07,43.98,1,4.0
furniture_decor,TO,2018-08,2250.72,1,5.0
furniture_living_room,AC,2017-10,132.82,1,5.0
furniture_living_room,AL,2017-05,782.4300000000001,2,4.5
furniture_living_room,AL,2018-07,118.99,1,4.0
furniture_living_room,BA,2017-02,657.64,1,2.0
furniture_living_room,BA,2017-07,376.29,1,5.0
furniture_living_room,BA,2017-08,753.71,3,4.8
furniture_living_room,BA,2017-11,124.07,1,5.0
furniture_living_room,BA,2017-12,685.17,3,2.0
furniture_living_room,BA,2018-01,55.21,1,3.0
furniture_living_room,BA,2018-02,305.22,2,3.5
furniture_living_room,BA,2018-05,797.34,3,4.333333333333333
furniture_living_room,BA,2018-07,277.63,2,5.0
furniture_living_room,CE,2018-04,563.95,1,1.0
furniture_living_room,CE,2018-07,122.01,1,5.0
furniture_living_room,DF,2017-03,153.8,1,5.0
furniture_living_room,DF,2017-07,160.23,1,5.0
furniture_living_room,DF,2017-08,153.1,1,3.0
furniture_living_room,DF,2018-03,856.77,2,5.0
furniture_living_room,DF,2018-04,149.1,1,5.0
furniture_living_room,DF,2018-08,201.09,1,4.0
furniture_living_room,ES,2017-02,168.16,1,3.0
furniture_living_room,ES,2017-03,358.04,2,4.0
furniture_living_room,ES,2017-05,596.64,1,4.0
furniture_living_room,ES,2017-06,745.8,2,5.0
furniture_living_room,ES,2017-08,155.82,1,5.0
furniture_living_room,ES,2017-12,469.24,2,5.0
furniture_living_room,ES,2018-03,210.29,1,5.0
furniture_living_room,ES,2018-07,105.32,1,5.0
furniture_living_room,GO,2017-01,259.99,1,5.0
furniture_living_room,GO,2017-03,151.74,1,5.0
furniture_living_room,GO,2017-05,319.08,2,2.0
furniture_living_room,GO,2017-07,469.78999999999996,2,2.5
furniture_living_room,GO,2017-08,161.24,1,1.0
furniture_living_room,GO,2018-01,213.76,1,5.0
furniture_living_room,GO,2018-06,97.21,1,4.0
furniture_living_room,GO,2018-08,94.14,1,5.0
furniture_living_room,MA,2017-11,190.54,1,1.0
furniture_living_room,MA,2018-02,6273.99,1,1.0
furniture_living_room,MG,2017-02,763.13,3,3.5
furniture_living_room,MG,2017-03,3132.97,5,3.25
furniture_living_room,MG,2017-04,46.4,1,5.0
furniture_living_room,MG,2017-07,1145.38,5,4.125
furniture_living_room,MG,2017-08,160.22,1,5.0
furniture_living_room,MG,2017-09,121.0,1,5.0
furniture_living_room,MG,2017-10,243.48,1,1.0
furniture_living_room,MG,2017-11,2410.13,7,4.5
furniture_living_room,MG,2017-12,355.01,1,5.0
furniture_living_room,MG,2018-01,197.66,2,4.5
furniture_living_room,MG,2018-02,354.35,1,5.0
furniture_living_room,MG,2018-03,102.32,2,4.333333333333333
furniture_living_room,MG,2018-04,738.27,3,5.0
furniture_living_room,MG,2018-06,497.65,3,5.0
furniture_living_room,MG,2018-07,290.06,2,4.5
furniture_living_room,MG,2018-08,1040.73,5,3.4
furniture_living_room,MS,2017-10,175.4,1,5.0
furniture_living_room,MS,2017-11,259.59,1,5.0
furniture_living_room,MS,2018-02,184.96,1,5.0
furniture_living_room,MT,2017-01,234.59,1,5.0
furniture_living_room,MT,2018-02,400.11,2,4.5
furniture_living_room,PA,2017-04,218.21,1,4.0
furniture_living_room,PB,2017-02,381.51,1,
furniture_living_room,PB,2018-07,319.0,2,5.0
furniture_living_room,PE,2017-04,124.24,1,4.0
furniture_living_room,PE,2017-05,297.16,1,1.0
furniture_living_room,PE,2017-08,105.74,1,5.0
furniture_living_room,PE,2018-04,191.38,1,1.0
furniture_living_room,PI,2017-05,174.08,1,5.0
furniture_living_room,PI,2017-08,114.26,1,5.0
furniture_living_room,PR,2017-02,141.12,1,5.0
furniture_living_room,PR,2017-03,367.76,1,5.0
furniture_living_room,PR,2017-07,90.72,1,3.0
furniture_living_room,PR,2017-08,161.31,1,3.0
furniture_living_room,PR,2017-10,241.73,1,4.0
furniture_living_room,PR,2017-11,53.83,1,4.0
furniture_living_room,PR,2017-12,171.48,1,5.0
furniture_living_room,PR,2018-01,75.16,1,5.0
furniture_living_room,PR,2018-04,1717.34,3,3.0
furniture_living_room,PR,2018-06,112.28,1,5.0
furniture_living_room,PR,2018-07,963.88,1,2.0
furniture_living_room,PR,2018-08,211.47,1,5.0
furniture_living_room,RJ,2017-01,958.1299999999999,4,4.6
furniture_living_room,RJ,2017-02,5430.31,3,4.125
furniture_living_room,RJ,2017-03,366.59000000000003,2,4.5
furniture_living_room,RJ,2017-04,1269.86,4,4.0
furniture_living_room,RJ,2017-05,1452.78,7,3.125
furniture_living_room,RJ,2017-06,383.53,3,3.75
furniture_living_room,RJ,2017-07,1203.79,5,4.625
furniture_living_room,RJ,2017-08,160.23,1,5.0
furniture_living_room,RJ,2017-09,526.19,4,4.0
furniture_living_room,RJ,2017-11,1120.39,3,3.0
furniture_living_room,RJ,2017-12,1770.0,4,4.333333333333333
furniture_living_room,RJ,2018-01,1047.31,5,4.8
furniture_living_room,RJ,2018-02,5889.29,5,2.090909090909091
furniture_living_room,RJ,2018-03,1647.03,6,2.8333333333333335
furniture_living_room,RJ,2018-04,1949.86,6,3.5714285714285716
furniture_living_room,RJ,2018-05,5116.299999999999,3,3.5
furniture_living_room,RJ,2018-06,1162.12,8,4.555555555555555
furniture_living_room,RJ,2018-07,2409.87,13,4.071428571428571
furniture_living_room,RJ,2018-08,1513.51,10,3.909090909090909
furniture_living_room,RO,2017-10,212.73,1,5.0
furniture_living_room,RS,2017-02,174.08,1,4.0
furniture_living_room,RS,2017-03,212.28,1,5.0
furniture_living_room,RS,2017-05,727.5500000000001,3,5.0
furniture_living_room,RS,2017-07,421.21,3,4.333333333333333
furniture_living_room,RS,2017-08,220.24,1,5.0
furniture_living_room,RS,2017-09,388.44,1,5.0
furniture_living_room,RS,2017-10,822.87,2,5.0
furniture_living_room,RS,2018-03,471.35,1,1.0
furniture_living_room,RS,2018-04,75.18,1,1.0
furniture_living_room,RS,2018-05,109.07,1,4.0
furniture_living_room,RS,2018-06,576.6,2,5.0
furniture_living_room,RS,2018-07,1136.43,3,4.666666666666667
furniture_living_room,RS,2018-08,187.97,2,4.5
furniture_living_room,SC,2017-06,379.73,1,5.0
furniture_living_room,SC,2017-07,221.88,2,4.5
furniture_living_room,SC,2018-01,82.73,1,5.0
furniture_living_room,SC,2018-02,609.06,1,5.0
furniture_living_room,SC,2018-03,57.22,1,4.0
furniture_living_room,SC,2018-04,726.05,1,1.0
furniture_living_room,SC,2018-05,230.89,2,5.0
furniture_living_room,SC,2018-06,384.53,2,4.0
furniture_living_room,SC,2018-08,398.74,1,3.0
furniture_living_room,SE,2017-02,2094.64,1,5.0
furniture_living_room,SE,2018-07,114.67,1,5.0
furniture_living_room,SP,2017-01,575.95,2,5.0
furniture_living_room,SP,2017-02,1152.9900000000002,3,3.4
furniture_living_room,SP,2017-03,3545.29,4,4.714285714285714
furniture_living_room,SP,2017-04,1123.3600000000001,4,3.2
furniture_living_room,SP,2017-05,3124.23,12,3.7142857142857144
furniture_living_room,SP,2017-06,1548.21,6,4.5
furniture_living_room,SP,2017-07,2576.11,7,4.111111111111111
furniture_living_room,SP,2017-08,1273.9499999999998,9,4.333333333333333
furniture_living_room,SP,2017-09,527.2,5,4.8
furniture_living_room,SP,2017-10,1119.55,6,4.833333333333333
furniture_living_room,SP,2017-11,16667.579999999998,15,3.08
furniture_living_room,SP,2017-12,638.88,5,4.6
furniture_living_room,SP,2018-01,1413.01,11,4.076923076923077
furniture_living_room,SP,2018-02,494.54999999999995,6,3.8333333333333335
furniture_living_room,SP,2018-03,934.82,6,3.5
furniture_living_room,SP,2018-04,3761.06,7,2.5384615384615383
furniture_living_room,SP,2018-05,338.37,4,4.0
furniture_living_room,SP,2018-06,2088.61,10,4.090909090909091
furniture_living_room,SP,2018-07,5995.83,23,3.892857142857143
furniture_living_room,SP,2018-08,3594.93,16,3.611111111111111
furniture_living_room,TO,2018-04,108.82,1,1.0
furniture_living_room,TO,2018-08,283.02,1,5.0
furniture_mattress_and_upholstery,DF,2017-12,258.33,1,5.0
furniture_mattress_and_upholstery,GO,2017-12,147.41,1,5.0
furniture_mattress_and_upholstery,MG,2017-05,103.36,1,4.0
furniture_mattress_and_upholstery,MG,2017-08,482.69,1,4.0
furniture_mattress_and_upholstery,MG,2018-01,137.35,1,5.0
furniture_mattress_and_upholstery,RJ,2017-04,130.8,1,4.0
furniture_mattress_and_upholstery,RJ,2017-05,482.69,1,4.0
furniture_mattress_and_upholstery,RJ,2017-08,150.97,1,5.0
furniture_mattress_and_upholstery,RJ,2017-09,133.82,1,5.0
furniture_mattress_and_upholstery,RJ,2017-11,124.52,1,5.0
furniture_mattress_and_upholstery,RJ,2017-12,74.21,1,2.0
furniture_mattress_and_upholstery,RJ,2018-02,137.35,1,1.0
furniture_mattress_and_upholstery,RJ,2018-03,133.99,1,1.0
furniture_mattress_and_upholstery,RN,2017-11,288.29,1,1.0
furniture_mattress_and_upholstery,SC,2018-01,137.35,1,5.0
furniture_mattress_and_upholstery,SC,2018-02,113.2,1,3.0
furniture_mattress_and_upholstery,SP,2017-05,145.82999999999998,1,3.0
furniture_mattress_and_upholstery,SP,2017-07,178.53,1,1.0
furniture_mattress_and_upholstery,SP,2017-12,608.45,5,4.8
furniture_mattress_and_upholstery,SP,2018-01,995.7,7,4.142857142857143
furniture_mattress_and_upholstery,SP,2018-02,440.93,4,3.0
furniture_mattress_and_upholstery,SP,2018-03,450.94,3,4.666666666666667
furniture_mattress_and_upholstery,SP,2018-07,141.83,1,3.0
garden_tools,AC,2018-01,548.93,1,4.0
garden_tools,AC,2018-06,158.27,1,5.0
garden_tools,AL,2017-01,159.94,1,1.0
garden_tools,AL,2017-03,68.74,1,1.0
garden_tools,AL,2017-04,830.0899999999999,2,4.5
garden_tools,AL,2017-08,195.74,2,4.5
garden_tools,AL,2017-09,97.87,1,1.0
garden_tools,AL,2017-11,97.87,1,5.0
garden_tools,AL,2018-01,87.8,1,5.0
garden_tools,AL,2018-02,260.42,1,2.0
garden_tools,AL,2018-04,269.5,2,3.6666666666666665
garden_tools,AL,2018-07,188.2,1,5.0
garden_tools,AM,2017-02,59.35,1,5.0
garden_tools,AM,2017-05,159.32,1,3.0
garden_tools,AM,2017-10,65.14,1,5.0
garden_tools,AM,2018-01,1853.75,1,4.0
garden_tools,AM,2018-03,130.24,1,5.0
garden_tools,AP,2017-08,64.14,1,5.0
garden_tools,AP,2018-04,236.06,1,4.0
garden_tools,BA,2017-01,251.86,2,4.0
garden_tools,BA,2017-02,942.1,4,3.6666666666666665
garden_tools,BA,2017-03,2130.8599999999997,4,4.25
garden_tools,BA,2017-04,867.01,3,5.0
garden_tools,BA,2017-05,1752.07,6,4.25
garden_tools,BA,2017-06,1320.08,2,5.0
garden_tools,BA,2017-07,1590.92,3,4.5
garden_tools,BA,2017-08,1428.67,7,3.75
garden_tools,BA,2017-09,1268.42,6,4.75
garden_tools,BA,2017-10,4617.52,9,4.928571428571429
garden_tools,BA,2017-11,4714.18,20,3.4482758620689653
garden_tools,BA,2017-12,2545.48,17,3.1904761904761907
garden_tools,BA,2018-01,3423.82,10,4.0
garden_tools,BA,2018-02,1143.77,7,2.6666666666666665
garden_tools,BA,2018-03,1932.78,5,2.2857142857142856
garden_tools,BA,2018-04,1753.03,13,4.0
garden_tools,BA,2018-05,3914.92,10,3.4444444444444446
garden_tools,BA,2018-06,1141.12,5,3.8
garden_tools,BA,2018-07,3082.06,10,3.888888888888889
garden_tools,BA,2018-08,594.38,2,4.0
garden_tools,CE,2017-01,181.0,1,2.0
garden_tools,CE,2017-04,347.48,2,3.6666666666666665
garden_tools,CE,2017-05,516.33,3,3.6666666666666665
garden_tools,CE,2017-06,173.44,1,4.0
garden_tools,CE,2017-07,372.16,1,3.0
garden_tools,CE,2017-08,1189.71,7,5.0
garden_tools,CE,2017-09,626.86,1,1.0
garden_tools,CE,2017-10,479.27,2,4.0
garden_tools,CE,2017-11,1247.45,7,4.0
garden_tools,CE,2017-12,876.8000000000001,6,4.142857142857143
garden_tools,CE,2018-01,147.13,1,5.0
garden_tools,CE,2018-02,443.53,2,3.0
garden_tools,CE,2018-03,4124.22,3,4.125
garden_tools,CE,2018-04,378.15,5,2.6666666666666665
garden_tools,CE,2018-05,937.9300000000001,2,4.0
garden_tools,CE,2018-06,119.46,1,5.0
garden_tools,CE,2018-08,246.3,1,4.0
garden_tools,DF,2017-04,983.0,2,5.0
garden_tools,DF,2017-05,32.0,1,5.0
garden_tools,DF,2017-06,100.95,1,1.0
garden_tools,DF,2017-07,3865.4300000000003,5,2.727272727272727
garden_tools,DF,2017-08,155.14,2,4.0
garden_tools,DF,2017-09,730.34,2,5.0
garden_tools,DF,2017-10,1299.35,3,4.4
garden_tools,DF,2017-11,1651.42,6,4.142857142857143
garden_tools,DF,2017-12,441.44,1,
garden_tools,DF,2018-01,121.0,1,3.0
garden_tools,DF,2018-02,548.91,6,4.0
garden_tools,DF,2018-03,75.25,1,4.0
garden_tools,DF,2018-04,778.08,3,2.6
garden_tools,DF,2018-05,2685.97,2,4.5
garden_tools,DF,2018-06,275.0,3,5.0
garden_tools,DF,2018-07,323.71000000000004,2,4.5
garden_tools,DF,2018-08,991.54,4,4.75
garden_tools,ES,2017-04,37.78,1,5.0
garden_tools,ES,2017-05,558.71,5,5.0
garden_tools,ES,2017-06,781.31,5,4.5
garden_tools,ES,2017-07,233.23,3,4.0
garden_tools,ES,2017-08,1880.0,5,3.0
garden_tools,ES,2017-09,976.84,8,4.375
garden_tools,ES,2017-10,2260.2999999999997,7,4.428571428571429
garden_tools,ES,2017-11,2110.66,10,3.3076923076923075
garden_tools,ES,2017-12,709.3299999999999,3,5.0
garden_tools,ES,2018-01,373.21000000000004,4,4.5
garden_tools,ES,2018-02,927.21,7,4.571428571428571
garden_tools,ES,2018-03,964.4,4,3.6666666666666665
garden_tools,ES,2018-04,514.1800000000001,5,4.4
garden_tools,ES,2018-05,1746.3200000000002,6,4.2727272727272725
garden_tools,ES,2018-06,1554.93,4,3.4
garden_tools,ES,2018-07,750.4,2,5.0
garden_tools,ES,2018-08,1767.3899999999999,6,4.5
garden_tools,GO,2017-01,11745.0,1,5.0
garden_tools,GO,2017-03,6345.65,4,3.7142857142857144
garden_tools,GO,2017-04,453.18,2,2.6666666666666665
garden_tools,GO,2017-05,2039.71,7,4.125
garden_tools,GO,2017-06,1680.49,3,4.5
garden_tools,GO,2017-07,77.57,1,5.0
garden_tools,GO,2017-08,1233.1100000000001,6,4.714285714285714
garden_tools,GO,2017-09,282.37,3,5.0
garden_tools,GO,2017-10,1241.12,5,2.875
garden_tools,GO,2017-11,1091.09,6,5.0
garden_tools,GO,2017-12,866.62,3,3.0
garden_tools,GO,2018-01,428.05,3,3.6666666666666665
garden_tools,GO,2018-02,3859.22,10,4.055555555555555
garden_tools,GO,2018-03,6196.75,5,3.6363636363636362
garden_tools,GO,2018-04,828.56,2,4.75
garden_tools,GO,2018-05,1895.49,8,4.6923076923076925
garden_tools,GO,2018-06,61.6,1,3.0
garden_tools,GO,2018-07,365.75,2,4.5
garden_tools,GO,2018-08,2499.61,4,4.75
garden_tools,MA,2017-02,66.51,1,5.0
garden_tools,MA,2017-07,288.39,1,5.0
garden_tools,MA,2017-08,97.87,1,2.0
garden_tools,MA,2017-09,643.9,2,2.5
garden_tools,MA,2017-10,97.87,1,5.0
garden_tools,MA,2017-11,903.77,2,1.0
garden_tools,MA,2017-12,560.65,2,1.6666666666666667
garden_tools,MA,2018-01,87.8,1,4.0
garden_tools,MA,2018-02,271.83,1,1.0
garden_tools,MA,2018-03,110.83,1,4.0
garden_tools,MA,2018-04,106.85,1,4.0
garden_tools,MA,2018-05,318.2,1,2.0
garden_tools,MA,2018-06,106.33,1,5.0
garden_tools,MA,2018-07,120.31,1,5.0
garden_tools,MA,2018-08,430.91999999999996,2,4.5
garden_tools,MG,2016-10,419.06,1,1.0
garden_tools,MG,2017-01,2476.98,9,3.3
garden_tools,MG,2017-02,1817.81,6,4.142857142857143
garden_tools,MG,2017-03,4895.63,19,3.6206896551724137
garden_tools,MG,2017-04,2257.05,9,4.428571428571429
garden_tools,MG,2017-05,2845.13,14,4.125
garden_tools,MG,2017-06,3076.41,13,4.25
garden_tools,MG,2017-07,3307.5499999999997,19,4.0
garden_tools,MG,2017-08,4535.91,20,4.384615384615385
garden_tools,MG,2017-09,5625.99,26,4.641025641025641
garden_tools,MG,2017-10,4414.33,25,4.7272727272727275
garden_tools,MG,2017-11,10336.1,69,4.2105263157894735
garden_tools,MG,2017-12,7912.84,33,4.238095238095238
garden_tools,MG,2018-01,6633.29,28,4.424242424242424
garden_tools,MG,2018-02,7277.820000000001,36,3.8636363636363638
garden_tools,MG,2018-03,4582.76,29,3.9696969696969697
garden_tools,MG,2018-04,8581.41,38,4.5
garden_tools,MG,2018-05,6856.63,35,4.295454545454546
garden_tools,MG,2018-06,5163.35,22,4.5
garden_tools,MG,2018-07,5233.94,21,4.8
garden_tools,MG,2018-08,5178.1,16,3.8846153846153846
garden_tools,MS,2017-03,130.12,2,4.0
garden_tools,MS,2017-04,50.95,1,4.0
garden_tools,MS,2017-06,1603.26,2,3.0
garden_tools,MS,2017-07,1417.64,2,5.0
garden_tools,MS,2017-11,943.4,3,3.5
garden_tools,MS,2018-01,422.12,3,5.0
garden_tools,MS,2018-03,629.11,3,4.5
garden_tools,MS,2018-05,110.54,1,5.0
garden_tools,MS,2018-06,1388.08,1,1.0
garden_tools,MS,2018-07,121.08,1,5.0
garden_tools,MS,2018-08,41.16,1,5.0
garden_tools,MT,2017-01,687.76,1,1.0
garden_tools,MT,2017-02,1966.32,4,3.8
garden_tools,MT,2017-04,1503.26,3,1.1875
garden_tools,MT,2017-06,146.58,1,1.0
garden_tools,MT,2017-07,655.64,1,5.0
garden_tools,MT,2017-08,1202.63,3,3.6666666666666665
garden_tools,MT,2017-09,203.77999999999997,2,4.666666666666667
garden_tools,MT,2017-10,716.04,1,5.0
garden_tools,MT,2017-11,6160.759999999999,3,2.3333333333333335
garden_tools,MT,2017-12,985.7499999999999,4,3.5
garden_tools,MT,2018-01,606.11,4,4.8
garden_tools,MT,2018-02,69.49,1,5.0
garden_tools,MT,2018-03,648.72,3,4.75
garden_tools,MT,2018-04,79.11,1,5.0
garden_tools,MT,2018-05,1544.35,3,5.0
garden_tools,MT,2018-06,77.32,1,5.0
garden_tools,MT,2018-08,196.17,1,5.0
garden_tools,PA,2017-01,56.6,1,4.0
garden_tools,PA,2017-02,1094.37,1,5.0
garden_tools,PA,2017-03,1645.87,2,5.0
garden_tools,PA,2017-07,460.88,2,4.5
garden_tools,PA,2017-09,145.37,2,5.0
garden_tools,PA,2017-10,2989.33,5,3.5
garden_tools,PA,2017-11,572.7,2,4.0
garden_tools,PA,2017-12,261.42,1,4.0
garden_tools,PA,2018-01,78.65,1,5.0
garden_tools,PA,2018-02,389.01,1,1.0
garden_tools,PA,2018-03,867.06,1,1.0
garden_tools,PA,2018-04,283.62,1,1.0
garden_tools,PA,2018-05,663.36,1,
garden_tools,PA,2018-06,1125.69,4,4.25
garden_tools,PA,2018-07,163.45,2,4.5
garden_tools,PB,2017-02,491.68,1,1.0
garden_tools,PB,2017-03,2384.7299999999996,2,4.5
garden_tools,PB,2017-06,1217.78,1,5.0
garden_tools,PB,2017-07,107.03,1,5.0
garden_tools,PB,2017-09,1363.6999999999998,2,5.0
garden_tools,PB,2017-11,97.87,1,5.0
garden_tools,PB,2017-12,96.96,1,5.0
garden_tools,PB,2018-01,87.8,1,5.0
garden_tools,PB,2018-02,430.25,2,2.3333333333333335
garden_tools,PB,2018-04,93.75,1,4.0
garden_tools,PB,2018-07,133.18,1,5.0
garden_tools,PE,2017-03,870.1700000000001,3,4.75
garden_tools,PE,2017-04,766.01,2,4.0
garden_tools,PE,2017-05,88.72,1,5.0
garden_tools,PE,2017-06,140.75,1,5.0
garden_tools,PE,2017-07,914.45,2,4.5
garden_tools,PE,2017-08,528.8,5,4.2
garden_tools,PE,2017-09,768.71,5,4.555555555555555
garden_tools,PE,2017-10,425.75,4,4.666666666666667
garden_tools,PE,2017-11,732.26,6,3.0
garden_tools,PE,2017-12,481.12,3,4.75
garden_tools,PE,2018-01,214.24,3,3.6666666666666665
garden_tools,PE,2018-02,292.73,4,4.25
garden_tools,PE,2018-03,275.36,3,3.6666666666666665
garden_tools,PE,2018-04,1822.7700000000002,5,3.5555555555555554
garden_tools,PE,2018-05,115.72,1,2.0
garden_tools,PE,2018-06,1159.86,1,3.0
garden_tools,PE,2018-07,1294.08,6,4.833333333333333
garden_tools,PE,2018-08,763.32,3,3.6666666666666665
garden_tools,PI,2017-02,1146.2,1,4.0
garden_tools,PI,2017-03,64.74,1,5.0
garden_tools,PI,2017-04,1039.9,1,5.0
garden_tools,PI,2017-05,579.89,2,4.5
garden_tools,PI,2017-07,447.1,3,4.666666666666667
garden_tools,PI,2017-10,130.13,1,5.0
garden_tools,PI,2017-11,195.74,2,3.5
garden_tools,PI,2018-02,321.59,2,4.333333333333333
garden_tools,PI,2018-03,136.6,1,1.0
garden_tools,PI,2018-04,160.75,2,4.5
garden_tools,PI,2018-08,114.98,1,1.0
garden_tools,PR,2016-10,156.22,1,5.0
garden_tools,PR,2017-01,605.55,2,4.5
garden_tools,PR,2017-02,663.79,3,4.333333333333333
garden_tools,PR,2017-03,403.53000000000003,4,5.0
garden_tools,PR,2017-04,1148.38,5,4.6
garden_tools,PR,2017-05,2141.7599999999998,10,4.5
garden_tools,PR,2017-06,405.49,4,4.5
garden_tools,PR,2017-07,1292.69,8,4.777777777777778
garden_tools,PR,2017-08,813.5799999999999,7,4.142857142857143
garden_tools,PR,2017-09,4101.47,12,3.5
garden_tools,PR,2017-10,2659.43,11,3.1875
garden_tools,PR,2017-11,3114.15,21,3.888888888888889
garden_tools,PR,2017-12,4503.18,14,4.2272727272727275
garden_tools,PR,2018-01,1811.25,10,4.090909090909091
garden_tools,PR,2018-02,1137.09,11,4.461538461538462
garden_tools,PR,2018-03,2392.87,8,4.9
garden_tools,PR,2018-04,1160.23,12,4.615384615384615
garden_tools,PR,2018-05,3686.17,13,4.615384615384615
garden_tools,PR,2018-06,1094.45,8,4.666666666666667
garden_tools,PR,2018-07,885.15,5,4.4
garden_tools,PR,2018-08,1060.3600000000001,5,4.5
garden_tools,RJ,2016-10,611.56,1,5.0
garden_tools,RJ,2017-01,1788.56,7,3.4
garden_tools,RJ,2017-02,3891.13,6,3.3
garden_tools,RJ,2017-03,4094.82,21,3.8
garden_tools,RJ,2017-04,6005.45,17,3.526315789473684
garden_tools,RJ,2017-05,4108.69,18,3.238095238095238
garden_tools,RJ,2017-06,1728.86,18,4.777777777777778
garden_tools,RJ,2017-07,5037.45,34,4.05
garden_tools,RJ,2017-08,7966.25,35,4.166666666666667
garden_tools,RJ,2017-09,4539.58,27,4.257142857142857
garden_tools,RJ,2017-10,9149.619999999999,31,4.1395348837209305
garden_tools,RJ,2017-11,14912.050000000001,76,3.3402061855670104
garden_tools,RJ,2017-12,6597.87,43,3.5686274509803924
garden_tools,RJ,2018-01,6358.37,35,3.311111111111111
garden_tools,RJ,2018-02,8751.11,36,2.3469387755102042
garden_tools,RJ,2018-03,5902.5,36,2.8636363636363638
garden_tools,RJ,2018-04,6341.75,31,3.317073170731707
garden_tools,RJ,2018-05,10016.76,29,4.2
garden_tools,RJ,2018-06,3193.99,18,3.5789473684210527
garden_tools,RJ,2018-07,5803.32,17,4.190476190476191
garden_tools,RJ,2018-08,1382.66,14,4.5
garden_tools,RN,2017-03,164.84,1,5.0
garden_tools,RN,2017-04,144.79,1,4.0
garden_tools,RN,2017-05,1874.43,3,4.833333333333333
garden_tools,RN,2017-07,35.61,1,5.0
garden_tools,RN,2017-08,97.87,1,5.0
garden_tools,RN,2017-10,97.87,1,3.0
garden_tools,RN,2017-11,347.88,1,2.0
garden_tools,RN,2017-12,154.17,1,5.0
garden_tools,RN,2018-01,87.8,1,4.0
garden_tools,RN,2018-03,770.57,2,5.0
garden_tools,RN,2018-05,465.84000000000003,2,4.666666666666667
garden_tools,RN,2018-06,94.83,1,1.0
garden_tools,RO,2017-03,64.74,1,4.0
garden_tools,RO,2017-10,188.82,1,3.0
garden_tools,RO,2017-11,202.51,1,5.0
garden_tools,RO,2018-02,147.13,1,5.0
garden_tools,RO,2018-03,106.85,1,5.0
garden_tools,RO,2018-05,345.4,1,5.0
garden_tools,RR,2017-07,225.01,1,5.0
garden_tools,RR,2018-02,63.34,1,4.0
garden_tools,RS,2017-01,994.3,3,5.0
garden_tools,RS,2017-02,1910.8,6,4.428571428571429
garden_tools,RS,2017-03,716.29,4,4.0
garden_tools,RS,2017-04,12359.26,7,2.5833333333333335
garden_tools,RS,2017-05,2069.64,8,4.888888888888889
garden_tools,RS,2017-06,1078.51,6,4.857142857142857
garden_tools,RS,2017-07,960.8,8,4.75
garden_tools,RS,2017-08,2491.12,16,4.444444444444445
garden_tools,RS,2017-09,2749.3399999999997,12,3.8666666666666667
garden_tools,RS,2017-10,4417.09,19,4.08
garden_tools,RS,2017-11,8210.52,30,3.9722222222222223
garden_tools,RS,2017-12,6023.86,16,3.1923076923076925
garden_tools,RS,2018-01,4050.74,14,3.6666666666666665
garden_tools,RS,2018-02,5786.42,17,3.3461538461538463
garden_tools,RS,2018-03,3061.2400000000002,15,4.0588235294117645
garden_tools,RS,2018-04,2562.54,14,3.875
garden_tools,RS,2018-05,4059.5099999999998,12,4.235294117647059
garden_tools,RS,2018-06,1928.75,11,4.153846153846154
garden_tools,RS,2018-07,3875.39,6,4.916666666666667
garden_tools,RS,2018-08,1929.3899999999999,8,4.222222222222222
garden_tools,SC,2017-01,256.79,1,5.0
garden_tools,SC,2017-02,158.21,2,5.0
garden_tools,SC,2017-03,3929.2099999999996,9,4.3
garden_tools,SC,2017-04,1153.92,5,4.166666666666667
garden_tools,SC,2017-05,742.98,5,3.8
garden_tools,SC,2017-06,507.36,4,3.75
garden_tools,SC,2017-07,232.70999999999998,3,5.0
garden_tools,SC,2017-08,1909.02,10,4.6923076923076925
garden_tools,SC,2017-09,1561.73,10,4.153846153846154
garden_tools,SC,2017-10,1414.3799999999999,11,4.666666666666667
garden_tools,SC,2017-11,8318.5,22,3.735294117647059
garden_tools,SC,2017-12,3147.24,8,3.6153846153846154
garden_tools,SC,2018-01,2484.9,13,3.176470588235294
garden_tools,SC,2018-02,2416.9500000000003,11,4.428571428571429
garden_tools,SC,2018-03,2260.64,5,5.0
garden_tools,SC,2018-04,3933.9599999999996,5,4.6
garden_tools,SC,2018-05,692.14,5,4.625
garden_tools,SC,2018-06,637.76,5,4.2
garden_tools,SC,2018-07,1606.82,6,4.333333333333333
garden_tools,SC,2018-08,641.21,5,3.8
garden_tools,SE,2017-03,170.79999999999998,1,4.0
garden_tools,SE,2017-04,203.82,2,3.0
garden_tools,SE,2017-06,187.09,1,1.0
garden_tools,SE,2017-07,97.87,1,5.0
garden_tools,SE,2017-08,391.48,1,5.0
garden_tools,SE,2017-09,97.87,1,3.0
garden_tools,SE,2017-10,867.9399999999999,2,2.5
garden_tools,SE,2017-11,173.91,2,4.0
garden_tools,SE,2017-12,1961.44,2,5.0
garden_tools,SE,2018-01,175.6,2,4.5
garden_tools,SE,2018-02,1610.24,1,1.0
garden_tools,SE,2018-03,427.4,1,1.0
garden_tools,SE,2018-04,1910.74,2,1.0
garden_tools,SP,2016-10,278.35,2,5.0
garden_tools,SP,2017-01,2118.33,11,3.3636363636363638
garden_tools,SP,2017-02,4218.83,27,3.9655172413793105
garden_tools,SP,2017-03,7988.24,41,3.8461538461538463
garden_tools,SP,2017-04,6422.099999999999,34,4.205128205128205
garden_tools,SP,2017-05,8073.86,39,4.391304347826087
garden_tools,SP,2017-06,7811.04,39,4.042553191489362
garden_tools,SP,2017-07,9875.4,59,4.109589041095891
garden_tools,SP,2017-08,12774.37,70,4.423529411764706
garden_tools,SP,2017-09,13992.66,55,4.417910447761194
garden_tools,SP,2017-10,13981.99,74,4.180851063829787
garden_tools,SP,2017-11,25504.33,140,4.116666666666666
garden_tools,SP,2017-12,29045.45,87,4.066666666666666
garden_tools,SP,2018-01,9705.65,67,4.309523809523809
garden_tools,SP,2018-02,12892.210000000001,72,4.0606060606060606
garden_tools,SP,2018-03,18428.18,77,4.03125
garden_tools,SP,2018-04,21346.06,94,4.408695652173913
garden_tools,SP,2018-05,18738.11,98,4.297520661157025
garden_tools,SP,2018-06,13836.31,61,4.49438202247191
garden_tools,SP,2018-07,15687.02,71,4.0
garden_tools,SP,2018-08,8520.45,49,4.224137931034483
garden_tools,TO,2017-03,484.2,1,3.0
garden_tools,TO,2017-05,410.69,1,4.0
garden_tools,TO,2017-09,887.2,2,4.75
garden_tools,TO,2017-11,902.12,2,3.5
garden_tools,TO,2018-02,189.63,2,3.0
health_beauty,AC,2017-02,825.24,1,5.0
health_beauty,AC,2017-04,280.09,1,2.0
health_beauty,AC,2017-05,55.28,1,3.0
health_beauty,AC,2018-07,591.88,1,5.0
health_beauty,AC,2018-08,315.13,2,5.0
health_beauty,AL,2017-02,998.71,3,5.0
health_beauty,AL,2017-04,806.38,5,2.1666666666666665
health_beauty,AL,2017-05,856.63,6,4.166666666666667
health_beauty,AL,2017-07,255.07,3,3.0
health_beauty,AL,2017-08,2882.98,3,3.3333333333333335
health_beauty,AL,2017-09,1174.42,4,2.8
health_beauty,AL,2017-10,951.79,4,3.2
health_beauty,AL,2017-11,632.1,3,2.0
health_beauty,AL,2017-12,619.1700000000001,3,4.666666666666667
health_beauty,AL,2018-01,712.04,4,3.8
health_beauty,AL,2018-02,325.42,3,5.0
health_beauty,AL,2018-03,1495.0,6,3.6666666666666665
health_beauty,AL,2018-04,303.54999999999995,3,4.666666666666667
health_beauty,AL,2018-05,398.46,1,5.0
health_beauty,AL,2018-06,625.21,4,4.5
health_beauty,AL,2018-07,1475.3600000000001,5,2.8
health_beauty,AL,2018-08,524.5,3,4.666666666666667
health_beauty,AM,2017-04,158.25,2,5.0
health_beauty,AM,2017-08,281.82,1,4.0
health_beauty,AM,2017-09,58.14,1,4.0
health_beauty,AM,2017-12,203.57,1,5.0
health_beauty,AM,2018-03,624.33,1,5.0
health_beauty,AM,2018-04,77.31,1,5.0
health_beauty,AM,2018-05,1451.55,3,5.0
health_beauty,AM,2018-06,1488.54,4,2.75
health_beauty,AM,2018-07,223.19,1,4.0
health_beauty,AP,2017-02,383.05,1,5.0
health_beauty,AP,2017-05,305.0,2,4.0
health_beauty,AP,2017-07,292.39,1,4.0
health_beauty,AP,2017-10,148.22,1,5.0
health_beauty,AP,2017-11,176.07999999999998,2,4.5
health_beauty,AP,2018-04,270.16,2,4.0
health_beauty,AP,2018-07,144.12,1,5.0
health_beauty,BA,2017-01,1653.6399999999999,4,2.25
health_beauty,BA,2017-02,668.8399999999999,5,4.466666666666667
health_beauty,BA,2017-03,2344.19,12,3.533333333333333
health_beauty,BA,2017-04,1854.29,14,3.857142857142857
health_beauty,BA,2017-05,2949.01,12,3.7333333333333334
health_beauty,BA,2017-06,1930.53,14,3.526315789473684
health_beauty,BA,2017-07,3116.19,8,4.125
health_beauty,BA,2017-08,3539.65,12,3.9444444444444446
health_beauty,BA,2017-09,4180.66,21,3.88
health_beauty,BA,2017-10,2383.22,13,3.05
health_beauty,BA,2017-11,1960.63,18,4.473684210526316
health_beauty,BA,2017-12,2401.92,14,4.066666666666666
health_beauty,BA,2018-01,4466.67,15,4.266666666666667
health_beauty,BA,2018-02,2783.36,17,3.3333333333333335
health_beauty,BA,2018-03,2630.61,19,3.4285714285714284
health_beauty,BA,2018-04,4557.23,24,3.3333333333333335
health_beauty,BA,2018-05,8807.5,31,3.8684210526315788
health_beauty,BA,2018-06,4574.79,23,4.3076923076923075
health_beauty,BA,2018-07,5449.88,30,4.121212121212121
health_beauty,BA,2018-08,4819.11,23,4.44
health_beauty,CE,2016-10,181.29000000000002,2,5.0
health_beauty,CE,2017-01,149.9,1,4.0
health_beauty,CE,2017-02,48.25,1,5.0
health_beauty,CE,2017-03,1036.74,2,1.5
health_beauty,CE,2017-04,839.97,6,4.285714285714286
health_beauty,CE,2017-05,1878.87,6,4.833333333333333
health_beauty,CE,2017-06,691.72,5,4.8
health_beauty,CE,2017-07,3005.66,9,3.7
health_beauty,CE,2017-08,1073.45,7,4.285714285714286
health_beauty,CE,2017-09,911.1,5,4.2
health_beauty,CE,2017-10,2495.11,6,3.3333333333333335
health_beauty,CE,2017-11,4125.54,12,3.8181818181818183
health_beauty,CE,2017-12,1747.88,11,3.8181818181818183
health_beauty,CE,2018-01,3005.6600000000003,11,3.4166666666666665
health_beauty,CE,2018-02,4694.82,14,3.210526315789474
health_beauty,CE,2018-03,1983.94,7,2.25
health_beauty,CE,2018-04,2803.88,14,3.5714285714285716
health_beauty,CE,2018-05,1546.13,5,3.8
health_beauty,CE,2018-06,2331.66,11,4.545454545454546
health_beauty,CE,2018-07,11379.39,14,4.391304347826087
health_beauty,CE,2018-08,1510.92,7,4.285714285714286
health_beauty,DF,2016-10,310.4,1,3.0
health_beauty,DF,2017-01,316.87,2,3.0
health_beauty,DF,2017-02,406.04999999999995,3,5.0
health_beauty,DF,2017-03,197.8,2,5.0
health_beauty,DF,2017-04,272.5,4,4.5
health_beauty,DF,2017-05,403.91999999999996,2,4.333333333333333
health_beauty,DF,2017-06,479.51,3,4.25
health_beauty,DF,2017-07,1325.95,10,4.333333333333333
health_beauty,DF,2017-08,1174.0,9,4.2
health_beauty,DF,2017-09,1404.62,11,4.461538461538462
health_beauty,DF,2017-10,865.47,4,4.2
health_beauty,DF,2017-11,3570.5,21,3.2962962962962963
health_beauty,DF,2017-12,2575.2200000000003,19,3.727272727272727
health_beauty,DF,2018-01,1161.41,12,4.333333333333333
health_beauty,DF,2018-02,3747.38,14,3.9375
health_beauty,DF,2018-03,3148.2299999999996,11,3.3333333333333335
health_beauty,DF,2018-04,2089.06,15,4.529411764705882
health_beauty,DF,2018-05,4218.92,15,4.066666666666666
health_beauty,DF,2018-06,4941.2699999999995,27,4.464285714285714
health_beauty,DF,2018-07,2136.7,17,4.111111111111111
health_beauty,DF,2018-08,3939.2400000000002,21,4.583333333333333
health_beauty,ES,2016-10,119.43,1,4.0
health_beauty,ES,2017-01,418.07,2,4.0
health_beauty,ES,2017-02,47.05,1,1.0
health_beauty,ES,2017-03,172.73,2,4.5
health_beauty,ES,2017-04,283.65000000000003,2,3.5
health_beauty,ES,2017-05,3064.33,5,5.0
health_beauty,ES,2017-06,1784.23,8,4.625
health_beauty,ES,2017-07,408.20000000000005,4,3.75
health_beauty,ES,2017-08,973.45,8,3.9
health_beauty,ES,2017-09,318.75,4,5.0
health_beauty,ES,2017-10,554.0,5,4.8
health_beauty,ES,2017-11,2142.37,8,4.0
health_beauty,ES,2017-12,619.41,6,4.333333333333333
health_beauty,ES,2018-01,834.1800000000001,4,4.6
health_beauty,ES,2018-02,1405.65,10,2.8181818181818183
health_beauty,ES,2018-03,2219.0899999999997,13,3.357142857142857
health_beauty,ES,2018-04,2113.29,14,4.0625
health_beauty,ES,2018-05,2631.2700000000004,13,4.142857142857143
health_beauty,ES,2018-06,3077.69,22,4.0
health_beauty,ES,2018-07,2186.99,12,3.857142857142857
health_beauty,ES,2018-08,1585.17,9,4.9
health_beauty,GO,2016-10,68.72,1,5.0
health_beauty,GO,2017-01,415.96,2,5.0
health_beauty,GO,2017-02,258.97,3,5.0
health_beauty,GO,2017-03,573.03,4,4.25
health_beauty,GO,2017-05,860.47,5,3.8333333333333335
health_beauty,GO,2017-06,1175.29,6,4.0
health_beauty,GO,2017-07,400.22,3,5.0
health_beauty,GO,2017-08,1631.2,6,4.125
health_beauty,GO,2017-09,963.41,12,4.916666666666667
health_beauty,GO,2017-10,2091.97,10,4.7272727272727275
health_beauty,GO,2017-11,3185.26,14,3.6
health_beauty,GO,2017-12,2858.3,19,3.5
health_beauty,GO,2018-01,2008.47,12,4.214285714285714
health_beauty,GO,2018-02,3154.12,16,3.764705882352941
health_beauty,GO,2018-03,2490.72,15,3.5625
health_beauty,GO,2018-04,3049.05,13,3.8666666666666667
health_beauty,GO,2018-05,2880.49,18,4.05
health_beauty,GO,2018-06,1977.11,10,4.0
health_beauty,GO,2018-07,2973.34,15,3.6666666666666665
health_beauty,GO,2018-08,4561.25,24,4.666666666666667
health_beauty,MA,2017-02,48.25,1,5.0
health_beauty,MA,2017-04,603.03,2,2.0
health_beauty,MA,2017-05,420.25,2,4.5
health_beauty,MA,2017-07,440.09,2,4.5
health_beauty,MA,2017-08,593.63,5,4.333333333333333
health_beauty,MA,2017-09,997.51,4,3.75
health_beauty,MA,2017-10,828.14,6,3.5
health_beauty,MA,2017-11,754.06,2,1.0
health_beauty,MA,2017-12,915.8499999999999,5,2.8333333333333335
health_beauty,MA,2018-01,3245.43,6,3.7777777777777777
health_beauty,MA,2018-02,2391.96,9,3.7777777777777777
health_beauty,MA,2018-03,1289.26,7,3.875
health_beauty,MA,2018-04,1281.1399999999999,5,3.8333333333333335
health_beauty,MA,2018-05,1253.9099999999999,7,4.142857142857143
health_beauty,MA,2018-06,1498.26,10,3.6
health_beauty,MA,2018-07,786.28,5,4.2
health_beauty,MA,2018-08,395.14,5,4.8
health_beauty,MG,2016-10,942.24,7,3.75
health_beauty,MG,2017-01,1898.29,12,4.538461538461538
health_beauty,MG,2017-02,1874.49,17,4.222222222222222
health_beauty,MG,2017-03,4427.81,30,4.888888888888889
health_beauty,MG,2017-04,4349.68,22,3.730769230769231
health_beauty,MG,2017-05,5065.16,28,3.933333333333333
health_beauty,MG,2017-06,5705.73,26,4.413793103448276
health_beauty,MG,2017-07,4324.77,35,4.0
health_beauty,MG,2017-08,7259.41,39,4.447368421052632
health_beauty,MG,2017-09,5736.21,38,4.0256410256410255
health_beauty,MG,2017-10,5454.3,37,4.536585365853658
health_beauty,MG,2017-11,15243.21,69,4.337209302325581
health_beauty,MG,2017-12,8799.24,52,4.036363636363636
health_beauty,MG,2018-01,9186.12,58,4.451612903225806
health_beauty,MG,2018-02,18515.59,78,4.536585365853658
health_beauty,MG,2018-03,16233.06,83,3.5476190476190474
health_beauty,MG,2018-04,13328.88,61,4.349206349206349
health_beauty,MG,2018-05,14488.0,59,4.140845070422535
health_beauty,MG,2018-06,17555.329999999998,93,4.469387755102041
health_beauty,MG,2018-07,25508.29,82,4.131868131868132
health_beauty,MG,2018-08,14937.31,85,4.326315789473684
health_beauty,MS,2017-03,81.14,1,4.0
health_beauty,MS,2017-04,438.64,1,5.0
health_beauty,MS,2017-05,70.09,2,5.0
health_beauty,MS,2017-06,684.84,3,4.0
health_beauty,MS,2017-07,319.72,3,4.666666666666667
health_beauty,MS,2017-08,341.15000000000003,3,3.0
health_beauty,MS,2017-09,150.19,2,3.0
health_beauty,MS,2017-10,670.5300000000001,2,5.0
health_beauty,MS,2017-11,1866.17,5,4.714285714285714
health_beauty,MS,2017-12,1002.51,5,4.2
health_beauty,MS,2018-01,1278.37,4,4.0
health_beauty,MS,2018-02,358.74,4,4.5
health_beauty,MS,2018-03,657.98,5,3.0
health_beauty,MS,2018-04,382.39,1,5.0
health_beauty,MS,2018-05,614.77,5,4.2
health_beauty,MS,2018-06,1265.08,2,5.0
health_beauty,MS,2018-07,1429.15,4,4.0
health_beauty,MS,2018-08,2574.2200000000003,6,3.0
health_beauty,MT,2017-01,121.62,1,1.0
health_beauty,MT,2017-02,231.4,1,1.0
health_beauty,MT,2017-03,120.04,1,5.0
health_beauty,MT,2017-04,160.84,2,2.0
health_beauty,MT,2017-05,878.0699999999999,4,4.75
health_beauty,MT,2017-07,6039.61,4,5.0
health_beauty,MT,2017-08,403.55,4,3.75
health_beauty,MT,2017-09,477.08,2,5.0
health_beauty,MT,2017-10,202.98,2,4.5
health_beauty,MT,2017-11,1317.25,8,3.0
health_beauty,MT,2017-12,424.65999999999997,5,4.2
health_beauty,MT,2018-01,1918.38,8,3.7
health_beauty,MT,2018-02,1353.8400000000001,7,4.571428571428571
health_beauty,MT,2018-03,880.51,3,2.6666666666666665
health_beauty,MT,2018-04,2324.0,7,4.428571428571429
health_beauty,MT,2018-05,1205.94,6,4.5
health_beauty,MT,2018-06,1219.49,8,4.375
health_beauty,MT,2018-07,742.24,6,4.833333333333333
health_beauty,MT,2018-08,1084.85,5,3.6666666666666665
health_beauty,PA,2017-02,1275.03,4,3.5
health_beauty,PA,2017-03,227.47,3,2.6666666666666665
health_beauty,PA,2017-04,443.68,2,4.0
health_beauty,PA,2017-06,572.59,4,4.25
health_beauty,PA,2017-07,794.16,5,3.6
health_beauty,PA,2017-08,6572.44,6,4.875
health_beauty,PA,2017-09,394.76,3,4.666666666666667
health_beauty,PA,2017-10,241.14999999999998,2,2.0
health_beauty,PA,2017-11,1844.9199999999998,8,4.555555555555555
health_beauty,PA,2017-12,2655.35,7,3.7142857142857144
health_beauty,PA,2018-01,527.21,2,4.0
health_beauty,PA,2018-02,1479.19,7,3.7777777777777777
health_beauty,PA,2018-03,2030.3799999999999,8,2.375
health_beauty,PA,2018-04,1707.77,10,2.5555555555555554
health_beauty,PA,2018-05,1185.93,2,5.0
health_beauty,PA,2018-06,2532.62,9,4.333333333333333
health_beauty,PA,2018-07,1935.14,7,3.2857142857142856
health_beauty,PA,2018-08,5353.72,12,4.933333333333334
health_beauty,PB,2017-01,378.61,1,4.0
health_beauty,PB,2017-02,674.6,2,3.0
health_beauty,PB,2017-03,769.4000000000001,2,3.0
health_beauty,PB,2017-04,549.16,2,5.0
health_beauty,PB,2017-05,521.62,3,3.3333333333333335
health_beauty,PB,2017-06,2041.4199999999998,3,4.666666666666667
health_beauty,PB,2017-07,268.02,2,3.0
health_beauty,PB,2017-08,67.28,1,5.0
health_beauty,PB,2017-09,2045.23,7,3.5714285714285716
health_beauty,PB,2017-10,1334.95,5,5.0
health_beauty,PB,2017-11,354.74,3,3.3333333333333335
health_beauty,PB,2017-12,553.31,4,4.0
health_beauty,PB,2018-01,927.85,4,4.8
health_beauty,PB,2018-02,480.75,3,5.0
health_beauty,PB,2018-03,1569.96,8,3.875
health_beauty,PB,2018-04,1686.59,6,3.1666666666666665
health_beauty,PB,2018-05,379.56,3,5.0
health_beauty,PB,2018-06,1202.3899999999999,5,4.4
health_beauty,PB,2018-07,3358.74,9,3.7
health_beauty,PB,2018-08,952.56,4,3.0
health_beauty,PE,2016-10,102.69,1,5.0
health_beauty,PE,2017-01,378.61,1,
health_beauty,PE,2017-02,378.91999999999996,2,5.0
health_beauty,PE,2017-03,1228.48,4,4.0
health_beauty,PE,2017-04,200.69,2,5.0
health_beauty,PE,2017-05,6210.84,9,4.5
health_beauty,PE,2017-06,4450.59,4,4.4
health_beauty,PE,2017-07,1596.49,11,3.8181818181818183
health_beauty,PE,2017-08,2562.96,9,2.6363636363636362
health_beauty,PE,2017-09,722.02,8,4.25
health_beauty,PE,2017-10,1785.93,10,4.5
health_beauty,PE,2017-11,2726.35,14,4.615384615384615
health_beauty,PE,2017-12,2919.12,12,4.0
health_beauty,PE,2018-01,3172.35,13,3.923076923076923
health_beauty,PE,2018-02,5347.99,19,4.0476190476190474
health_beauty,PE,2018-03,4921.85,19,3.3333333333333335
health_beauty,PE,2018-04,2393.99,14,3.6666666666666665
health_beauty,PE,2018-05,1091.54,8,4.375
health_beauty,PE,2018-06,6088.17,21,4.454545454545454
health_beauty,PE,2018-07,5086.03,24,3.92
health_beauty,PE,2018-08,4399.400000000001,21,4.380952380952381
health_beauty,PI,2016-10,246.09,1,4.0
health_beauty,PI,2017-01,266.16,2,5.0
health_beauty,PI,2017-02,953.8399999999999,1,5.0
health_beauty,PI,2017-03,95.57,1,4.0
health_beauty,PI,2017-05,504.15,2,3.0
health_beauty,PI,2017-06,139.29,1,5.0
health_beauty,PI,2017-07,107.02,1,5.0
health_beauty,PI,2017-08,111.42,1,3.0
health_beauty,PI,2017-09,181.38,2,4.5
health_beauty,PI,2017-10,661.87,3,5.0
health_beauty,PI,2017-11,239.39,3,2.6666666666666665
health_beauty,PI,2017-12,107.9,1,4.0
health_beauty,PI,2018-01,589.48,5,3.8
health_beauty,PI,2018-02,1528.64,4,3.2
health_beauty,PI,2018-03,1107.9099999999999,5,2.0
health_beauty,PI,2018-04,528.13,2,4.5
health_beauty,PI,2018-05,3617.37,1,3.0
health_beauty,PI,2018-06,716.99,5,2.8333333333333335
health_beauty,PI,2018-07,1654.09,5,4.8
health_beauty,PI,2018-08,1697.47,5,3.4
health_beauty,PR,2016-10,406.97,6,3.375
health_beauty,PR,2017-01,715.31,5,3.6666666666666665
health_beauty,PR,2017-02,1504.13,10,4.1
health_beauty,PR,2017-03,1203.38,10,4.2
health_beauty,PR,2017-04,324.34000000000003,6,4.333333333333333
health_beauty,PR,2017-05,5489.23,15,4.6875
health_beauty,PR,2017-06,2217.78,9,3.6666666666666665
health_beauty,PR,2017-07,1561.3500000000001,13,4.705882352941177
health_beauty,PR,2017-08,2995.61,18,4.578947368421052
health_beauty,PR,2017-09,5897.3,19,4.5625
health_beauty,PR,2017-10,1666.12,11,4.25
health_beauty,PR,2017-11,3776.38,24,4.260869565217392
health_beauty,PR,2017-12,2231.1,22,4.5
health_beauty,PR,2018-01,5156.82,30,4.151515151515151
health_beauty,PR,2018-02,7821.27,22,3.4814814814814814
health_beauty,PR,2018-03,4301.96,27,3.793103448275862
health_beauty,PR,2018-04,5654.91,27,4.354838709677419
health_beauty,PR,2018-05,6247.43,28,4.0606060606060606
health_beauty,PR,2018-06,5944.53,27,4.4
health_beauty,PR,2018-07,3859.12,15,4.631578947368421
health_beauty,PR,2018-08,6884.37,37,4.461538461538462
health_beauty,RJ,2016-10,1763.85,7,2.0
health_beauty,RJ,2017-01,770.49,7,4.428571428571429
health_beauty,RJ,2017-02,4856.3,18,3.8181818181818183
health_beauty,RJ,2017-03,5370.34,28,4.133333333333334
health_beauty,RJ,2017-04,2852.49,17,4.166666666666667
health_beauty,RJ,2017-05,11737.54,30,4.088235294117647
health_beauty,RJ,2017-06,4865.0,34,4.076923076923077
health_beauty,RJ,2017-07,4993.15,26,4.212121212121212
health_beauty,RJ,2017-08,8879.28,39,4.184210526315789
health_beauty,RJ,2017-09,10922.35,57,4.140625
health_beauty,RJ,2017-10,7094.56,46,4.3125
health_beauty,RJ,2017-11,7430.12,51,3.4262295081967213
health_beauty,RJ,2017-12,9442.64,47,3.7758620689655173
health_beauty,RJ,2018-01,9393.33,63,3.8194444444444446
health_beauty,RJ,2018-02,13715.16,78,3.8444444444444446
health_beauty,RJ,2018-03,10551.18,60,3.4615384615384617
health_beauty,RJ,2018-04,11904.23,61,4.117647058823529
health_beauty,RJ,2018-05,15154.07,86,4.2
health_beauty,RJ,2018-06,13619.24,80,4.47191011235955
health_beauty,RJ,2018-07,12623.8,67,4.282051282051282
health_beauty,RJ,2018-08,16965.41,72,4.158536585365853
health_beauty,RN,2017-01,856.99,2,5.0
health_beauty,RN,2017-02,48.74,1,5.0
health_beauty,RN,2017-03,423.43999999999994,2,5.0
health_beauty,RN,2017-05,1252.68,2,5.0
health_beauty,RN,2017-06,81.21,1,5.0
health_beauty,RN,2017-07,84.14,1,3.0
health_beauty,RN,2017-08,361.07,1,4.0
health_beauty,RN,2017-09,741.38,5,5.0
health_beauty,RN,2017-10,359.15999999999997,3,4.666666666666667
health_beauty,RN,2017-11,1976.3799999999999,5,3.6
health_beauty,RN,2017-12,300.78,3,4.333333333333333
health_beauty,RN,2018-01,1085.94,5,3.8333333333333335
health_beauty,RN,2018-02,227.3,1,3.0
health_beauty,RN,2018-03,693.0,4,5.0
health_beauty,RN,2018-04,721.19,3,3.6666666666666665
health_beauty,RN,2018-05,1364.09,4,4.6
health_beauty,RN,2018-06,2614.59,7,4.428571428571429
health_beauty,RN,2018-07,836.46,4,5.0
health_beauty,RN,2018-08,2279.65,3,4.333333333333333
health_beauty,RO,2017-02,686.06,2,5.0
health_beauty,RO,2017-05,129.22,1,4.0
health_beauty,RO,2017-06,237.37,2,5.0
health_beauty,RO,2017-07,282.43,1,5.0
health_beauty,RO,2017-09,233.49,2,5.0
health_beauty,RO,2017-11,871.63,2,5.0
health_beauty,RO,2017-12,107.9,1,5.0
health_beauty,RO,2018-01,319.04,1,4.0
health_beauty,RO,2018-02,455.09000000000003,2,3.0
health_beauty,RO,2018-03,151.71,1,1.0
health_beauty,RO,2018-05,105.41,1,4.0
health_beauty,RO,2018-06,585.95,1,4.0
health_beauty,RO,2018-07,2899.04,4,3.0
health_beauty,RO,2018-08,1452.88,2,5.0
health_beauty,RR,2016-10,69.02,1,4.0
health_beauty,RR,2017-02,52.87,1,3.0
health_beauty,RR,2017-05,435.92,1,3.0
health_beauty,RR,2017-10,227.24,1,1.0
health_beauty,RR,2017-11,112.43,1,1.0
health_beauty,RR,2018-03,624.84,1,1.0
health_beauty,RS,2016-10,173.77,1,1.0
health_beauty,RS,2017-01,1691.97,8,4.375
health_beauty,RS,2017-02,2409.79,9,3.0
health_beauty,RS,2017-03,2225.54,11,3.8181818181818183
health_beauty,RS,2017-04,1200.53,8,4.0
health_beauty,RS,2017-05,2590.62,11,4.384615384615385
health_beauty,RS,2017-06,1966.44,15,4.529411764705882
health_beauty,RS,2017-07,1795.26,13,4.076923076923077
health_beauty,RS,2017-08,1557.74,17,4.166666666666667
health_beauty,RS,2017-09,3130.8100000000004,15,3.6875
health_beauty,RS,2017-10,3452.4900000000002,16,3.1724137931034484
health_beauty,RS,2017-11,4708.93,26,3.586206896551724
health_beauty,RS,2017-12,5462.469999999999,17,4.473684210526316
health_beauty,RS,2018-01,4448.16,34,4.275
health_beauty,RS,2018-02,5923.0,32,4.051282051282051
health_beauty,RS,2018-03,4136.01,33,3.4594594594594597
health_beauty,RS,2018-04,4426.639999999999,20,4.130434782608695
health_beauty,RS,2018-05,4302.61,19,4.357142857142857
health_beauty,RS,2018-06,4290.13,31,4.4375
health_beauty,RS,2018-07,4875.69,34,4.457142857142857
health_beauty,RS,2018-08,4853.09,26,4.620689655172414
health_beauty,SC,2016-10,568.65,4,2.4
health_beauty,SC,2017-01,45.52,1,5.0
health_beauty,SC,2017-02,1070.03,4,4.5
health_beauty,SC,2017-03,1052.98,7,4.375
health_beauty,SC,2017-04,1667.49,12,4.214285714285714
health_beauty,SC,2017-05,547.51,7,2.8
health_beauty,SC,2017-06,520.48,7,4.428571428571429
health_beauty,SC,2017-07,1849.74,11,4.230769230769231
health_beauty,SC,2017-08,1676.07,12,3.75
health_beauty,SC,2017-09,4810.39,16,4.333333333333333
health_beauty,SC,2017-10,2163.28,16,4.388888888888889
health_beauty,SC,2017-11,3380.27,20,4.65
health_beauty,SC,2017-12,1410.78,12,3.6153846153846154
health_beauty,SC,2018-01,3266.13,19,3.5833333333333335
health_beauty,SC,2018-02,3015.44,20,3.473684210526316
health_beauty,SC,2018-03,2541.93,13,3.8
health_beauty,SC,2018-04,3687.18,22,4.454545454545454
health_beauty,SC,2018-05,3401.31,19,4.2727272727272725
health_beauty,SC,2018-06,4200.36,20,4.2272727272727275
health_beauty,SC,2018-07,3303.61,21,4.380952380952381
health_beauty,SC,2018-08,6199.64,24,4.296296296296297
health_beauty,SE,2017-02,299.14,2,4.0
health_beauty,SE,2017-04,838.38,1,5.0
health_beauty,SE,2017-05,37.19,1,5.0
health_beauty,SE,2017-06,393.53999999999996,2,5.0
health_beauty,SE,2017-07,379.2,1,4.0
health_beauty,SE,2017-08,480.15,2,4.0
health_beauty,SE,2017-09,454.34,2,5.0
health_beauty,SE,2017-10,1255.42,4,3.0
health_beauty,SE,2017-11,913.03,3,3.6666666666666665
health_beauty,SE,2017-12,494.82,2,5.0
health_beauty,SE,2018-01,860.95,1,5.0
health_beauty,SE,2018-02,459.21999999999997,3,4.333333333333333
health_beauty,SE,2018-03,135.02,1,3.0
health_beauty,SE,2018-04,690.0,3,3.3333333333333335
health_beauty,SE,2018-05,90.25,1,1.0
health_beauty,SE,2018-06,1283.13,6,4.5
health_beauty,SE,2018-07,643.27,3,2.6666666666666665
health_beauty,SE,2018-08,475.5,2,5.0
health_beauty,SP,2016-09,324.48,1,1.0
health_beauty,SP,2016-10,1109.04,11,3.727272727272727
health_beauty,SP,2017-01,4033.51,30,3.96875
health_beauty,SP,2017-02,8661.83,62,4.152777777777778
health_beauty,SP,2017-03,10979.34,71,4.402597402597403
health_beauty,SP,2017-04,9953.880000000001,63,4.159420289855072
health_beauty,SP,2017-05,13863.54,109,4.142857142857143
health_beauty,SP,2017-06,13196.94,92,4.228571428571429
health_beauty,SP,2017-07,16271.23,111,3.647887323943662
health_beauty,SP,2017-08,16014.25,139,4.47972972972973
health_beauty,SP,2017-09,22189.440000000002,119,4.338461538461538
health_beauty,SP,2017-10,17199.97,124,4.295774647887324
health_beauty,SP,2017-11,38187.81,205,4.265486725663717
health_beauty,SP,2017-12,28883.010000000002,163,4.269230769230769
health_beauty,SP,2018-01,35798.03,259,4.100694444444445
health_beauty,SP,2018-02,36496.48,241,4.107407407407408
health_beauty,SP,2018-03,48744.19,270,3.996825396825397
health_beauty,SP,2018-04,54374.83,297,4.219298245614035
health_beauty,SP,2018-05,61318.59,350,4.348668280871671
health_beauty,SP,2018-06,59207.58,372,4.381609195402299
health_beauty,SP,2018-07,49241.8,321,4.260387811634349
health_beauty,SP,2018-08,71872.58,379,4.311627906976744
health_beauty,TO,2017-01,374.28,1,5.0
health_beauty,TO,2017-04,754.3199999999999,2,3.0
health_beauty,TO,2017-05,221.02,1,5.0
health_beauty,TO,2017-08,208.47,3,5.0
health_beauty,TO,2017-09,344.55,1,2.0
health_beauty,TO,2017-10,112.12,1,5.0
health_beauty,TO,2017-11,941.22,3,2.75
health_beauty,TO,2017-12,207.79,1,5.0
health_beauty,TO,2018-01,490.78000000000003,2,3.0
health_beauty,TO,2018-02,255.45999999999998,3,2.3333333333333335
health_beauty,TO,2018-03,66.69,1,5.0
health_beauty,TO,2018-04,175.1,1,4.0
health_beauty,TO,2018-05,247.51,1,1.0
health_beauty,TO,2018-06,2136.6000000000004,1,5.0
health_beauty,TO,2018-07,1782.02,6,4.166666666666667
health_beauty,TO,2018-08,51.03,1,5.0
home_appliances,AL,2017-08,221.73000000000002,2,3.0
home_appliances,AL,2018-05,122.31,1,4.0
home_appliances,AM,2018-03,126.94,1,5.0
home_appliances,AM,2018-08,159.89,1,4.0
home_appliances,BA,2017-03,179.2,1,5.0
home_appliances,BA,2017-05,207.20999999999998,2,4.0
home_appliances,BA,2017-06,384.28,4,1.5
home_appliances,BA,2017-07,136.20000000000002,3,2.75
home_appliances,BA,2017-08,227.03,2,4.0
home_appliances,BA,2017-10,141.57,1,1.0
home_appliances,BA,2018-01,64.38,1,1.0
home_appliances,BA,2018-02,369.76,4,3.5
home_appliances,BA,2018-03,377.68,3,4.75
home_appliances,BA,2018-04,73.06,1,5.0
home_appliances,BA,2018-05,350.77,3,4.333333333333333
home_appliances,BA,2018-06,793.86,9,3.5555555555555554
home_appliances,BA,2018-07,198.16,1,3.0
home_appliances,BA,2018-08,195.89,3,4.0
home_appliances,CE,2017-08,52.33,1,4.0
home_appliances,CE,2017-12,270.28,1,5.0
home_appliances,CE,2018-04,1540.62,3,4.333333333333333
home_appliances,CE,2018-05,161.86,1,2.0
home_appliances,CE,2018-07,72.16,1,4.0
home_appliances,DF,2017-06,177.48,1,5.0
home_appliances,DF,2017-07,35.05,1,5.0
home_appliances,DF,2017-10,756.49,1,5.0
home_appliances,DF,2017-11,31.4,1,5.0
home_appliances,DF,2017-12,164.26,1,5.0
home_appliances,DF,2018-03,110.42,1,
home_appliances,DF,2018-04,759.72,5,3.5714285714285716
home_appliances,DF,2018-06,150.44,2,4.5
home_appliances,DF,2018-07,116.31,2,3.0
home_appliances,ES,2017-06,105.4,1,5.0
home_appliances,ES,2017-07,223.84,2,3.0
home_appliances,ES,2017-08,433.86,2,4.5
home_appliances,ES,2017-09,175.28,2,5.0
home_appliances,ES,2017-10,87.64,1,5.0
home_appliances,ES,2017-11,51.0,1,5.0
home_appliances,ES,2018-03,75.28,1,1.0
home_appliances,ES,2018-04,132.73,2,4.5
home_appliances,ES,2018-05,40.45,1,4.0
home_appliances,ES,2018-07,79.0,2,3.5
home_appliances,GO,2017-04,50.68,1,4.0
home_appliances,GO,2017-05,48.0,1,3.0
home_appliances,GO,2017-06,27.1,1,5.0
home_appliances,GO,2017-08,155.42000000000002,2,5.0
home_appliances,GO,2017-11,60.23,1,5.0
home_appliances,GO,2018-02,77.67,1,4.0
home_appliances,GO,2018-03,154.28,2,4.5
home_appliances,GO,2018-04,142.14,2,5.0
home_appliances,GO,2018-06,111.61,2,4.5
home_appliances,GO,2018-07,136.52,1,3.0
home_appliances,MA,2017-09,1432.63,2,5.0
home_appliances,MA,2018-08,151.42,1,4.0
home_appliances,MG,2017-02,129.98,1,5.0
home_appliances,MG,2017-03,101.43,2,4.0
home_appliances,MG,2017-06,174.96,1,5.0
home_appliances,MG,2017-07,1110.92,6,3.1666666666666665
home_appliances,MG,2017-08,581.76,2,3.0
home_appliances,MG,2017-11,307.07,3,5.0
home_appliances,MG,2017-12,110.42,1,3.0
home_appliances,MG,2018-01,639.02,5,4.2
home_appliances,MG,2018-02,661.4300000000001,8,3.888888888888889
home_appliances,MG,2018-03,958.8100000000001,10,2.7142857142857144
home_appliances,MG,2018-04,597.59,11,3.909090909090909
home_appliances,MG,2018-05,793.37,12,3.6923076923076925
home_appliances,MG,2018-06,496.45,8,4.0
home_appliances,MG,2018-07,687.5799999999999,6,4.333333333333333
home_appliances,MG,2018-08,594.26,9,4.583333333333333
home_appliances,MS,2017-05,255.55,3,5.0
home_appliances,MS,2018-01,29.1,1,5.0
home_appliances,MS,2018-04,99.43,1,4.0
home_appliances,MS,2018-07,72.03,1,5.0
home_appliances,MT,2017-05,152.39,1,4.0
home_appliances,MT,2017-06,42.94,1,5.0
home_appliances,MT,2017-07,258.74,2,4.333333333333333
home_appliances,MT,2017-12,188.56,1,5.0
home_appliances,MT,2018-02,402.45000000000005,2,5.0
home_appliances,MT,2018-07,142.77,1,5.0
home_appliances,PA,2017-02,198.04000000000002,2,4.0
home_appliances,PA,2017-06,78.9,1,3.0
home_appliances,PA,2017-08,76.96000000000001,2,2.5
home_appliances,PA,2017-11,61.53,1,3.0
home_appliances,PA,2018-02,51.78,1,5.0
home_appliances,PA,2018-03,330.08,2,4.5
home_appliances,PA,2018-06,137.36,1,5.0
home_appliances,PB,2017-05,263.95,1,4.0
home_appliances,PB,2018-08,2155.35,1,5.0
home_appliances,PE,2017-08,72.88,1,5.0
home_appliances,PE,2017-09,71.65,1,3.0
home_appliances,PE,2018-04,73.54,1,5.0
home_appliances,PE,2018-06,172.76999999999998,2,5.0
home_appliances,PI,2017-05,57.74,1,4.0
home_appliances,PI,2017-07,50.75,1,5.0
home_appliances,PI,2018-03,210.61,1,3.0
home_appliances,PI,2018-06,151.42,1,3.0
home_appliances,PR,2017-03,41.52,1,5.0
home_appliances,PR,2017-04,179.32,1,4.0
home_appliances,PR,2017-06,242.5,2,5.0
home_appliances,PR,2017-07,1000.4,2,5.0
home_appliances,PR,2017-08,1349.2,7,4.888888888888889
home_appliances,PR,2017-12,46.5,1,5.0
home_appliances,PR,2018-01,180.9,1,3.0
home_appliances,PR,2018-03,1026.1100000000001,3,4.0
home_appliances,PR,2018-04,1425.1899999999998,7,4.0
home_appliances,PR,2018-05,553.91,5,4.166666666666667
home_appliances,PR,2018-06,107.69,1,4.0
home_appliances,PR,2018-07,270.40999999999997,3,4.666666666666667
home_appliances,PR,2018-08,693.77,8,4.444444444444445
home_appliances,RJ,2017-04,41.11,1,5.0
home_appliances,RJ,2017-05,217.54,3,4.8
home_appliances,RJ,2017-06,381.53999999999996,5,4.285714285714286
home_appliances,RJ,2017-07,430.98,5,4.8
home_appliances,RJ,2017-08,525.67,6,3.5714285714285716
home_appliances,RJ,2017-09,288.68,2,5.0
home_appliances,RJ,2017-10,92.67,1,5.0
home_appliances,RJ,2017-11,797.69,2,2.5
home_appliances,RJ,2017-12,286.78000000000003,2,2.5
home_appliances,RJ,2018-01,474.96,5,3.8333333333333335
home_appliances,RJ,2018-02,609.06,7,4.222222222222222
home_appliances,RJ,2018-03,2950.7300000000005,12,4.0
home_appliances,RJ,2018-04,781.84,10,2.8333333333333335
home_appliances,RJ,2018-05,1728.8400000000001,7,4.0
home_appliances,RJ,2018-06,264.77,2,5.0
home_appliances,RJ,2018-07,740.3000000000001,7,4.571428571428571
home_appliances,RJ,2018-08,559.73,6,3.6666666666666665
home_appliances,RN,2017-08,339.37,1,2.0
home_appliances,RN,2018-05,188.27,1,5.0
home_appliances,RO,2018-07,140.53,1,5.0
home_appliances,RO,2018-08,224.32,1,5.0
home_appliances,RR,2017-10,207.97,1,5.0
home_appliances,RR,2018-04,730.95,1,1.0
home_appliances,RR,2018-06,186.13,1,5.0
home_appliances,RS,2017-03,50.7,1,3.0
home_appliances,RS,2017-05,283.96,3,5.0
home_appliances,RS,2017-06,315.64,5,4.6
home_appliances,RS,2017-07,126.58,2,4.5
home_appliances,RS,2017-08,200.84,1,4.0
home_appliances,RS,2017-11,1261.67,3,5.0
home_appliances,RS,2018-01,69.06,1,1.0
home_appliances,RS,2018-02,263.6,2,5.0
home_appliances,RS,2018-03,1734.02,4,4.75
home_appliances,RS,2018-04,813.87,5,4.5
home_appliances,RS,2018-05,319.02,3,5.0
home_appliances,RS,2018-06,984.36,5,5.0
home_appliances,RS,2018-07,441.43,7,5.0
home_appliances,RS,2018-08,268.68,2,5.0
home_appliances,SC,2017-02,174.28,1,1.0
home_appliances,SC,2017-04,335.86,3,4.0
home_appliances,SC,2017-06,84.22,2,4.666666666666667
home_appliances,SC,2017-08,177.48,1,1.0
home_appliances,SC,2017-10,164.26,1,5.0
home_appliances,SC,2017-11,267.13,1,5.0
home_appliances,SC,2018-01,29.1,1,5.0
home_appliances,SC,2018-02,346.96,1,4.0
home_appliances,SC,2018-03,62.43,1,4.0
home_appliances,SC,2018-04,910.3199999999999,4,5.0
home_appliances,SC,2018-06,365.47,3,3.3333333333333335
home_appliances,SC,2018-07,393.86,3,5.0
home_appliances,SC,2018-08,409.87,2,3.0
home_appliances,SE,2017-05,128.0,1,5.0
home_appliances,SP,2017-02,353.1,3,5.0
home_appliances,SP,2017-03,227.42000000000002,4,4.2
home_appliances,SP,2017-04,123.44,3,5.0
home_appliances,SP,2017-05,943.13,12,5.0
home_appliances,SP,2017-06,1339.1299999999999,18,3.6842105263157894
home_appliances,SP,2017-07,962.72,13,4.538461538461538
home_appliances,SP,2017-08,1292.97,19,4.15
home_appliances,SP,2017-09,229.04000000000002,3,3.6666666666666665
home_appliances,SP,2017-10,782.68,2,4.5
home_appliances,SP,2017-11,2232.2599999999998,12,3.0833333333333335
home_appliances,SP,2017-12,606.04,9,4.333333333333333
home_appliances,SP,2018-01,899.6,12,4.785714285714286
home_appliances,SP,2018-02,3856.08,22,4.304347826086956
home_appliances,SP,2018-03,3494.04,29,4.172413793103448
home_appliances,SP,2018-04,10534.38,52,4.385964912280702
home_appliances,SP,2018-05,3252.17,29,4.161290322580645
home_appliances,SP,2018-06,4255.25,30,4.59375
home_appliances,SP,2018-07,3323.09,43,4.369565217391305
home_appliances,SP,2018-08,2636.5,30,4.15625
home_appliances,TO,2018-04,181.45,1,4.0
home_appliances_2,AL,2018-03,1658.81,1,5.0
home_appliances_2,AL,2018-04,856.89,1,4.0
home_appliances_2,AM,2018-02,592.49,1,5.0
home_appliances_2,BA,2017-07,228.82,1,3.0
home_appliances_2,BA,2017-08,499.83,2,4.5
home_appliances_2,BA,2017-09,465.11,1,5.0
home_appliances_2,BA,2018-05,1244.74,1,1.0
home_appliances_2,BA,2018-07,72.58,1,5.0
home_appliances_2,CE,2018-04,1869.8,1,5.0
home_appliances_2,CE,2018-05,207.46,1,5.0
home_appliances_2,CE,2018-07,905.03,1,4.0
home_appliances_2,DF,2017-09,194.07,1,5.0
home_appliances_2,DF,2018-01,939.11,1,5.0
home_appliances_2,DF,2018-03,811.51,1,5.0
home_appliances_2,DF,2018-05,163.38,1,2.0
home_appliances_2,DF,2018-07,858.65,1,5.0
home_appliances_2,ES,2017-10,525.32,1,2.0
home_appliances_2,ES,2017-12,143.15,1,4.0
home_appliances_2,ES,2018-04,580.31,1,5.0
home_appliances_2,GO,2018-01,53.0,1,4.0
home_appliances_2,GO,2018-05,818.4,1,4.0
home_appliances_2,GO,2018-06,820.24,1,5.0
home_appliances_2,MG,2017-02,30.11,1,5.0
home_appliances_2,MG,2017-03,535.9,1,3.0
home_appliances_2,MG,2017-05,492.46,1,4.0
home_appliances_2,MG,2017-06,317.35,1,5.0
home_appliances_2,MG,2017-08,800.3399999999999,3,4.0
home_appliances_2,MG,2017-11,1128.77,4,3.2
home_appliances_2,MG,2017-12,268.13,1,5.0
home_appliances_2,MG,2018-01,788.53,2,4.5
home_appliances_2,MG,2018-02,273.58,1,5.0
home_appliances_2,MG,2018-04,2110.57,1,5.0
home_appliances_2,MG,2018-06,298.10999999999996,2,5.0
home_appliances_2,MG,2018-07,508.93,2,3.5
home_appliances_2,MS,2017-06,216.07,1,3.0
home_appliances_2,MS,2018-01,230.0,1,5.0
home_appliances_2,MS,2018-08,636.18,1,4.0
home_appliances_2,MT,2017-01,236.9,1,5.0
home_appliances_2,MT,2017-04,477.13,1,1.0
home_appliances_2,MT,2017-06,257.3,1,4.0
home_appliances_2,PE,2017-10,292.28,1,3.0
home_appliances_2,PE,2018-06,859.71,1,5.0
home_appliances_2,PI,2017-10,674.83,1,5.0
home_appliances_2,PR,2017-01,99.96,1,5.0
home_appliances_2,PR,2017-07,197.95,1,4.0
home_appliances_2,PR,2018-01,1118.05,1,4.0
home_appliances_2,PR,2018-02,1898.56,3,4.666666666666667
home_appliances_2,PR,2018-04,688.24,1,5.0
home_appliances_2,PR,2018-06,630.01,3,4.333333333333333
home_appliances_2,PR,2018-07,1343.07,3,4.25
home_appliances_2,PR,2018-08,2419.2,1,1.0
home_appliances_2,RJ,2017-01,227.9,1,
home_appliances_2,RJ,2017-04,469.84,1,4.0
home_appliances_2,RJ,2017-07,202.48,1,4.0
home_appliances_2,RJ,2017-08,1129.55,2,3.6666666666666665
home_appliances_2,RJ,2017-09,167.35,1,5.0
home_appliances_2,RJ,2017-10,245.65,2,3.3333333333333335
home_appliances_2,RJ,2017-12,500.61,2,2.0
home_appliances_2,RJ,2018-01,2152.92,1,5.0
home_appliances_2,RJ,2018-02,905.5699999999999,3,2.6666666666666665
home_appliances_2,RJ,2018-03,1941.01,6,3.3333333333333335
home_appliances_2,RJ,2018-04,10432.16,9,4.1
home_appliances_2,RJ,2018-05,5808.389999999999,6,4.666666666666667
home_appliances_2,RJ,2018-06,2849.4700000000003,3,5.0
home_appliances_2,RJ,2018-07,2842.88,5,4.833333333333333
home_appliances_2,RJ,2018-08,692.11,2,4.5
home_appliances_2,RN,2017-11,781.74,1,1.0
home_appliances_2,RN,2018-02,839.28,1,5.0
home_appliances_2,RS,2017-07,197.95,1,2.0
home_appliances_2,RS,2017-11,701.47,1,3.0
home_appliances_2,RS,2018-02,1635.51,1,5.0
home_appliances_2,RS,2018-03,771.97,2,5.0
home_appliances_2,RS,2018-04,1672.08,1,5.0
home_appliances_2,RS,2018-05,117.85,1,5.0
home_appliances_2,RS,2018-07,3163.42,3,2.6666666666666665
home_appliances_2,RS,2018-08,3339.46,2,3.0
home_appliances_2,SC,2017-01,1040.54,2,4.0
home_appliances_2,SC,2017-05,1757.41,1,5.0
home_appliances_2,SC,2017-08,916.0899999999999,3,5.0
home_appliances_2,SC,2017-09,320.67,1,5.0
home_appliances_2,SC,2017-10,105.28,1,4.0
home_appliances_2,SC,2017-11,617.9699999999999,2,5.0
home_appliances_2,SC,2018-02,268.13,1,1.0
home_appliances_2,SC,2018-04,1255.43,1,5.0
home_appliances_2,SC,2018-05,1981.22,3,4.666666666666667
home_appliances_2,SC,2018-06,223.61,1,5.0
home_appliances_2,SC,2018-08,223.61,1,5.0
home_appliances_2,SE,2018-07,182.85,1,5.0
home_appliances_2,SP,2017-01,713.28,2,5.0
home_appliances_2,SP,2017-03,32.53,1,5.0
home_appliances_2,SP,2017-05,1073.91,6,4.333333333333333
home_appliances_2,SP,2017-06,644.35,3,3.8
home_appliances_2,SP,2017-07,479.68,3,3.6666666666666665
home_appliances_2,SP,2017-08,1452.67,7,4.857142857142857
home_appliances_2,SP,2017-09,243.12,1,3.0
home_appliances_2,SP,2017-10,1345.46,4,2.5
home_appliances_2,SP,2017-11,2341.85,5,4.0
home_appliances_2,SP,2017-12,1360.56,4,5.0
home_appliances_2,SP,2018-01,3942.96,5,4.0
home_appliances_2,SP,2018-02,3573.62,10,3.9
home_appliances_2,SP,2018-03,902.69,2,4.5
home_appliances_2,SP,2018-04,2493.56,7,4.428571428571429
home_appliances_2,SP,2018-05,5256.389999999999,9,4.333333333333333
home_appliances_2,SP,2018-06,2964.7599999999998,6,4.428571428571429
home_appliances_2,SP,2018-07,4428.5599999999995,5,4.0
home_appliances_2,SP,2018-08,3357.16,8,3.888888888888889
home_appliances_2,TO,2017-05,129.61,1,5.0
home_appliances_2,TO,2017-09,581.3,1,5.0
home_appliances_2,TO,2018-06,529.55,1,5.0
home_comfort_2,BA,2017-09,29.69,1,3.0
home_comfort_2,ES,2017-11,28.0,1,5.0
home_comfort_2,GO,2017-10,28.0,1,5.0
home_comfort_2,GO,2017-11,28.0,1,5.0
home_comfort_2,GO,2018-02,112.0,1,1.0
home_comfort_2,GO,2018-07,32.22,1,4.0
home_comfort_2,MG,2017-07,28.0,1,4.0
home_comfort_2,MG,2018-02,28.0,1,2.0
home_comfort_2,MG,2018-04,78.06,1,1.0
home_comfort_2,PR,2017-06,28.0,1,5.0
home_comfort_2,RJ,2017-10,280.0,2,5.0
home_comfort_2,RS,2017-03,129.35,1,5.0
home_comfort_2,SP,2017-01,95.57,2,4.5
home_comfort_2,SP,2017-03,261.54,2,4.333333333333333
home_comfort_2,SP,2017-04,23.86,1,5.0
home_comfort_2,SP,2017-08,221.97,2,5.0
home_comfort_2,SP,2017-11,24.75,1,1.0
home_comfort_2,SP,2018-03,44.33,1,5.0
home_comfort_2,SP,2018-06,102.76,1,1.0
home_comfort_2,SP,2018-07,106.44,1,3.0
home_confort,AL,2017-11,128.08,1,3.0
home_confort,BA,2017-03,25.25,1,1.0
home_confort,BA,2017-05,110.98,1,3.0
home_confort,BA,2017-07,427.88,1,2.0
home_confort,BA,2017-08,297.45,2,5.0
home_confort,BA,2017-09,768.3599999999999,2,5.0
home_confort,BA,2017-11,140.4,1,5.0
home_confort,BA,2018-04,112.32,1,4.0
home_confort,BA,2018-07,278.66,1,2.0
home_confort,CE,2017-03,230.04,1,1.0
home_confort,CE,2017-07,115.81,1,4.0
home_confort,CE,2017-09,105.84,1,5.0
home_confort,CE,2018-07,122.67,1,4.0
home_confort,DF,2017-03,338.83,1,4.0
home_confort,DF,2017-09,399.24,2,3.6666666666666665
home_confort,DF,2018-01,210.47,1,4.0
home_confort,DF,2018-04,241.70999999999998,2,2.0
home_confort,ES,2017-04,499.94,3,4.0
home_confort,ES,2017-05,724.3800000000001,4,4.0
home_confort,ES,2017-07,421.12,1,1.0
home_confort,ES,2017-11,326.58000000000004,2,5.0
home_confort,ES,2018-06,103.26,1,5.0
home_confort,GO,2017-05,291.71999999999997,1,3.0
home_confort,GO,2017-07,210.56,1,5.0
home_confort,GO,2017-11,125.42,1,1.0
home_confort,GO,2017-12,218.8,1,4.0
home_confort,GO,2018-01,271.58,1,5.0
home_confort,GO,2018-02,104.76,1,5.0
home_confort,GO,2018-05,100.58,1,5.0
home_confort,GO,2018-08,149.09,1,5.0
home_confort,MA,2017-08,665.87,1,5.0
home_confort,MA,2018-03,144.06,1,3.0
home_confort,MG,2017-03,946.72,5,4.6
home_confort,MG,2017-04,362.66,3,5.0
home_confort,MG,2017-05,1062.42,3,3.4
home_confort,MG,2017-06,403.5,2,3.5
home_confort,MG,2017-07,1244.68,6,4.333333333333333
home_confort,MG,2017-08,586.3299999999999,4,4.4
home_confort,MG,2017-09,1074.05,6,4.666666666666667
home_confort,MG,2017-10,278.67,3,4.0
home_confort,MG,2017-11,1779.54,5,3.3333333333333335
home_confort,MG,2017-12,189.38,1,5.0
home_confort,MG,2018-01,970.09,2,5.0
home_confort,MG,2018-02,464.28999999999996,3,3.3333333333333335
home_confort,MG,2018-03,243.07,1,5.0
home_confort,MG,2018-04,1157.98,2,2.0
home_confort,MG,2018-05,444.22999999999996,3,4.0
home_confort,MG,2018-07,405.0,4,5.0
home_confort,MS,2018-03,110.09,1,2.0
home_confort,MT,2017-05,199.49,1,5.0
home_confort,MT,2017-11,399.34,1,5.0
home_confort,MT,2018-07,381.59,1,5.0
home_confort,PB,2018-03,140.06,1,1.0
home_confort,PE,2017-05,231.62,1,1.0
home_confort,PE,2017-08,255.05,1,2.0
home_confort,PE,2017-11,952.53,1,1.0
home_confort,PE,2017-12,328.16,1,5.0
home_confort,PE,2018-02,115.91,1,1.0
home_confort,PE,2018-07,67.49,1,1.0
home_confort,PI,2017-10,128.08,1,5.0
home_confort,PI,2018-01,532.43,2,4.5
home_confort,PR,2017-04,104.7,1,4.0
home_confort,PR,2017-05,471.96000000000004,2,5.0
home_confort,PR,2017-10,399.5,2,4.0
home_confort,PR,2017-11,107.78,1,4.0
home_confort,PR,2017-12,167.87,2,3.5
home_confort,PR,2018-01,328.45,1,1.0
home_confort,PR,2018-03,216.92,2,5.0
home_confort,PR,2018-04,297.69,1,3.0
home_confort,PR,2018-08,101.25,1,5.0
home_confort,RJ,2017-03,1082.46,1,4.0
home_confort,RJ,2017-04,252.36,1,5.0
home_confort,RJ,2017-05,593.62,3,4.666666666666667
home_confort,RJ,2017-06,438.98,3,4.0
home_confort,RJ,2017-07,923.51,2,4.333333333333333
home_confort,RJ,2017-08,934.9000000000001,5,5.0
home_confort,RJ,2017-09,1463.85,6,4.714285714285714
home_confort,RJ,2017-10,1378.75,5,3.0
home_confort,RJ,2017-11,1465.81,7,3.4285714285714284
home_confort,RJ,2017-12,658.6800000000001,2,3.0
home_confort,RJ,2018-02,574.78,4,4.25
home_confort,RJ,2018-03,590.3100000000001,3,1.6666666666666667
home_confort,RJ,2018-04,108.46,1,5.0
home_confort,RJ,2018-05,508.02,3,3.6666666666666665
home_confort,RJ,2018-06,353.56,2,4.0
home_confort,RJ,2018-07,527.79,5,4.5
home_confort,RJ,2018-08,342.58,3,4.666666666666667
home_confort,RN,2017-03,115.02,1,3.0
home_confort,RO,2018-08,257.37,1,5.0
home_confort,RS,2017-03,430.67,1,5.0
home_confort,RS,2017-04,430.67,1,1.0
home_confort,RS,2017-05,160.0,1,1.0
home_confort,RS,2017-07,611.65,3,4.0
home_confort,RS,2017-08,107.78,1,5.0
home_confort,RS,2017-11,744.86,4,3.0
home_confort,RS,2018-01,298.32,2,2.5
home_confort,RS,2018-02,241.37,1,3.0
home_confort,RS,2018-03,110.09,1,5.0
home_confort,RS,2018-05,372.06,1,5.0
home_confort,RS,2018-08,468.53,3,5.0
home_confort,SC,2017-02,245.78,1,1.0
home_confort,SC,2017-03,104.7,1,4.0
home_confort,SC,2017-05,532.57,2,2.5
home_confort,SC,2017-07,105.28,1,1.0
home_confort,SC,2017-08,474.94,2,3.0
home_confort,SC,2017-09,107.78,1,4.0
home_confort,SC,2017-11,66.01,1,1.0
home_confort,SC,2018-01,41.5,1,4.0
home_confort,SC,2018-03,119.34,1,1.0
home_confort,SC,2018-06,179.48,1,5.0
home_confort,SE,2018-06,294.8,1,2.0
home_confort,SP,2017-02,225.49,2,4.0
home_confort,SP,2017-04,1260.93,7,4.615384615384615
home_confort,SP,2017-05,2427.81,15,3.3125
home_confort,SP,2017-06,2795.1,13,4.304347826086956
home_confort,SP,2017-07,4871.76,20,4.08
home_confort,SP,2017-08,2099.68,8,4.3
home_confort,SP,2017-09,4355.28,7,4.25
home_confort,SP,2017-10,2589.69,15,4.2
home_confort,SP,2017-11,2840.91,15,3.1875
home_confort,SP,2017-12,1336.94,7,3.7142857142857144
home_confort,SP,2018-01,1195.05,8,4.2
home_confort,SP,2018-02,2351.25,10,4.090909090909091
home_confort,SP,2018-03,1568.8899999999999,10,3.8
home_confort,SP,2018-04,1290.97,8,4.826086956521739
home_confort,SP,2018-05,2698.68,11,2.857142857142857
home_confort,SP,2018-06,1999.74,11,4.538461538461538
home_confort,SP,2018-07,1892.48,11,4.090909090909091
home_confort,SP,2018-08,1470.72,6,3.7142857142857144
home_confort,TO,2017-09,695.61,1,3.0
home_construction,AL,2018-01,449.92,1,4.0
home_construction,AL,2018-04,118.79,1,5.0
home_construction,AL,2018-06,252.69,1,5.0
home_construction,AM,2018-03,623.99,2,2.5
home_construction,AM,2018-04,182.85,1,5.0
home_construction,AM,2018-08,194.97,1,1.0
home_construction,BA,2017-11,139.38,1,5.0
home_construction,BA,2017-12,1691.28,2,3.6666666666666665
home_construction,BA,2018-01,2412.68,1,5.0
home_construction,BA,2018-02,113.44,1,4.0
home_construction,BA,2018-03,253.92,1,5.0
home_construction,BA,2018-05,249.04,2,3.0
home_construction,BA,2018-06,245.77999999999997,2,4.0
home_construction,BA,2018-07,115.82,1,4.0
home_construction,CE,2017-11,102.78,1,1.0
home_construction,CE,2018-01,2730.8199999999997,2,1.0
home_construction,CE,2018-04,705.99,2,4.5
home_construction,CE,2018-07,371.95,2,3.5
home_construction,DF,2017-03,157.4,1,3.0
home_construction,DF,2017-09,240.74,1,4.0
home_construction,DF,2017-11,95.22,1,1.0
home_construction,DF,2018-02,89.75,1,1.0
home_construction,DF,2018-06,139.66,1,5.0
home_construction,DF,2018-07,178.03,1,5.0
home_construction,DF,2018-08,54.04,1,1.0
home_construction,ES,2017-09,107.4,1,4.0
home_construction,ES,2017-10,1025.24,1,5.0
home_construction,ES,2017-12,69.54,1,5.0
home_construction,ES,2018-01,220.4,1,5.0
home_construction,ES,2018-02,107.47,2,5.0
home_construction,ES,2018-03,111.84,1,4.0
home_construction,ES,2018-04,177.13,1,5.0
home_construction,ES,2018-05,95.4,1,5.0
home_construction,ES,2018-06,143.49,1,5.0
home_construction,ES,2018-07,519.73,4,5.0
home_construction,GO,2017-04,645.07,1,5.0
home_construction,GO,2017-09,1996.98,1,1.0
home_construction,GO,2017-10,394.59,2,3.5
home_construction,GO,2017-11,349.0,2,4.333333333333333
home_construction,GO,2018-05,170.74,1,4.0
home_construction,GO,2018-06,148.74,1,5.0
home_construction,GO,2018-07,381.31,2,5.0
home_construction,GO,2018-08,407.6,2,4.0
home_construction,MA,2017-10,417.45,1,2.0
home_construction,MA,2017-12,172.81,1,1.0
home_construction,MA,2018-04,37.91,1,4.0
home_construction,MA,2018-06,946.72,1,5.0
home_construction,MG,2017-03,162.1,1,1.0
home_construction,MG,2017-05,53.53,1,4.0
home_construction,MG,2017-06,74.97,1,3.0
home_construction,MG,2017-08,141.43,1,5.0
home_construction,MG,2017-09,107.87,1,5.0
home_construction,MG,2017-10,732.5799999999999,2,3.0
home_construction,MG,2017-11,1544.73,5,3.8
home_construction,MG,2017-12,56.92,1,1.0
home_construction,MG,2018-01,527.4300000000001,2,5.0
home_construction,MG,2018-02,622.96,4,4.5
home_construction,MG,2018-03,480.96,3,3.0
home_construction,MG,2018-04,1771.8400000000001,9,3.7777777777777777
home_construction,MG,2018-05,932.21,6,3.6666666666666665
home_construction,MG,2018-06,2373.79,10,4.416666666666667
home_construction,MG,2018-07,990.24,5,5.0
home_construction,MG,2018-08,852.36,6,4.833333333333333
home_construction,MS,2018-03,888.5,2,2.5
home_construction,MS,2018-04,84.24,1,4.0
home_construction,MS,2018-05,326.61,2,5.0
home_construction,MS,2018-07,585.93,2,2.6666666666666665
home_construction,MT,2017-11,400.65,1,4.0
home_construction,MT,2018-04,261.96,1,5.0
home_construction,MT,2018-05,1516.52,1,1.0
home_construction,MT,2018-06,143.84,1,5.0
home_construction,MT,2018-07,268.45,1,5.0
home_construction,MT,2018-08,147.64,1,4.0
home_construction,PA,2018-03,324.59,1,1.0
home_construction,PA,2018-07,162.97,1,4.0
home_construction,PB,2017-11,371.87,1,5.0
home_construction,PB,2018-02,66.2,1,5.0
home_construction,PB,2018-06,279.56,1,4.0
home_construction,PB,2018-07,517.88,2,5.0
home_construction,PE,2017-12,703.52,2,4.0
home_construction,PE,2018-04,280.83,1,5.0
home_construction,PE,2018-07,118.73,1,4.0
home_construction,PE,2018-08,1312.73,2,4.0
home_construction,PI,2017-12,356.51,1,5.0
home_construction,PI,2018-01,77.4,1,5.0
home_construction,PI,2018-05,891.86,1,5.0
home_construction,PI,2018-07,199.56,1,4.0
home_construction,PR,2017-06,624.79,1,4.0
home_construction,PR,2017-12,796.17,2,3.3333333333333335
home_construction,PR,2018-01,162.84,2,4.5
home_construction,PR,2018-04,303.27,2,3.6666666666666665
home_construction,PR,2018-05,653.73,5,4.333333333333333
home_construction,PR,2018-06,754.53,5,3.4
home_construction,PR,2018-07,500.29,4,5.0
home_construction,RJ,2017-02,820.2,1,5.0
home_construction,RJ,2017-03,925.56,1,5.0
home_construction,RJ,2017-04,155.73,1,5.0
home_construction,RJ,2017-09,176.88000000000002,2,5.0
home_construction,RJ,2017-10,481.41,2,4.333333333333333
home_construction,RJ,2017-11,99.34,1,5.0
home_construction,RJ,2017-12,267.3,2,3.6666666666666665
home_construction,RJ,2018-01,220.0,1,1.0
home_construction,RJ,2018-02,2061.8199999999997,6,3.0
home_construction,RJ,2018-03,1803.76,4,3.8461538461538463
home_construction,RJ,2018-04,677.72,6,3.6666666666666665
home_construction,RJ,2018-05,1820.35,7,3.6666666666666665
home_construction,RJ,2018-06,1157.85,6,4.833333333333333
home_construction,RJ,2018-07,1318.8899999999999,6,4.0
home_construction,RJ,2018-08,617.15,5,4.333333333333333
home_construction,RN,2017-10,528.62,1,5.0
home_construction,RS,2017-04,113.88,1,5.0
home_construction,RS,2017-05,141.63,1,5.0
home_construction,RS,2017-06,6579.5,1,4.0
home_construction,RS,2017-09,262.07,1,5.0
home_construction,RS,2017-10,175.27,1,5.0
home_construction,RS,2017-11,687.3699999999999,5,4.8
home_construction,RS,2017-12,511.37,1,5.0
home_construction,RS,2018-01,829.29,2,4.0
home_construction,RS,2018-02,1427.6799999999998,4,3.0
home_construction,RS,2018-03,448.90999999999997,3,2.75
home_construction,RS,2018-04,423.08000000000004,2,3.5
home_construction,RS,2018-05,889.59,5,3.6
home_construction,RS,2018-06,507.19999999999993,3,5.0
home_construction,RS,2018-07,405.53999999999996,3,4.666666666666667
home_construction,RS,2018-08,1345.84,4,3.4
home_construction,SC,2017-04,641.18,1,1.0
home_construction,SC,2017-07,247.6,1,5.0
home_construction,SC,2017-09,102.26,1,5.0
home_construction,SC,2017-10,257.44,1,5.0
home_construction,SC,2017-11,738.26,2,3.0
home_construction,SC,2017-12,486.32,2,4.5
home_construction,SC,2018-01,318.90999999999997,2,4.0
home_construction,SC,2018-03,758.5999999999999,2,3.6666666666666665
home_construction,SC,2018-04,266.0,2,4.0
home_construction,SC,2018-06,423.77,3,4.333333333333333
home_construction,SC,2018-07,99.65,1,4.0
home_construction,SC,2018-08,648.4300000000001,4,3.5
home_construction,SE,2017-03,94.97,1,4.0
home_construction,SE,2017-10,760.91,1,1.0
home_construction,SE,2017-12,449.92,1,3.0
home_construction,SP,2017-02,354.47,2,5.0
home_construction,SP,2017-03,149.96,1,5.0
home_construction,SP,2017-04,141.08,1,5.0
home_construction,SP,2017-05,3163.27,3,1.8
home_construction,SP,2017-06,125.52,1,5.0
home_construction,SP,2017-09,133.52,1,2.0
home_construction,SP,2017-10,924.35,3,4.6
home_construction,SP,2017-11,2108.13,13,3.6
home_construction,SP,2017-12,5468.110000000001,14,4.1
home_construction,SP,2018-01,3566.54,13,3.761904761904762
home_construction,SP,2018-02,3765.42,13,4.222222222222222
home_construction,SP,2018-03,2896.48,15,3.7142857142857144
home_construction,SP,2018-04,9037.55,29,3.717391304347826
home_construction,SP,2018-05,9957.58,32,4.2075471698113205
home_construction,SP,2018-06,6890.25,24,4.242424242424242
home_construction,SP,2018-07,2987.72,20,4.095238095238095
home_construction,SP,2018-08,4745.72,19,4.05
home_construction,TO,2018-07,118.73,1,5.0
housewares,AC,2017-12,982.64,2,5.0
housewares,AC,2018-02,153.79,1,4.0
housewares,AL,2017-04,208.05,1,5.0
housewares,AL,2017-05,37.79,1,2.0
housewares,AL,2017-11,427.0,1,2.0
housewares,AL,2018-02,138.72,2,4.5
housewares,AL,2018-03,449.49,1,1.0
housewares,AL,2018-04,180.91,1,5.0
housewares,AL,2018-05,66.75,1,4.0
housewares,AL,2018-07,62.9,1,1.0
housewares,AM,2017-02,179.3,1,5.0
housewares,AM,2017-06,204.84,1,2.0
housewares,AM,2017-09,50.05,1,4.0
housewares,AM,2018-08,84.67,1,5.0
housewares,AP,2017-11,235.13,1,4.0
housewares,AP,2018-03,90.89,1,5.0
housewares,AP,2018-05,405.59,2,4.5
housewares,BA,2016-10,204.38,1,4.0
housewares,BA,2017-01,471.84,1,2.0
housewares,BA,2017-02,69.9,1,3.0
housewares,BA,2017-03,3440.15,7,4.416666666666667
housewares,BA,2017-04,112.29,2,4.5
housewares,BA,2017-05,478.23,6,4.0
housewares,BA,2017-06,825.4,5,3.3333333333333335
housewares,BA,2017-07,229.48,3,4.0
housewares,BA,2017-08,700.84,5,3.8333333333333335
housewares,BA,2017-09,1578.42,10,3.0
housewares,BA,2017-10,737.03,4,3.0
housewares,BA,2017-11,1779.94,8,4.2
housewares,BA,2017-12,138.61,2,4.5
housewares,BA,2018-01,1142.8799999999999,9,4.0
housewares,BA,2018-02,1699.41,10,4.0
housewares,BA,2018-03,3711.8,13,3.7777777777777777
housewares,BA,2018-04,1772.3899999999999,8,3.2857142857142856
housewares,BA,2018-05,3102.24,17,4.476190476190476
housewares,BA,2018-06,2311.87,14,4.611111111111111
housewares,BA,2018-07,1673.27,7,3.5
housewares,BA,2018-08,1556.58,10,4.363636363636363
housewares,CE,2017-03,36.79,1,3.0
housewares,CE,2017-04,251.76,2,3.5
housewares,CE,2017-06,195.54,1,5.0
housewares,CE,2017-07,96.93,1,5.0
housewares,CE,2017-08,395.52,2,5.0
housewares,CE,2017-09,282.28999999999996,2,5.0
housewares,CE,2017-10,526.11,2,5.0
housewares,CE,2017-11,234.69,3,4.0
housewares,CE,2017-12,600.1,5,4.2
housewares,CE,2018-01,7914.34,3,2.7777777777777777
housewares,CE,2018-02,748.02,4,1.75
housewares,CE,2018-03,1543.96,4,4.2
housewares,CE,2018-04,607.3100000000001,4,3.25
housewares,CE,2018-05,844.57,5,4.4
housewares,CE,2018-06,3060.13,4,5.0
housewares,CE,2018-07,356.84000000000003,2,5.0
housewares,CE,2018-08,241.48,2,5.0
housewares,DF,2017-03,1338.25,6,3.4615384615384617
housewares,DF,2017-04,816.69,5,4.0
housewares,DF,2017-05,265.55,4,5.0
housewares,DF,2017-06,1069.25,7,3.3333333333333335
housewares,DF,2017-07,2022.52,4,4.9
housewares,DF,2017-08,165.25,3,4.25
housewares,DF,2017-09,710.3,6,4.0
housewares,DF,2017-10,222.47000000000003,3,4.333333333333333
housewares,DF,2017-11,1678.1499999999999,8,5.0
housewares,DF,2017-12,1053.97,7,4.428571428571429
housewares,DF,2018-01,869.61,6,3.125
housewares,DF,2018-02,486.16999999999996,5,4.0
housewares,DF,2018-03,1151.57,8,3.888888888888889
housewares,DF,2018-04,155.1,2,2.5
housewares,DF,2018-05,3275.24,8,4.666666666666667
housewares,DF,2018-06,4443.24,13,3.388888888888889
housewares,DF,2018-07,3327.24,19,4.68
housewares,DF,2018-08,2754.28,9,4.2727272727272725
housewares,ES,2017-02,889.6,3,5.0
housewares,ES,2017-03,272.09000000000003,3,3.3333333333333335
housewares,ES,2017-04,571.87,5,3.6666666666666665
housewares,ES,2017-05,603.0799999999999,4,5.0
housewares,ES,2017-06,742.59,2,5.0
housewares,ES,2017-07,1354.1000000000001,6,5.0
housewares,ES,2017-08,1103.6599999999999,10,4.6
housewares,ES,2017-09,195.48000000000002,3,4.0
housewares,ES,2017-10,412.38,5,4.8
housewares,ES,2017-11,1764.55,11,4.2727272727272725
housewares,ES,2017-12,633.26,4,2.2
housewares,ES,2018-01,845.39,5,4.333333333333333
housewares,ES,2018-02,2932.17,11,4.9411764705882355
housewares,ES,2018-03,777.87,4,1.0
housewares,ES,2018-04,882.97,5,3.6
housewares,ES,2018-05,853.79,7,4.428571428571429
housewares,ES,2018-06,670.6800000000001,3,2.6666666666666665
housewares,ES,2018-07,2136.2799999999997,10,4.0
housewares,ES,2018-08,564.65,2,2.5
housewares,GO,2017-01,193.11,2,4.5
housewares,GO,2017-02,52.68,1,1.0
housewares,GO,2017-03,218.39,2,5.0
housewares,GO,2017-04,184.41,2,4.5
housewares,GO,2017-05,709.47,5,3.8333333333333335
housewares,GO,2017-06,1108.59,6,4.5
housewares,GO,2017-07,335.07,4,5.0
housewares,GO,2017-08,788.27,8,4.111111111111111
housewares,GO,2017-09,460.61,3,5.0
housewares,GO,2017-10,86.15,1,4.0
housewares,GO,2017-11,495.07,3,3.2
housewares,GO,2017-12,533.57,5,4.166666666666667
housewares,GO,2018-01,159.1,3,4.0
housewares,GO,2018-02,1041.85,7,4.25
housewares,GO,2018-03,15482.33,5,2.2666666666666666
housewares,GO,2018-04,912.8699999999999,5,4.2
housewares,GO,2018-05,2818.25,9,3.0
housewares,GO,2018-06,2994.97,13,4.461538461538462
housewares,GO,2018-07,10787.05,10,3.9130434782608696
housewares,GO,2018-08,2752.5299999999997,7,4.5
housewares,MA,2016-10,44.74,1,4.0
housewares,MA,2017-01,90.61,1,1.0
housewares,MA,2017-02,205.71,1,5.0
housewares,MA,2017-03,208.05,1,5.0
housewares,MA,2017-04,53.8,1,5.0
housewares,MA,2017-05,128.18,1,4.0
housewares,MA,2017-11,506.49,3,1.75
housewares,MA,2017-12,337.51,1,3.0
housewares,MA,2018-01,294.95000000000005,2,5.0
housewares,MA,2018-02,247.73000000000002,2,1.0
housewares,MA,2018-03,440.21000000000004,3,2.3333333333333335
housewares,MA,2018-04,412.78,2,4.0
housewares,MA,2018-05,99.75,1,5.0
housewares,MA,2018-07,408.09,1,5.0
housewares,MA,2018-08,63.08,1,5.0
housewares,MG,2016-10,60.52,1,4.0
housewares,MG,2017-01,156.0,1,3.0
housewares,MG,2017-02,1302.81,9,3.6666666666666665
housewares,MG,2017-03,2194.87,21,4.416666666666667
housewares,MG,2017-04,2631.75,12,4.153846153846154
housewares,MG,2017-05,3553.08,34,4.127659574468085
housewares,MG,2017-06,6339.48,42,4.372549019607843
housewares,MG,2017-07,3392.28,26,4.233333333333333
housewares,MG,2017-08,3267.14,25,4.464285714285714
housewares,MG,2017-09,5676.5,27,4.241379310344827
housewares,MG,2017-10,7293.3,18,4.533333333333333
housewares,MG,2017-11,9886.460000000001,46,3.8636363636363638
housewares,MG,2017-12,5777.83,35,3.574468085106383
housewares,MG,2018-01,9515.89,41,4.160714285714286
housewares,MG,2018-02,7253.2300000000005,45,3.88
housewares,MG,2018-03,6235.26,43,3.6785714285714284
housewares,MG,2018-04,12459.87,51,4.571428571428571
housewares,MG,2018-05,19261.94,45,3.707692307692308
housewares,MG,2018-06,15821.33,67,3.7142857142857144
housewares,MG,2018-07,9670.34,48,4.211538461538462
housewares,MG,2018-08,8835.04,65,4.313432835820896
housewares,MS,2017-02,6929.31,1,5.0
housewares,MS,2017-03,42.95,1,4.0
housewares,MS,2017-04,204.98,1,5.0
housewares,MS,2017-05,643.0,4,5.0
housewares,MS,2017-06,721.0999999999999,2,4.0
housewares,MS,2017-07,54.82,1,5.0
housewares,MS,2017-08,175.56,1,5.0
housewares,MS,2017-09,330.52,2,4.5
housewares,MS,2017-10,40.1,1,4.0
housewares,MS,2017-11,110.21000000000001,2,4.0
housewares,MS,2017-12,45.69,1,5.0
housewares,MS,2018-01,247.63,2,4.5
housewares,MS,2018-02,1176.83,4,4.0
housewares,MS,2018-03,285.33,2,2.0
housewares,MS,2018-04,1126.73,2,1.8
housewares,MS,2018-05,143.38,1,4.0
housewares,MS,2018-06,193.63,2,4.5
housewares,MS,2018-07,683.42,4,4.6
housewares,MT,2017-03,1838.5,2,3.2
housewares,MT,2017-08,121.69,2,5.0
housewares,MT,2017-09,214.56,1,5.0
housewares,MT,2017-10,41.79,1,5.0
housewares,MT,2017-11,331.90999999999997,3,4.333333333333333
housewares,MT,2018-01,453.94,3,5.0
housewares,MT,2018-02,523.21,5,4.0
housewares,MT,2018-03,184.82,3,3.6666666666666665
housewares,MT,2018-04,952.84,4,4.6
housewares,MT,2018-05,202.02999999999997,2,4.0
housewares,MT,2018-06,430.2,5,3.8
housewares,MT,2018-07,920.9,4,5.0
housewares,MT,2018-08,2717.44,5,3.1666666666666665
housewares,PA,2017-04,1472.6,2,4.333333333333333
housewares,PA,2017-05,73.62,1,4.0
housewares,PA,2017-06,166.21,2,4.5
housewares,PA,2017-07,82.8,1,5.0
housewares,PA,2017-08,900.36,5,4.333333333333333
housewares,PA,2017-10,82.58,1,5.0
housewares,PA,2017-11,203.97,2,4.5
housewares,PA,2017-12,1476.8,1,5.0
housewares,PA,2018-01,411.35,1,1.0
housewares,PA,2018-02,273.26,1,5.0
housewares,PA,2018-03,615.67,3,2.3333333333333335
housewares,PA,2018-04,445.95,3,4.666666666666667
housewares,PA,2018-05,151.82999999999998,2,5.0
housewares,PA,2018-06,1207.24,3,4.166666666666667
housewares,PA,2018-08,415.85,3,5.0
housewares,PB,2017-03,49.25,1,5.0
housewares,PB,2017-04,710.0,2,2.5
housewares,PB,2017-06,98.06,1,3.0
housewares,PB,2017-11,199.95999999999998,2,2.0
housewares,PB,2017-12,921.0,2,1.0
housewares,PB,2018-02,77.6,1,5.0
housewares,PB,2018-04,139.8,2,4.5
housewares,PB,2018-05,99.75,1,5.0
housewares,PB,2018-06,36.45,1,5.0
housewares,PB,2018-07,4281.23,4,2.625
housewares,PB,2018-08,156.15,1,5.0
housewares,PE,2017-03,35.79,1,5.0
housewares,PE,2017-04,499.51000000000005,4,4.75
housewares,PE,2017-05,317.27,5,4.428571428571429
housewares,PE,2017-06,175.18,2,3.5
housewares,PE,2017-07,228.79,1,5.0
housewares,PE,2017-08,314.44,1,5.0
housewares,PE,2017-09,120.54,2,3.0
housewares,PE,2017-10,1081.99,3,5.0
housewares,PE,2017-11,92.32,2,2.0
housewares,PE,2017-12,269.74,3,4.5
housewares,PE,2018-01,909.8499999999999,6,5.0
housewares,PE,2018-02,96.45,1,5.0
housewares,PE,2018-03,117.58000000000001,2,4.5
housewares,PE,2018-04,391.61,3,2.6666666666666665
housewares,PE,2018-05,1604.46,5,3.7142857142857144
housewares,PE,2018-06,349.4,4,4.5
housewares,PE,2018-07,1712.25,7,4.857142857142857
housewares,PE,2018-08,477.83,3,3.6666666666666665
housewares,PI,2017-06,185.57,1,5.0
housewares,PI,2017-07,175.5,1,
housewares,PI,2017-10,187.69,1,2.0
housewares,PI,2017-11,126.28999999999999,2,5.0
housewares,PI,2018-02,571.74,2,5.0
housewares,PI,2018-03,4525.44,2,4.0
housewares,PI,2018-04,1176.97,3,2.75
housewares,PI,2018-05,392.18,2,2.0
housewares,PR,2017-02,1026.74,7,3.25
housewares,PR,2017-03,359.0,5,4.4
housewares,PR,2017-04,2019.79,8,2.9166666666666665
housewares,PR,2017-05,2769.18,16,4.3
housewares,PR,2017-06,1602.47,19,4.5
housewares,PR,2017-07,1559.04,10,4.230769230769231
housewares,PR,2017-08,1850.58,10,3.9375
housewares,PR,2017-09,492.65999999999997,8,4.125
housewares,PR,2017-10,715.0999999999999,8,4.444444444444445
housewares,PR,2017-11,1786.36,13,4.0
housewares,PR,2017-12,1428.92,7,2.909090909090909
housewares,PR,2018-01,2805.64,16,3.3
housewares,PR,2018-02,3706.87,16,4.458333333333333
housewares,PR,2018-03,2689.01,17,3.923076923076923
housewares,PR,2018-04,4357.73,24,4.266666666666667
housewares,PR,2018-05,3466.79,17,3.9583333333333335
housewares,PR,2018-06,4735.08,27,3.515151515151515
housewares,PR,2018-07,8396.26,28,4.361111111111111
housewares,PR,2018-08,3825.76,27,4.3428571428571425
housewares,RJ,2016-10,48.55,1,5.0
housewares,RJ,2017-01,767.64,1,5.0
housewares,RJ,2017-02,1159.86,11,3.4166666666666665
housewares,RJ,2017-03,3703.29,28,4.2
housewares,RJ,2017-04,3907.69,19,3.642857142857143
housewares,RJ,2017-05,6147.99,41,4.48
housewares,RJ,2017-06,5807.320000000001,33,3.888888888888889
housewares,RJ,2017-07,3344.3,26,4.321428571428571
housewares,RJ,2017-08,5695.29,35,4.153846153846154
housewares,RJ,2017-09,4741.65,31,3.75
housewares,RJ,2017-10,3341.52,24,3.676470588235294
housewares,RJ,2017-11,8421.07,44,3.690909090909091
housewares,RJ,2017-12,3714.66,23,3.0344827586206895
housewares,RJ,2018-01,9256.64,39,3.6122448979591835
housewares,RJ,2018-02,8874.75,42,3.208955223880597
housewares,RJ,2018-03,8133.13,42,3.327272727272727
housewares,RJ,2018-04,8109.43,55,3.746031746031746
housewares,RJ,2018-05,18267.66,67,3.897727272727273
housewares,RJ,2018-06,10004.76,55,3.6
housewares,RJ,2018-07,8327.55,52,4.45
housewares,RJ,2018-08,13194.44,77,4.119047619047619
housewares,RN,2016-10,934.4,1,5.0
housewares,RN,2017-02,51.74,1,5.0
housewares,RN,2017-03,72.6,1,5.0
housewares,RN,2017-05,184.6,1,1.0
housewares,RN,2017-06,169.05,2,4.0
housewares,RN,2017-07,283.31,2,4.0
housewares,RN,2017-09,109.22999999999999,2,4.5
housewares,RN,2017-10,611.36,2,3.0
housewares,RN,2017-11,107.94,1,1.0
housewares,RN,2018-02,94.94,1,5.0
housewares,RN,2018-04,278.4,2,2.5
housewares,RN,2018-05,300.48,2,3.5
housewares,RN,2018-06,447.29999999999995,3,3.3333333333333335
housewares,RN,2018-07,74.08,1,5.0
housewares,RO,2017-02,96.65,1,4.0
housewares,RO,2017-07,61.74,1,3.0
housewares,RO,2018-03,154.83,1,5.0
housewares,RO,2018-05,212.85,1,5.0
housewares,RO,2018-07,187.89,1,5.0
housewares,RS,2017-01,179.83,1,5.0
housewares,RS,2017-02,548.8000000000001,2,5.0
housewares,RS,2017-03,4046.9900000000002,10,3.6153846153846154
housewares,RS,2017-04,1552.98,9,2.8181818181818183
housewares,RS,2017-05,2026.54,14,3.526315789473684
housewares,RS,2017-06,3648.3199999999997,17,4.285714285714286
housewares,RS,2017-07,2877.6,14,3.75
housewares,RS,2017-08,3007.75,24,4.333333333333333
housewares,RS,2017-09,1471.0900000000001,18,4.7368421052631575
housewares,RS,2017-10,1636.07,8,4.071428571428571
housewares,RS,2017-11,11686.68,20,3.588235294117647
housewares,RS,2017-12,3977.8199999999997,15,3.526315789473684
housewares,RS,2018-01,1786.46,16,4.238095238095238
housewares,RS,2018-02,1597.99,21,4.2727272727272725
housewares,RS,2018-03,4347.36,23,3.230769230769231
housewares,RS,2018-04,2705.4700000000003,20,4.333333333333333
housewares,RS,2018-05,13683.31,32,4.065217391304348
housewares,RS,2018-06,5073.599999999999,24,3.8275862068965516
housewares,RS,2018-07,10791.92,32,3.7708333333333335
housewares,RS,2018-08,5580.21,30,4.444444444444445
housewares,SC,2017-01,704.0500000000001,2,5.0
housewares,SC,2017-02,177.68,1,4.0
housewares,SC,2017-03,459.66,5,3.3333333333333335
housewares,SC,2017-04,1026.33,8,4.375
housewares,SC,2017-05,1887.71,16,3.764705882352941
housewares,SC,2017-06,1257.6499999999999,13,3.6666666666666665
housewares,SC,2017-07,3176.4700000000003,11,4.3
housewares,SC,2017-08,1457.3,8,4.1
housewares,SC,2017-09,568.51,8,4.0
housewares,SC,2017-10,1380.6499999999999,11,4.076923076923077
housewares,SC,2017-11,1127.71,10,4.833333333333333
housewares,SC,2017-12,1172.04,6,4.0
housewares,SC,2018-01,3856.18,19,3.68
housewares,SC,2018-02,2204.2,13,3.1333333333333333
housewares,SC,2018-03,817.61,12,3.8333333333333335
housewares,SC,2018-04,1257.78,12,4.416666666666667
housewares,SC,2018-05,4497.09,23,4.0344827586206895
housewares,SC,2018-06,6548.07,15,2.55
housewares,SC,2018-07,4593.219999999999,11,4.625
housewares,SC,2018-08,4980.52,20,4.619047619047619
housewares,SE,2017-03,443.92,1,5.0
housewares,SE,2017-05,118.1,1,5.0
housewares,SE,2017-07,208.74,1,5.0
housewares,SE,2017-12,204.84,1,2.0
housewares,SE,2018-04,99.96,1,3.0
housewares,SE,2018-05,432.36,1,1.0
housewares,SE,2018-07,506.79999999999995,2,4.666666666666667
housewares,SP,2016-10,1443.9299999999998,4,1.6666666666666667
housewares,SP,2017-01,1954.54,12,4.666666666666667
housewares,SP,2017-02,4412.82,28,3.7777777777777777
housewares,SP,2017-03,6971.46,80,4.125
housewares,SP,2017-04,9634.68,59,4.095238095238095
housewares,SP,2017-05,19929.9,110,4.298507462686567
housewares,SP,2017-06,14871.23,132,4.1875
housewares,SP,2017-07,17637.45,112,4.076923076923077
housewares,SP,2017-08,17349.23,110,4.032467532467533
housewares,SP,2017-09,13151.13,99,4.28125
housewares,SP,2017-10,13127.17,98,4.172131147540983
housewares,SP,2017-11,23462.35,168,4.122549019607843
housewares,SP,2017-12,17238.04,127,4.198675496688741
housewares,SP,2018-01,21015.83,150,4.172839506172839
housewares,SP,2018-02,24274.1,148,3.92896174863388
housewares,SP,2018-03,25591.11,149,4.146739130434782
housewares,SP,2018-04,31408.45,211,4.130952380952381
housewares,SP,2018-05,52455.27,242,4.420195439739413
housewares,SP,2018-06,37634.61,216,4.228373702422146
housewares,SP,2018-07,53326.51,228,4.050909090909091
housewares,SP,2018-08,39743.4,298,4.278260869565218
housewares,TO,2017-03,65.54,2,5.0
housewares,TO,2017-04,461.37,2,3.0
housewares,TO,2017-06,109.78,1,5.0
housewares,TO,2017-12,131.17000000000002,2,5.0
housewares,TO,2018-01,510.78,1,5.0
housewares,TO,2018-06,82.48,1,4.0
housewares,TO,2018-07,592.5,2,3.5
housewares,TO,2018-08,66.93,1,5.0
industry_commerce_and_business,AL,2018-04,272.76,1,3.0
industry_commerce_and_business,BA,2018-04,661.76,3,4.5
industry_commerce_and_business,BA,2018-06,167.71,1,5.0
industry_commerce_and_business,CE,2018-03,167.23,1,1.0
industry_commerce_and_business,CE,2018-06,132.83,1,5.0
industry_commerce_and_business,DF,2018-02,771.78,1,5.0
industry_commerce_and_business,DF,2018-04,554.84,2,5.0
industry_commerce_and_business,DF,2018-05,137.27,1,3.0
industry_commerce_and_business,DF,2018-06,192.82,1,5.0
industry_commerce_and_business,ES,2018-05,60.93,1,5.0
industry_commerce_and_business,ES,2018-06,162.68,1,4.0
industry_commerce_and_business,GO,2017-11,842.96,1,5.0
industry_commerce_and_business,GO,2018-01,502.43,2,5.0
industry_commerce_and_business,GO,2018-02,298.64,1,
industry_commerce_and_business,GO,2018-03,83.59,1,3.0
industry_commerce_and_business,GO,2018-06,128.35,1,4.0
industry_commerce_and_business,MA,2018-05,157.79,1,5.0
industry_commerce_and_business,MG,2017-08,152.28,1,3.0
industry_commerce_and_business,MG,2018-01,212.09,1,5.0
industry_commerce_and_business,MG,2018-02,870.5799999999999,4,3.5
industry_commerce_and_business,MG,2018-03,1083.16,4,2.4
industry_commerce_and_business,MG,2018-04,225.35,1,5.0
industry_commerce_and_business,MG,2018-05,254.94,2,3.5
industry_commerce_and_business,MG,2018-07,75.99,1,1.0
industry_commerce_and_business,MS,2017-08,113.4,1,4.0
industry_commerce_and_business,MT,2018-03,116.84,1,5.0
industry_commerce_and_business,MT,2018-04,131.8,1,4.0
industry_commerce_and_business,MT,2018-05,139.42,1,5.0
industry_commerce_and_business,PB,2017-07,236.12,1,5.0
industry_commerce_and_business,PB,2017-11,117.14,1,1.0
industry_commerce_and_business,PB,2018-07,3406.47,1,5.0
industry_commerce_and_business,PE,2017-10,425.85,1,5.0
industry_commerce_and_business,PE,2018-01,1243.62,1,1.0
industry_commerce_and_business,PE,2018-05,243.76999999999998,2,3.0
industry_commerce_and_business,PI,2017-08,778.27,1,5.0
industry_commerce_and_business,PI,2018-01,194.25,2,5.0
industry_commerce_and_business,PR,2017-06,187.38,1,4.0
industry_commerce_and_business,PR,2017-11,105.3,1,3.0
industry_commerce_and_business,PR,2018-02,489.2,2,2.3333333333333335
industry_commerce_and_business,PR,2018-04,875.8399999999999,5,4.333333333333333
industry_commerce_and_business,PR,2018-08,442.48,1,3.0
industry_commerce_and_business,RJ,2017-03,142.12,1,3.0
industry_commerce_and_business,RJ,2017-06,154.79,1,5.0
industry_commerce_and_business,RJ,2017-11,84.59,1,5.0
industry_commerce_and_business,RJ,2017-12,196.6,1,1.0
industry_commerce_and_business,RJ,2018-01,127.05,1,5.0
industry_commerce_and_business,RJ,2018-02,1477.21,5,3.8333333333333335
industry_commerce_and_business,RJ,2018-03,468.39000000000004,3,3.0
industry_commerce_and_business,RJ,2018-04,889.7700000000001,4,4.8
industry_commerce_and_business,RJ,2018-05,611.26,2,4.666666666666667
industry_commerce_and_business,RJ,2018-06,803.8399999999999,2,5.0
industry_commerce_and_business,RJ,2018-07,624.26,2,2.3333333333333335
industry_commerce_and_business,RN,2018-07,194.97,1,5.0
industry_commerce_and_business,RO,2018-01,127.9,1,4.0
industry_commerce_and_business,RS,2016-10,226.34,2,4.5
industry_commerce_and_business,RS,2017-10,210.6,2,4.5
industry_commerce_and_business,RS,2017-12,1420.1,4,3.75
industry_commerce_and_business,RS,2018-01,131.05,1,5.0
industry_commerce_and_business,RS,2018-02,789.97,3,4.2
industry_commerce_and_business,RS,2018-03,297.63,2,5.0
industry_commerce_and_business,RS,2018-05,2172.8,4,3.0
industry_commerce_and_business,RS,2018-06,120.03,1,4.0
industry_commerce_and_business,SC,2017-02,134.94,1,5.0
industry_commerce_and_business,SC,2017-09,125.51,1,5.0
industry_commerce_and_business,SC,2018-01,128.02,1,3.0
industry_commerce_and_business,SC,2018-03,316.78,3,4.5
industry_commerce_and_business,SC,2018-04,537.22,2,5.0
industry_commerce_and_business,SC,2018-05,202.55,1,4.0
industry_commerce_and_business,SC,2018-06,1299.3799999999999,3,4.2
industry_commerce_and_business,SC,2018-08,128.86,1,5.0
industry_commerce_and_business,SE,2018-03,208.96,1,5.0
industry_commerce_and_business,SE,2018-07,260.64,2,5.0
industry_commerce_and_business,SP,2016-10,414.44,1,4.0
industry_commerce_and_business,SP,2017-03,139.91,1,5.0
industry_commerce_and_business,SP,2017-05,552.22,2,3.0
industry_commerce_and_business,SP,2017-07,116.13,1,5.0
industry_commerce_and_business,SP,2017-09,126.2,1,5.0
industry_commerce_and_business,SP,2017-10,1831.73,2,5.0
industry_commerce_and_business,SP,2017-11,1200.59,3,4.666666666666667
industry_commerce_and_business,SP,2017-12,393.15999999999997,4,4.5
industry_commerce_and_business,SP,2018-01,2521.16,6,3.6666666666666665
industry_commerce_and_business,SP,2018-02,2513.52,13,4.6875
industry_commerce_and_business,SP,2018-03,1779.27,10,4.083333333333333
industry_commerce_and_business,SP,2018-04,4531.5199999999995,29,4.0
industry_commerce_and_business,SP,2018-05,2712.68,20,4.318181818181818
industry_commerce_and_business,SP,2018-06,2314.13,10,4.166666666666667
industry_commerce_and_business,SP,2018-07,1141.5,5,4.6
industry_commerce_and_business,SP,2018-08,2393.9500000000003,7,4.0
industry_commerce_and_business,TO,2018-07,128.63,1,5.0
kitchen_dining_laundry_garden_furniture,AL,2017-04,393.76,1,2.0
kitchen_dining_laundry_garden_furniture,BA,2017-01,128.2,1,5.0
kitchen_dining_laundry_garden_furniture,BA,2017-06,67.59,1,4.0
kitchen_dining_laundry_garden_furniture,BA,2017-10,71.63,1,5.0
kitchen_dining_laundry_garden_furniture,CE,2018-01,221.8,1,3.0
kitchen_dining_laundry_garden_furniture,DF,2017-09,229.69,1,5.0
kitchen_dining_laundry_garden_furniture,DF,2017-11,569.44,2,2.0
kitchen_dining_laundry_garden_furniture,DF,2018-07,904.1,2,4.0
kitchen_dining_laundry_garden_furniture,ES,2017-03,66.94,1,5.0
kitchen_dining_laundry_garden_furniture,GO,2017-12,303.92,1,5.0
kitchen_dining_laundry_garden_furniture,GO,2018-05,680.2,1,1.0
kitchen_dining_laundry_garden_furniture,MG,2017-04,619.07,1,5.0
kitchen_dining_laundry_garden_furniture,MG,2017-05,42.18,1,1.0
kitchen_dining_laundry_garden_furniture,MG,2017-07,473.4,3,5.0
kitchen_dining_laundry_garden_furniture,MG,2017-08,370.92,1,4.0
kitchen_dining_laundry_garden_furniture,MG,2017-10,321.03,2,4.5
kitchen_dining_laundry_garden_furniture,MG,2017-11,244.73,1,5.0
kitchen_dining_laundry_garden_furniture,MG,2017-12,538.5,3,4.333333333333333
kitchen_dining_laundry_garden_furniture,MG,2018-01,816.34,2,5.0
kitchen_dining_laundry_garden_furniture,MG,2018-02,650.28,4,4.0
kitchen_dining_laundry_garden_furniture,MG,2018-03,241.45999999999998,2,4.5
kitchen_dining_laundry_garden_furniture,MG,2018-04,409.66,2,5.0
kitchen_dining_laundry_garden_furniture,MG,2018-05,201.24,1,5.0
kitchen_dining_laundry_garden_furniture,MG,2018-06,651.16,2,4.0
kitchen_dining_laundry_garden_furniture,MG,2018-07,51.15,1,5.0
kitchen_dining_laundry_garden_furniture,MG,2018-08,203.18,1,5.0
kitchen_dining_laundry_garden_furniture,MT,2017-10,801.84,1,3.0
kitchen_dining_laundry_garden_furniture,MT,2018-06,316.84,1,1.0
kitchen_dining_laundry_garden_furniture,PA,2017-06,86.8,1,5.0
kitchen_dining_laundry_garden_furniture,PB,2017-11,660.39,1,4.0
kitchen_dining_laundry_garden_furniture,PE,2017-10,255.0,1,4.0
kitchen_dining_laundry_garden_furniture,PE,2017-12,450.24,1,4.0
kitchen_dining_laundry_garden_furniture,PE,2018-02,90.82,1,5.0
kitchen_dining_laundry_garden_furniture,PE,2018-03,571.48,1,1.0
kitchen_dining_laundry_garden_furniture,PR,2017-10,2881.27,2,4.0
kitchen_dining_laundry_garden_furniture,PR,2017-11,373.93,3,4.666666666666667
kitchen_dining_laundry_garden_furniture,PR,2018-03,154.96,1,4.0
kitchen_dining_laundry_garden_furniture,PR,2018-04,99.04,1,3.0
kitchen_dining_laundry_garden_furniture,PR,2018-06,75.1,1,1.0
kitchen_dining_laundry_garden_furniture,PR,2018-07,1285.3600000000001,2,5.0
kitchen_dining_laundry_garden_furniture,PR,2018-08,1109.07,2,5.0
kitchen_dining_laundry_garden_furniture,RJ,2017-02,46.99,1,5.0
kitchen_dining_laundry_garden_furniture,RJ,2017-03,102.11,2,3.5
kitchen_dining_laundry_garden_furniture,RJ,2017-04,205.46,2,4.0
kitchen_dining_laundry_garden_furniture,RJ,2017-05,811.0899999999999,3,5.0
kitchen_dining_laundry_garden_furniture,RJ,2017-07,756.8399999999999,3,3.6666666666666665
kitchen_dining_laundry_garden_furniture,RJ,2017-10,850.66,4,2.0
kitchen_dining_laundry_garden_furniture,RJ,2017-11,845.6700000000001,3,4.0
kitchen_dining_laundry_garden_furniture,RJ,2017-12,390.32,1,3.0
kitchen_dining_laundry_garden_furniture,RJ,2018-01,460.8,3,3.3333333333333335
kitchen_dining_laundry_garden_furniture,RJ,2018-02,889.06,2,3.6666666666666665
kitchen_dining_laundry_garden_furniture,RJ,2018-03,225.83,2,2.5
kitchen_dining_laundry_garden_furniture,RJ,2018-04,1933.62,3,5.0
kitchen_dining_laundry_garden_furniture,RJ,2018-05,209.2,1,1.0
kitchen_dining_laundry_garden_furniture,RJ,2018-06,1513.61,5,3.823529411764706
kitchen_dining_laundry_garden_furniture,RJ,2018-07,810.52,3,5.0
kitchen_dining_laundry_garden_furniture,RJ,2018-08,1055.1799999999998,5,4.4
kitchen_dining_laundry_garden_furniture,RN,2017-02,131.34,1,3.0
kitchen_dining_laundry_garden_furniture,RN,2017-11,294.19,1,1.0
kitchen_dining_laundry_garden_furniture,RS,2017-04,86.82,1,5.0
kitchen_dining_laundry_garden_furniture,RS,2017-11,702.05,3,4.0
kitchen_dining_laundry_garden_furniture,RS,2017-12,135.56,1,5.0
kitchen_dining_laundry_garden_furniture,RS,2018-01,998.2099999999999,3,4.333333333333333
kitchen_dining_laundry_garden_furniture,RS,2018-04,162.75,1,4.0
kitchen_dining_laundry_garden_furniture,RS,2018-06,311.34,1,5.0
kitchen_dining_laundry_garden_furniture,RS,2018-07,196.45,1,5.0
kitchen_dining_laundry_garden_furniture,RS,2018-08,75.1,1,5.0
kitchen_dining_laundry_garden_furniture,SC,2017-11,276.0,1,5.0
kitchen_dining_laundry_garden_furniture,SC,2017-12,407.19,1,5.0
kitchen_dining_laundry_garden_furniture,SC,2018-01,292.28999999999996,2,4.5
kitchen_dining_laundry_garden_furniture,SC,2018-03,85.99,1,5.0
kitchen_dining_laundry_garden_furniture,SC,2018-04,72.86,1,5.0
kitchen_dining_laundry_garden_furniture,SP,2017-04,173.86999999999998,3,4.333333333333333
kitchen_dining_laundry_garden_furniture,SP,2017-05,783.94,5,4.2
kitchen_dining_laundry_garden_furniture,SP,2017-06,388.20000000000005,2,5.0
kitchen_dining_laundry_garden_furniture,SP,2017-07,972.6999999999999,3,4.5
kitchen_dining_laundry_garden_furniture,SP,2017-08,860.37,6,3.4285714285714284
kitchen_dining_laundry_garden_furniture,SP,2017-09,372.97,4,3.75
kitchen_dining_laundry_garden_furniture,SP,2017-10,638.94,3,3.3333333333333335
kitchen_dining_laundry_garden_furniture,SP,2017-11,4066.23,13,4.0
kitchen_dining_laundry_garden_furniture,SP,2017-12,5255.37,8,3.4545454545454546
kitchen_dining_laundry_garden_furniture,SP,2018-01,3545.2,9,4.9
kitchen_dining_laundry_garden_furniture,SP,2018-02,5757.72,10,4.076923076923077
kitchen_dining_laundry_garden_furniture,SP,2018-03,2322.2999999999997,5,4.6
kitchen_dining_laundry_garden_furniture,SP,2018-04,1890.1599999999999,10,3.7
kitchen_dining_laundry_garden_furniture,SP,2018-05,3313.58,7,4.333333333333333
kitchen_dining_laundry_garden_furniture,SP,2018-06,7102.01,12,2.764705882352941
kitchen_dining_laundry_garden_furniture,SP,2018-07,1993.94,12,4.615384615384615
kitchen_dining_laundry_garden_furniture,SP,2018-08,1038.66,11,3.909090909090909
kitchen_dining_laundry_garden_furniture,SP,2018-09,166.46,1,1.0
kitchen_dining_laundry_garden_furniture,TO,2018-04,214.61,1,5.0
la_cuisine,GO,2017-11,299.54,1,
la_cuisine,MG,2017-07,155.18,1,5.0
la_cuisine,MG,2017-10,160.83,1,5.0
la_cuisine,RS,2017-05,232.19,1,5.0
la_cuisine,RS,2017-07,284.45000000000005,2,5.0
la_cuisine,SC,2017-07,119.6,1,5.0
la_cuisine,SC,2018-03,426.7,1,4.0
la_cuisine,SP,2017-04,63.25,1,1.0
la_cuisine,SP,2017-08,373.52,2,5.0
la_cuisine,SP,2018-01,130.03,1,5.0
la_cuisine,SP,2018-04,668.24,1,1.0
luggage_accessories,AC,2017-07,361.27,1,5.0
luggage_accessories,AC,2018-01,105.14,1,3.0
luggage_accessories,AL,2017-07,861.76,2,3.6666666666666665
luggage_accessories,AL,2017-08,136.5,1,5.0
luggage_accessories,AL,2018-01,381.76,1,1.0
luggage_accessories,AL,2018-02,198.14,1,1.0
luggage_accessories,AM,2017-08,380.44,1,5.0
luggage_accessories,AM,2018-01,371.19,1,2.0
luggage_accessories,BA,2017-02,72.71,1,3.0
luggage_accessories,BA,2017-03,360.81,1,5.0
luggage_accessories,BA,2017-04,196.57,1,1.0
luggage_accessories,BA,2017-05,680.98,2,3.5
luggage_accessories,BA,2017-06,503.27,4,3.75
luggage_accessories,BA,2017-08,448.44000000000005,2,3.0
luggage_accessories,BA,2017-09,148.74,2,4.4
luggage_accessories,BA,2017-10,281.31,3,4.0
luggage_accessories,BA,2017-11,407.7,3,4.666666666666667
luggage_accessories,BA,2018-02,570.78,6,3.857142857142857
luggage_accessories,BA,2018-03,233.4,3,5.0
luggage_accessories,BA,2018-05,427.4,3,4.333333333333333
luggage_accessories,BA,2018-07,193.06,1,5.0
luggage_accessories,CE,2017-02,76.74,1,5.0
luggage_accessories,CE,2017-04,125.55,1,3.0
luggage_accessories,CE,2017-05,131.47,1,5.0
luggage_accessories,CE,2017-06,445.49,2,5.0
luggage_accessories,CE,2017-07,196.35,1,5.0
luggage_accessories,CE,2017-08,558.74,4,5.0
luggage_accessories,CE,2017-10,744.27,2,5.0
luggage_accessories,CE,2017-11,496.36,3,3.0
luggage_accessories,CE,2017-12,476.79,2,4.0
luggage_accessories,CE,2018-01,138.15,1,3.0
luggage_accessories,CE,2018-03,1553.6100000000001,2,3.6666666666666665
luggage_accessories,CE,2018-06,457.64,1,5.0
luggage_accessories,DF,2017-02,124.43,1,4.0
luggage_accessories,DF,2017-06,120.87,1,2.0
luggage_accessories,DF,2017-08,206.49,2,4.5
luggage_accessories,DF,2017-09,197.72,2,3.5
luggage_accessories,DF,2017-11,309.28,1,5.0
luggage_accessories,DF,2018-01,756.99,4,4.0
luggage_accessories,DF,2018-02,325.14,2,1.0
luggage_accessories,DF,2018-03,55.27,1,5.0
luggage_accessories,DF,2018-04,327.77,3,4.666666666666667
luggage_accessories,DF,2018-05,729.76,3,4.666666666666667
luggage_accessories,DF,2018-07,168.95,1,5.0
luggage_accessories,DF,2018-08,210.20999999999998,2,4.0
luggage_accessories,ES,2017-04,166.65,1,4.0
luggage_accessories,ES,2017-07,134.94,1,2.0
luggage_accessories,ES,2017-08,169.56,2,4.0
luggage_accessories,ES,2017-10,397.77,3,4.0
luggage_accessories,ES,2017-11,1039.15,2,3.0
luggage_accessories,ES,2017-12,103.73,1,5.0
luggage_accessories,ES,2018-01,1102.65,2,5.0
luggage_accessories,ES,2018-03,63.23,1,5.0
luggage_accessories,ES,2018-04,269.32,1,5.0
luggage_accessories,ES,2018-08,140.1,1,4.0
luggage_accessories,GO,2017-03,145.71,1,3.0
luggage_accessories,GO,2017-05,574.02,3,5.0
luggage_accessories,GO,2017-06,354.76,2,4.0
luggage_accessories,GO,2017-07,126.89,1,5.0
luggage_accessories,GO,2017-08,360.29,1,5.0
luggage_accessories,GO,2017-10,96.8,1,5.0
luggage_accessories,GO,2017-11,323.68,1,1.0
luggage_accessories,GO,2017-12,64.1,1,5.0
luggage_accessories,GO,2018-01,41.09,1,5.0
luggage_accessories,MA,2017-06,134.83,1,5.0
luggage_accessories,MA,2017-07,196.35,1,3.0
luggage_accessories,MA,2017-08,435.23,1,1.0
luggage_accessories,MA,2017-09,108.73,1,5.0
luggage_accessories,MA,2017-12,382.14,1,5.0
luggage_accessories,MA,2018-03,177.88,1,1.0
luggage_accessories,MA,2018-04,292.06,1,4.0
luggage_accessories,MA,2018-08,138.34,1,5.0
luggage_accessories,MG,2017-01,323.78999999999996,2,5.0
luggage_accessories,MG,2017-02,246.75,3,4.444444444444445
luggage_accessories,MG,2017-03,2099.29,10,4.7
luggage_accessories,MG,2017-04,444.40999999999997,3,4.666666666666667
luggage_accessories,MG,2017-05,2955.5099999999998,10,4.181818181818182
luggage_accessories,MG,2017-06,1396.71,8,4.625
luggage_accessories,MG,2017-07,1249.0,10,4.6
luggage_accessories,MG,2017-08,1441.52,11,4.615384615384615
luggage_accessories,MG,2017-09,1257.13,9,5.0
luggage_accessories,MG,2017-10,734.84,7,4.75
luggage_accessories,MG,2017-11,977.31,8,4.777777777777778
luggage_accessories,MG,2017-12,1046.97,7,3.75
luggage_accessories,MG,2018-01,5214.1900000000005,23,4.428571428571429
luggage_accessories,MG,2018-02,1710.5700000000002,8,4.222222222222222
luggage_accessories,MG,2018-03,859.86,8,4.125
luggage_accessories,MG,2018-04,2177.43,15,4.5
luggage_accessories,MG,2018-05,1159.81,7,3.875
luggage_accessories,MG,2018-06,957.57,8,4.0
luggage_accessories,MG,2018-07,1632.25,12,4.846153846153846
luggage_accessories,MG,2018-08,1327.38,7,4.0
luggage_accessories,MS,2017-07,242.93,2,4.0
luggage_accessories,MS,2017-09,136.3,1,5.0
luggage_accessories,MS,2017-10,104.73,1,5.0
luggage_accessories,MS,2018-01,472.82,2,3.5
luggage_accessories,MS,2018-02,323.87,1,4.0
luggage_accessories,MS,2018-07,110.0,1,5.0
luggage_accessories,MS,2018-08,218.21,1,5.0
luggage_accessories,MT,2017-03,191.82,1,5.0
luggage_accessories,MT,2017-06,279.38,1,5.0
luggage_accessories,MT,2017-10,117.92,1,3.0
luggage_accessories,MT,2017-12,278.73,2,4.5
luggage_accessories,MT,2018-04,247.75,2,4.5
luggage_accessories,MT,2018-05,243.36,1,5.0
luggage_accessories,PA,2017-05,138.94,1,5.0
luggage_accessories,PA,2017-06,547.99,2,5.0
luggage_accessories,PA,2017-10,321.49,1,5.0
luggage_accessories,PA,2018-07,888.3100000000001,3,4.666666666666667
luggage_accessories,PB,2017-04,75.73,1,5.0
luggage_accessories,PB,2017-07,201.35000000000002,2,4.5
luggage_accessories,PB,2017-10,364.64,1,5.0
luggage_accessories,PB,2018-01,90.9,1,5.0
luggage_accessories,PB,2018-02,331.41,1,5.0
luggage_accessories,PB,2018-06,267.74,1,5.0
luggage_accessories,PE,2017-02,75.73,1,4.0
luggage_accessories,PE,2017-03,385.61,1,5.0
luggage_accessories,PE,2017-07,136.14,1,2.0
luggage_accessories,PE,2017-08,267.23,2,3.5
luggage_accessories,PE,2017-10,521.97,2,5.0
luggage_accessories,PE,2017-11,84.57,1,5.0
luggage_accessories,PE,2018-01,138.15,1,5.0
luggage_accessories,PE,2018-04,251.35,2,4.5
luggage_accessories,PE,2018-07,515.05,2,5.0
luggage_accessories,PI,2017-06,179.35,1,1.0
luggage_accessories,PI,2017-11,163.58,1,5.0
luggage_accessories,PI,2018-02,307.76,2,1.0
luggage_accessories,PI,2018-08,214.58,1,1.0
luggage_accessories,PR,2017-02,751.94,2,4.0
luggage_accessories,PR,2017-04,688.8199999999999,2,4.333333333333333
luggage_accessories,PR,2017-05,512.47,4,4.0
luggage_accessories,PR,2017-06,245.35,1,5.0
luggage_accessories,PR,2017-07,799.72,5,4.6
luggage_accessories,PR,2017-08,66.82,1,4.0
luggage_accessories,PR,2017-09,465.74,6,4.833333333333333
luggage_accessories,PR,2017-10,255.44,1,5.0
luggage_accessories,PR,2017-11,287.18,3,4.666666666666667
luggage_accessories,PR,2017-12,116.36,1,4.0
luggage_accessories,PR,2018-01,677.3000000000001,5,5.0
luggage_accessories,PR,2018-02,438.43,4,4.0
luggage_accessories,PR,2018-03,629.93,4,4.25
luggage_accessories,PR,2018-04,1380.04,2,5.0
luggage_accessories,PR,2018-05,256.75,2,3.5
luggage_accessories,PR,2018-06,356.61,2,5.0
luggage_accessories,PR,2018-07,290.63,2,4.5
luggage_accessories,PR,2018-08,112.39,2,5.0
luggage_accessories,RJ,2017-01,102.69,1,4.0
luggage_accessories,RJ,2017-02,69.04,1,5.0
luggage_accessories,RJ,2017-03,1144.8300000000002,5,4.428571428571429
luggage_accessories,RJ,2017-04,1517.29,8,4.857142857142857
luggage_accessories,RJ,2017-05,1127.92,6,4.142857142857143
luggage_accessories,RJ,2017-06,1647.56,9,4.222222222222222
luggage_accessories,RJ,2017-07,1272.35,8,4.142857142857143
luggage_accessories,RJ,2017-08,1018.64,6,4.857142857142857
luggage_accessories,RJ,2017-09,333.0,3,3.6666666666666665
luggage_accessories,RJ,2017-10,696.79,4,4.333333333333333
luggage_accessories,RJ,2017-11,1480.35,9,3.6666666666666665
luggage_accessories,RJ,2017-12,759.96,4,3.75
luggage_accessories,RJ,2018-01,2115.7599999999998,13,3.6153846153846154
luggage_accessories,RJ,2018-02,1262.78,5,4.2
luggage_accessories,RJ,2018-03,1212.26,6,2.8333333333333335
luggage_accessories,RJ,2018-04,915.73,7,5.0
luggage_accessories,RJ,2018-05,1185.75,3,4.0
luggage_accessories,RJ,2018-06,200.34,2,4.0
luggage_accessories,RJ,2018-07,378.71000000000004,4,4.75
luggage_accessories,RJ,2018-08,1868.1200000000001,13,4.285714285714286
luggage_accessories,RN,2017-10,470.01,1,4.0
luggage_accessories,RO,2017-05,92.28,1,5.0
luggage_accessories,RO,2017-06,366.6,1,5.0
luggage_accessories,RO,2017-07,164.71,1,5.0
luggage_accessories,RO,2017-11,455.37,1,4.0
luggage_accessories,RO,2017-12,288.38,1,2.0
luggage_accessories,RO,2018-06,231.37,1,5.0
luggage_accessories,RS,2017-02,497.94,4,4.5
luggage_accessories,RS,2017-03,1040.78,5,4.6
luggage_accessories,RS,2017-04,863.1700000000001,5,5.0
luggage_accessories,RS,2017-05,431.01,3,4.0
luggage_accessories,RS,2017-06,370.47,4,5.0
luggage_accessories,RS,2017-07,621.1,4,1.6666666666666667
luggage_accessories,RS,2017-08,294.15,2,5.0
luggage_accessories,RS,2017-09,192.88,2,5.0
luggage_accessories,RS,2017-10,112.89,1,4.0
luggage_accessories,RS,2017-11,612.9599999999999,4,4.25
luggage_accessories,RS,2017-12,112.89,1,5.0
luggage_accessories,RS,2018-01,1149.81,5,3.0
luggage_accessories,RS,2018-02,381.06,2,4.0
luggage_accessories,RS,2018-03,504.15000000000003,3,5.0
luggage_accessories,RS,2018-04,560.35,2,3.5
luggage_accessories,RS,2018-05,740.9300000000001,3,3.6666666666666665
luggage_accessories,RS,2018-07,624.77,6,4.166666666666667
luggage_accessories,SC,2017-03,764.74,2,5.0
luggage_accessories,SC,2017-04,218.0,2,5.0
luggage_accessories,SC,2017-05,1776.76,5,5.0
luggage_accessories,SC,2017-06,346.88,1,5.0
luggage_accessories,SC,2017-07,413.7,2,4.0
luggage_accessories,SC,2017-08,161.34,1,5.0
luggage_accessories,SC,2017-10,145.1,2,3.6666666666666665
luggage_accessories,SC,2017-11,417.61,4,4.5
luggage_accessories,SC,2017-12,147.15,1,5.0
luggage_accessories,SC,2018-01,388.24,3,3.3333333333333335
luggage_accessories,SC,2018-02,399.86,2,3.6666666666666665
luggage_accessories,SC,2018-03,178.8,1,5.0
luggage_accessories,SC,2018-05,272.40000000000003,2,5.0
luggage_accessories,SC,2018-06,976.42,2,5.0
luggage_accessories,SC,2018-07,162.42000000000002,2,2.0
luggage_accessories,SC,2018-08,417.82,3,4.666666666666667
luggage_accessories,SE,2017-08,156.28,1,4.0
luggage_accessories,SE,2017-10,142.05,1,5.0
luggage_accessories,SE,2018-01,75.59,1,5.0
luggage_accessories,SP,2017-01,277.8,1,5.0
luggage_accessories,SP,2017-02,561.36,6,5.0
luggage_accessories,SP,2017-03,1804.07,9,4.416666666666667
luggage_accessories,SP,2017-04,4622.02,22,4.36
luggage_accessories,SP,2017-05,8194.51,27,4.205882352941177
luggage_accessories,SP,2017-06,3585.5,22,4.545454545454546
luggage_accessories,SP,2017-07,4010.52,31,4.625
luggage_accessories,SP,2017-08,3527.04,20,4.304347826086956
luggage_accessories,SP,2017-09,2097.5099999999998,15,4.444444444444445
luggage_accessories,SP,2017-10,2865.85,20,4.545454545454546
luggage_accessories,SP,2017-11,5586.95,24,4.419354838709677
luggage_accessories,SP,2017-12,4205.57,23,4.583333333333333
luggage_accessories,SP,2018-01,9934.71,58,4.292307692307692
luggage_accessories,SP,2018-02,1826.32,11,3.5454545454545454
luggage_accessories,SP,2018-03,3724.02,22,4.708333333333333
luggage_accessories,SP,2018-04,5294.55,18,4.291666666666667
luggage_accessories,SP,2018-05,5419.73,20,4.4
luggage_accessories,SP,2018-06,2745.65,19,4.571428571428571
luggage_accessories,SP,2018-07,2334.1,19,4.1
luggage_accessories,SP,2018-08,4246.22,33,4.457142857142857
luggage_accessories,TO,2017-04,347.89,1,4.0
luggage_accessories,TO,2017-05,111.33,1,4.0
market_place,AC,2017-08,88.27,1,4.0
market_place,AL,2017-02,50.7,1,5.0
market_place,AL,2018-03,481.04,1,1.0
market_place,AM,2017-11,202.06,1,5.0
market_place,BA,2017-04,2111.57,1,5.0
market_place,BA,2017-05,83.69,1,3.0
market_place,BA,2017-10,45.78,1,5.0
market_place,BA,2018-03,103.33,1,4.0
market_place,CE,2017-02,87.83,1,4.0
market_place,CE,2017-05,370.6,1,5.0
market_place,CE,2017-08,88.52,1,2.0
market_place,CE,2017-10,139.9,1,1.0
market_place,DF,2017-08,76.99,1,4.0
market_place,DF,2018-01,42.03,1,5.0
market_place,DF,2018-03,221.89,1,3.0
market_place,DF,2018-07,65.04,1,5.0
market_place,ES,2017-03,204.31,2,4.5
market_place,ES,2017-04,45.04,1,2.0
market_place,ES,2017-09,459.89,2,4.0
market_place,ES,2018-02,177.37,1,5.0
market_place,ES,2018-06,102.14,1,5.0
market_place,GO,2016-10,98.55000000000001,1,3.0
market_place,GO,2017-02,27.78,1,5.0
market_place,GO,2017-07,50.0,1,5.0
market_place,GO,2017-11,108.4,1,5.0
market_place,GO,2017-12,49.09,1,
market_place,GO,2018-02,1587.6000000000001,1,4.0
market_place,GO,2018-04,43.18,1,5.0
market_place,MA,2016-10,3751.2000000000003,1,5.0
market_place,MA,2017-02,51.99,1,5.0
market_place,MA,2017-07,184.7,1,5.0
market_place,MA,2017-08,63.14,1,1.0
market_place,MG,2016-10,72.6,1,5.0
market_place,MG,2017-02,185.91000000000003,2,5.0
market_place,MG,2017-03,261.01,2,4.5
market_place,MG,2017-04,301.54,4,4.714285714285714
market_place,MG,2017-05,261.98,2,4.5
market_place,MG,2017-06,153.06,2,4.0
market_place,MG,2017-07,196.01,1,1.0
market_place,MG,2017-08,668.87,2,4.666666666666667
market_place,MG,2017-10,67.10000000000001,2,4.5
market_place,MG,2017-11,147.06,1,3.0
market_place,MG,2017-12,136.0,1,5.0
market_place,MG,2018-01,118.61,2,5.0
market_place,MG,2018-03,614.1099999999999,3,4.666666666666667
market_place,MG,2018-04,163.36,2,4.5
market_place,MG,2018-05,303.43,3,4.25
market_place,MG,2018-07,83.36,1,4.0
market_place,MS,2018-01,150.19,1,1.0
market_place,MS,2018-06,108.11,1,4.0
market_place,MT,2017-02,380.75,1,5.0
market_place,MT,2017-03,112.49,1,4.0
market_place,MT,2017-07,79.68,1,4.0
market_place,MT,2018-01,103.33,1,4.0
market_place,MT,2018-05,110.26,1,3.0
market_place,PA,2017-01,87.83,1,4.0
market_place,PA,2017-04,87.73,1,5.0
market_place,PA,2017-05,39.62,1,5.0
market_place,PA,2017-06,104.91,1,5.0
market_place,PA,2017-08,296.51,1,4.0
market_place,PB,2017-10,764.0,1,5.0
market_place,PB,2017-11,97.04,1,5.0
market_place,PE,2017-02,408.44,1,4.0
market_place,PE,2017-08,156.20999999999998,2,4.5
market_place,PI,2017-02,140.0,1,1.0
market_place,PI,2017-09,64.14,1,4.0
market_place,PI,2017-12,108.73,1,5.0
market_place,PR,2016-10,112.52,1,5.0
market_place,PR,2017-02,94.52,2,3.0
market_place,PR,2017-06,127.92,1,5.0
market_place,PR,2017-08,134.2,2,5.0
market_place,PR,2017-09,75.07,1,5.0
market_place,PR,2018-02,792.9399999999999,6,3.7777777777777777
market_place,PR,2018-05,67.22,1,5.0
market_place,RJ,2016-10,338.68,1,1.0
market_place,RJ,2017-03,77.51,1,5.0
market_place,RJ,2017-04,594.95,5,2.6
market_place,RJ,2017-05,1092.6599999999999,5,4.833333333333333
market_place,RJ,2017-06,416.96,3,2.75
market_place,RJ,2017-08,432.2,4,4.4
market_place,RJ,2017-09,149.15,2,3.0
market_place,RJ,2017-10,76.99,1,5.0
market_place,RJ,2017-11,99.95,1,5.0
market_place,RJ,2018-02,140.04000000000002,2,3.0
market_place,RJ,2018-03,432.28000000000003,4,2.0
market_place,RJ,2018-04,203.56,3,4.0
market_place,RJ,2018-05,163.45,1,1.0
market_place,RJ,2018-07,71.39,1,5.0
market_place,RN,2017-07,176.2,2,4.333333333333333
market_place,RO,2017-11,209.48,1,5.0
market_place,RS,2017-02,79.04,1,2.0
market_place,RS,2017-03,336.56,2,5.0
market_place,RS,2017-04,710.94,3,3.6666666666666665
market_place,RS,2017-05,160.15,2,4.0
market_place,RS,2017-06,204.25,1,4.0
market_place,RS,2017-08,42.03,1,5.0
market_place,RS,2017-10,48.09,1,
market_place,RS,2017-12,27.1,1,5.0
market_place,RS,2018-02,158.26999999999998,2,4.5
market_place,RS,2018-04,230.7,3,4.333333333333333
market_place,RS,2018-05,120.44,2,5.0
market_place,RS,2018-08,236.57999999999998,2,5.0
market_place,SC,2017-02,95.72,1,4.0
market_place,SC,2017-03,269.95,2,4.0
market_place,SC,2017-04,206.44,1,4.0
market_place,SC,2017-05,206.99,1,5.0
market_place,SC,2017-07,151.45999999999998,2,4.0
market_place,SC,2017-08,346.5,2,4.5
market_place,SC,2017-11,45.0,1,5.0
market_place,SC,2018-02,248.01,2,4.0
market_place,SC,2018-04,57.34,1,5.0
market_place,SC,2018-07,57.55,1,5.0
market_place,SE,2017-01,45.4,1,4.0
market_place,SE,2017-11,392.1,1,3.0
market_place,SE,2018-08,195.53,1,4.0
market_place,SP,2016-10,582.3199999999999,2,5.0
market_place,SP,2017-01,414.99,4,3.5
market_place,SP,2017-02,1212.86,6,4.0
market_place,SP,2017-03,818.0899999999999,7,4.375
market_place,SP,2017-04,479.82,4,4.25
market_place,SP,2017-05,971.31,7,4.5
market_place,SP,2017-06,638.74,7,3.857142857142857
market_place,SP,2017-07,1022.2,5,3.2
market_place,SP,2017-08,223.2,4,4.25
market_place,SP,2017-09,601.37,5,4.0
market_place,SP,2017-10,418.26,3,3.0
market_place,SP,2017-11,1287.52,3,4.142857142857143
market_place,SP,2017-12,926.25,9,3.888888888888889
market_place,SP,2018-01,3271.79,7,4.333333333333333
market_place,SP,2018-02,1063.95,6,3.625
market_place,SP,2018-03,286.19,6,4.333333333333333
market_place,SP,2018-04,146.69,5,5.0
market_place,SP,2018-05,595.87,5,2.6666666666666665
market_place,SP,2018-06,468.54,5,3.6
market_place,SP,2018-08,675.86,5,3.2
market_place,TO,2017-05,80.52,1,4.0
music,AM,2018-05,38.95,1,4.0
music,CE,2018-04,169.64,1,1.0
music,DF,2018-06,65.83,1,4.0
music,GO,2018-04,1244.12,1,5.0
music,MG,2017-06,350.54,1,5.0
music,MG,2018-02,40.07,1,5.0
music,MG,2018-05,453.52,2,3.0
music,MG,2018-06,11.56,1,5.0
music,MG,2018-08,72.17,1,5.0
music,PR,2017-01,37.24,2,5.0
music,PR,2017-04,39.42,1,5.0
music,PR,2017-06,344.32,1,3.0
music,PR,2018-07,87.48,1,5.0
music,PR,2018-08,153.35,2,4.0
music,RJ,2017-03,42.51,1,5.0
music,RJ,2017-04,49.42,1,5.0
music,RJ,2017-07,350.54,1,3.0
music,RJ,2018-01,40.07,1,5.0
music,RJ,2018-04,194.85,2,5.0
music,RJ,2018-05,476.18,2,4.5
music,RS,2018-03,322.17,1,5.0
music,SP,2017-06,446.26,2,2.5
music,SP,2017-10,70.03,1,5.0
music,SP,2018-02,237.17000000000002,1,3.0
music,SP,2018-03,75.51,1,1.0
music,SP,2018-04,233.45,1,4.0
music,SP,2018-06,92.17,1,4.0
music,SP,2018-07,805.8,2,5.0
music,SP,2018-08,357.09000000000003,3,5.0
musical_instruments,AC,2018-01,79.28,1,4.0
musical_instruments,AL,2018-08,420.29,1,5.0
musical_instruments,AM,2017-11,517.2,1,5.0
musical_instruments,AP,2017-09,126.23,1,5.0
musical_instruments,AP,2018-01,222.71,1,5.0
musical_instruments,BA,2017-03,402.43,2,1.5
musical_instruments,BA,2017-06,2130.73,3,2.25
musical_instruments,BA,2017-07,330.41,2,3.0
musical_instruments,BA,2017-09,396.03,1,4.0
musical_instruments,BA,2017-10,3052.0600000000004,2,5.0
musical_instruments,BA,2017-11,99.7,1,5.0
musical_instruments,BA,2017-12,224.98,2,5.0
musical_instruments,BA,2018-01,1121.08,6,4.833333333333333
musical_instruments,BA,2018-02,55.78,1,5.0
musical_instruments,BA,2018-03,456.15000000000003,2,4.0
musical_instruments,BA,2018-06,4827.12,6,4.285714285714286
musical_instruments,BA,2018-07,46.35,1,2.0
musical_instruments,BA,2018-08,1350.3400000000001,4,4.25
musical_instruments,CE,2017-04,306.98,1,4.0
musical_instruments,CE,2018-01,994.1400000000001,2,5.0
musical_instruments,CE,2018-05,1891.63,1,3.0
musical_instruments,CE,2018-06,247.21,1,5.0
musical_instruments,CE,2018-07,161.91,2,4.0
musical_instruments,DF,2017-03,20.95,1,1.0
musical_instruments,DF,2017-08,383.83,1,5.0
musical_instruments,DF,2017-12,95.22,1,5.0
musical_instruments,DF,2018-03,114.25,1,5.0
musical_instruments,DF,2018-04,286.7,2,4.5
musical_instruments,DF,2018-05,380.93,2,5.0
musical_instruments,DF,2018-07,1720.36,2,2.5
musical_instruments,ES,2017-04,191.41,1,4.0
musical_instruments,ES,2017-05,371.68,3,5.0
musical_instruments,ES,2017-06,336.56,1,5.0
musical_instruments,ES,2017-07,193.41,2,3.0
musical_instruments,ES,2017-11,784.07,1,5.0
musical_instruments,ES,2017-12,200.7,2,4.0
musical_instruments,ES,2018-01,677.5600000000001,2,2.0
musical_instruments,ES,2018-03,2653.33,2,3.0
musical_instruments,ES,2018-04,67.23,1,5.0
musical_instruments,ES,2018-05,137.1,2,4.0
musical_instruments,ES,2018-07,328.01,2,4.5
musical_instruments,GO,2017-08,51.05,1,5.0
musical_instruments,GO,2017-09,544.9,1,3.0
musical_instruments,GO,2017-11,300.76,1,4.0
musical_instruments,GO,2018-04,506.01,2,4.5
musical_instruments,GO,2018-05,47.32,1,2.0
musical_instruments,GO,2018-06,149.5,1,5.0
musical_instruments,GO,2018-08,102.69999999999999,2,4.5
musical_instruments,MA,2017-03,459.8,1,1.0
musical_instruments,MA,2017-07,1172.26,1,5.0
musical_instruments,MA,2017-08,689.91,1,5.0
musical_instruments,MA,2017-12,738.28,3,4.0
musical_instruments,MA,2018-01,99.13,1,5.0
musical_instruments,MA,2018-04,1093.52,1,5.0
musical_instruments,MA,2018-05,79.52,1,5.0
musical_instruments,MG,2017-02,529.98,2,5.0
musical_instruments,MG,2017-03,32.51,1,5.0
musical_instruments,MG,2017-06,201.29000000000002,2,4.5
musical_instruments,MG,2017-07,828.72,2,5.0
musical_instruments,MG,2017-08,2154.54,8,4.0
musical_instruments,MG,2017-09,9907.18,4,5.0
musical_instruments,MG,2017-10,867.55,2,5.0
musical_instruments,MG,2017-11,5848.3,10,4.0
musical_instruments,MG,2017-12,2397.65,2,4.0
musical_instruments,MG,2018-01,2640.0,8,3.8
musical_instruments,MG,2018-02,1565.5,5,4.25
musical_instruments,MG,2018-03,3074.07,10,3.9
musical_instruments,MG,2018-04,2303.1600000000003,4,3.5
musical_instruments,MG,2018-05,2431.82,4,4.25
musical_instruments,MG,2018-06,1365.8,4,5.0
musical_instruments,MG,2018-07,81.46,1,5.0
musical_instruments,MG,2018-08,191.16000000000003,2,4.0
musical_instruments,MS,2017-11,418.04,1,5.0
musical_instruments,MS,2018-01,187.53,1,3.0
musical_instruments,MS,2018-02,262.49,2,5.0
musical_instruments,MS,2018-05,2707.73,2,5.0
musical_instruments,MS,2018-06,272.79,1,4.0
musical_instruments,MT,2017-11,139.98,1,3.0
musical_instruments,MT,2018-03,116.25,1,4.0
musical_instruments,MT,2018-05,2124.78,1,5.0
musical_instruments,MT,2018-07,3854.76,1,5.0
musical_instruments,MT,2018-08,97.69,1,5.0
musical_instruments,PA,2017-02,742.72,3,4.25
musical_instruments,PA,2017-05,710.8399999999999,2,4.5
musical_instruments,PA,2017-08,66.79,1,4.0
musical_instruments,PA,2017-09,285.45,1,5.0
musical_instruments,PA,2018-01,84.69,1,5.0
musical_instruments,PA,2018-06,473.2,1,4.0
musical_instruments,PB,2017-04,29.74,1,1.0
musical_instruments,PB,2017-10,856.95,1,5.0
musical_instruments,PB,2018-07,288.32,2,5.0
musical_instruments,PE,2017-04,447.33,1,5.0
musical_instruments,PE,2017-05,1944.86,1,5.0
musical_instruments,PE,2017-08,2065.35,1,2.0
musical_instruments,PE,2017-10,61.88,1,4.0
musical_instruments,PE,2018-01,108.86,1,4.0
musical_instruments,PE,2018-02,263.47,1,4.0
musical_instruments,PE,2018-04,627.49,2,3.0
musical_instruments,PE,2018-06,1095.5,2,4.0
musical_instruments,PE,2018-08,320.21,1,5.0
musical_instruments,PI,2017-06,475.2,1,5.0
musical_instruments,PI,2017-09,406.72,1,1.0
musical_instruments,PI,2017-11,94.1,1,1.0
musical_instruments,PI,2018-05,834.51,2,5.0
musical_instruments,PR,2017-07,1030.49,2,5.0
musical_instruments,PR,2017-08,90.17,1,4.0
musical_instruments,PR,2017-10,31.17,1,3.0
musical_instruments,PR,2017-11,859.79,3,4.75
musical_instruments,PR,2017-12,278.52,4,3.5
musical_instruments,PR,2018-01,90.66,1,2.0
musical_instruments,PR,2018-02,658.94,3,4.333333333333333
musical_instruments,PR,2018-03,411.76,1,5.0
musical_instruments,PR,2018-04,4163.92,4,4.75
musical_instruments,PR,2018-05,1130.9099999999999,5,5.0
musical_instruments,PR,2018-06,925.1899999999999,3,4.75
musical_instruments,PR,2018-07,2678.6,3,5.0
musical_instruments,PR,2018-08,305.29,3,5.0
musical_instruments,RJ,2017-02,82.61,1,4.0
musical_instruments,RJ,2017-03,513.51,1,5.0
musical_instruments,RJ,2017-04,1000.74,4,3.75
musical_instruments,RJ,2017-05,3651.27,6,3.375
musical_instruments,RJ,2017-06,443.33,1,4.0
musical_instruments,RJ,2017-07,777.14,4,5.0
musical_instruments,RJ,2017-08,1372.45,4,4.75
musical_instruments,RJ,2017-09,1195.08,3,3.6666666666666665
musical_instruments,RJ,2017-10,1255.27,4,3.75
musical_instruments,RJ,2017-11,2074.02,5,4.6
musical_instruments,RJ,2017-12,2639.41,7,3.1666666666666665
musical_instruments,RJ,2018-01,619.86,1,5.0
musical_instruments,RJ,2018-02,4232.59,5,2.5
musical_instruments,RJ,2018-03,956.88,7,3.2857142857142856
musical_instruments,RJ,2018-04,1309.86,11,4.615384615384615
musical_instruments,RJ,2018-05,1869.3200000000002,8,3.6666666666666665
musical_instruments,RJ,2018-06,283.09,2,5.0
musical_instruments,RJ,2018-08,88.78,2,4.0
musical_instruments,RN,2017-12,148.22,1,4.0
musical_instruments,RN,2018-04,329.06,1,5.0
musical_instruments,RO,2017-12,72.27,1,5.0
musical_instruments,RS,2017-05,1348.41,3,3.6666666666666665
musical_instruments,RS,2017-07,1014.6700000000001,2,5.0
musical_instruments,RS,2017-10,103.69,2,3.0
musical_instruments,RS,2017-11,352.51,4,3.25
musical_instruments,RS,2017-12,44.11,1,3.0
musical_instruments,RS,2018-01,2221.66,2,5.0
musical_instruments,RS,2018-02,442.62,3,4.0
musical_instruments,RS,2018-03,202.16,1,2.0
musical_instruments,RS,2018-04,542.64,2,5.0
musical_instruments,RS,2018-05,1414.6499999999999,4,5.0
musical_instruments,RS,2018-06,86.68,1,5.0
musical_instruments,RS,2018-07,2063.92,3,3.0
musical_instruments,RS,2018-08,610.25,2,3.5
musical_instruments,SC,2017-06,755.57,1,5.0
musical_instruments,SC,2017-08,434.1,2,5.0
musical_instruments,SC,2017-09,331.66,1,5.0
musical_instruments,SC,2017-11,4027.84,2,2.3333333333333335
musical_instruments,SC,2017-12,150.29,1,5.0
musical_instruments,SC,2018-01,816.02,3,4.666666666666667
musical_instruments,SC,2018-02,216.15,1,4.0
musical_instruments,SC,2018-03,77.29,1,4.0
musical_instruments,SC,2018-04,2133.45,5,4.166666666666667
musical_instruments,SC,2018-05,516.87,3,4.5
musical_instruments,SC,2018-06,168.14,1,4.0
musical_instruments,SC,2018-07,318.93,1,5.0
musical_instruments,SC,2018-08,311.92,2,4.5
musical_instruments,SE,2017-03,457.65,1,1.0
musical_instruments,SE,2017-12,155.36,1,5.0
musical_instruments,SE,2018-02,1242.54,1,5.0
musical_instruments,SP,2017-01,357.74,1,4.0
musical_instruments,SP,2017-02,1622.4399999999998,2,4.5
musical_instruments,SP,2017-03,354.38,2,5.0
musical_instruments,SP,2017-04,2138.07,8,4.0
musical_instruments,SP,2017-05,2787.44,4,4.944444444444445
musical_instruments,SP,2017-06,2304.7,8,3.6666666666666665
musical_instruments,SP,2017-07,4546.08,13,3.5294117647058822
musical_instruments,SP,2017-08,1023.27,4,2.7142857142857144
musical_instruments,SP,2017-09,2004.5800000000002,11,4.5
musical_instruments,SP,2017-10,3236.94,9,4.111111111111111
musical_instruments,SP,2017-11,4193.78,13,3.8461538461538463
musical_instruments,SP,2017-12,5007.13,14,4.066666666666666
musical_instruments,SP,2018-01,7218.639999999999,20,4.15
musical_instruments,SP,2018-02,3391.7,17,4.35
musical_instruments,SP,2018-03,5705.5199999999995,25,4.482758620689655
musical_instruments,SP,2018-04,8332.74,22,4.36
musical_instruments,SP,2018-05,5618.5,23,4.217391304347826
musical_instruments,SP,2018-06,8297.68,23,4.375
musical_instruments,SP,2018-07,3275.17,15,4.6875
musical_instruments,SP,2018-08,8256.62,19,4.45
musical_instruments,TO,2017-12,71.05,1,4.0
office_furniture,AL,2017-10,3112.55,1,4.0
office_furniture,AL,2018-01,398.63,1,5.0
office_furniture,AL,2018-05,218.52,1,5.0
office_furniture,AM,2017-09,184.29,1,5.0
office_furniture,AM,2018-01,83.05,1,3.0
office_furniture,BA,2017-01,137.6,1,5.0
office_furniture,BA,2017-02,371.89,2,3.0
office_furniture,BA,2017-03,516.88,1,4.0
office_furniture,BA,2017-04,560.26,3,4.0
office_furniture,BA,2017-05,292.64,2,3.0
office_furniture,BA,2017-06,1214.1000000000001,4,4.0
office_furniture,BA,2017-07,1724.76,9,4.333333333333333
office_furniture,BA,2017-08,458.59,1,1.0
office_furniture,BA,2017-09,619.84,3,4.666666666666667
office_furniture,BA,2017-10,1038.5700000000002,5,3.2
office_furniture,BA,2017-11,945.6400000000001,3,3.4
office_furniture,BA,2017-12,553.21,2,5.0
office_furniture,BA,2018-01,4333.04,5,3.909090909090909
office_furniture,BA,2018-02,30464.329999999998,7,2.727272727272727
office_furniture,BA,2018-03,433.71000000000004,2,2.3333333333333335
office_furniture,BA,2018-04,3466.66,2,3.4
office_furniture,BA,2018-05,6936.419999999999,4,4.777777777777778
office_furniture,BA,2018-06,118.81,1,2.0
office_furniture,BA,2018-07,353.26,2,3.5
office_furniture,BA,2018-08,1062.3,2,5.0
office_furniture,CE,2017-02,226.96,1,4.0
office_furniture,CE,2017-03,439.91999999999996,2,3.0
office_furniture,CE,2017-04,155.0,1,5.0
office_furniture,CE,2017-05,773.7,3,4.666666666666667
office_furniture,CE,2017-07,584.1,3,4.0
office_furniture,CE,2017-10,610.69,2,2.5
office_furniture,CE,2017-11,2026.85,3,2.2
office_furniture,CE,2018-02,215.33,1,3.0
office_furniture,CE,2018-03,3230.81,3,2.0
office_furniture,CE,2018-05,689.79,2,3.0
office_furniture,CE,2018-06,929.96,1,5.0
office_furniture,DF,2017-04,181.55,1,1.0
office_furniture,DF,2017-05,423.91999999999996,2,3.0
office_furniture,DF,2017-07,766.76,4,4.5
office_furniture,DF,2017-08,379.14,2,5.0
office_furniture,DF,2017-11,226.46,1,1.0
office_furniture,DF,2017-12,253.4,1,3.0
office_furniture,DF,2018-01,740.1600000000001,3,2.3333333333333335
office_furniture,DF,2018-03,160.22,1,5.0
office_furniture,DF,2018-04,192.18,1,3.0
office_furniture,DF,2018-05,153.27,1,5.0
office_furniture,DF,2018-07,407.34,2,4.5
office_furniture,ES,2016-10,783.22,1,3.0
office_furniture,ES,2017-02,367.77,2,3.0
office_furniture,ES,2017-03,317.06,2,5.0
office_furniture,ES,2017-04,640.62,1,4.0
office_furniture,ES,2017-06,147.8,1,4.0
office_furniture,ES,2017-08,582.7,2,5.0
office_furniture,ES,2017-10,1277.61,2,3.3333333333333335
office_furniture,ES,2017-11,996.6999999999999,3,4.333333333333333
office_furniture,ES,2018-01,330.46000000000004,2,3.0
office_furniture,ES,2018-03,468.25,1,5.0
office_furniture,ES,2018-04,2029.63,3,3.2
office_furniture,ES,2018-05,124.31,1,5.0
office_furniture,ES,2018-06,605.69,2,4.0
office_furniture,ES,2018-08,577.72,1,1.0
office_furniture,GO,2017-03,166.7,1,5.0
office_furniture,GO,2017-05,284.2,1,5.0
office_furniture,GO,2017-06,544.16,3,4.333333333333333
office_furniture,GO,2017-07,154.19,1,5.0
office_furniture,GO,2017-10,259.68,1,5.0
office_furniture,GO,2017-11,243.4,1,5.0
office_furniture,GO,2018-01,363.16,3,4.333333333333333
office_furniture,GO,2018-02,593.28,1,1.0
office_furniture,GO,2018-03,933.56,5,4.4
office_furniture,GO,2018-04,276.97,1,5.0
office_furniture,GO,2018-05,595.96,3,4.333333333333333
office_furniture,MA,2016-10,264.08,1,
office_furniture,MA,2017-05,187.91,1,5.0
office_furniture,MA,2017-06,229.92,1,1.0
office_furniture,MA,2017-07,1115.24,1,2.0
office_furniture,MA,2017-10,6118.5,1,3.0
office_furniture,MA,2018-01,891.4,2,3.6666666666666665
office_furniture,MA,2018-03,3273.5699999999997,3,4.333333333333333
office_furniture,MA,2018-04,228.21,1,5.0
office_furniture,MA,2018-05,387.7,1,3.0
office_furniture,MA,2018-06,372.67,1,3.0
office_furniture,MA,2018-07,315.75,1,1.0
office_furniture,MG,2016-10,159.35,1,1.0
office_furniture,MG,2017-01,278.07,1,2.0
office_furniture,MG,2017-02,4254.5199999999995,9,4.071428571428571
office_furniture,MG,2017-03,2903.57,10,3.4285714285714284
office_furniture,MG,2017-04,1585.77,4,3.0
office_furniture,MG,2017-05,824.72,4,3.5
office_furniture,MG,2017-06,2937.04,6,4.0
office_furniture,MG,2017-07,1501.8799999999999,8,3.5
office_furniture,MG,2017-08,1843.94,7,3.375
office_furniture,MG,2017-09,12684.869999999999,3,4.6
office_furniture,MG,2017-10,1797.36,7,3.857142857142857
office_furniture,MG,2017-11,3292.88,7,3.5555555555555554
office_furniture,MG,2017-12,747.29,5,3.6
office_furniture,MG,2018-01,4973.88,11,2.7142857142857144
office_furniture,MG,2018-02,2157.62,5,2.6
office_furniture,MG,2018-03,6133.92,23,3.3703703703703702
office_furniture,MG,2018-04,1626.51,7,3.2857142857142856
office_furniture,MG,2018-05,1678.47,5,4.166666666666667
office_furniture,MG,2018-06,1576.5600000000002,6,3.8333333333333335
office_furniture,MG,2018-07,753.0,3,4.0
office_furniture,MG,2018-08,2331.15,2,3.0
office_furniture,MS,2017-10,154.19,1,5.0
office_furniture,MS,2018-03,177.04,1,4.0
office_furniture,MS,2018-04,207.2,1,1.0
office_furniture,MS,2018-06,455.52,1,5.0
office_furniture,MT,2017-03,148.33,1,2.0
office_furniture,MT,2017-05,145.3,1,4.0
office_furniture,MT,2017-06,118.07,1,3.0
office_furniture,MT,2017-10,5317.639999999999,2,3.6666666666666665
office_furniture,MT,2017-11,1498.88,1,1.0
office_furniture,MT,2017-12,425.07,1,
office_furniture,MT,2018-01,271.63,1,5.0
office_furniture,MT,2018-02,311.97,2,4.0
office_furniture,MT,2018-05,252.12,2,4.5
office_furniture,MT,2018-06,1016.32,1,1.0
office_furniture,MT,2018-07,304.59,1,5.0
office_furniture,PA,2017-02,115.11,1,5.0
office_furniture,PA,2017-03,473.77,2,4.5
office_furniture,PA,2017-04,245.45,1,5.0
office_furniture,PA,2017-07,1096.76,2,2.5
office_furniture,PA,2017-08,614.19,2,4.5
office_furniture,PA,2017-11,2284.95,4,1.6666666666666667
office_furniture,PA,2018-01,200.33,1,2.0
office_furniture,PA,2018-03,893.65,3,3.6666666666666665
office_furniture,PA,2018-04,547.2,1,1.0
office_furniture,PA,2018-06,1268.59,3,2.5
office_furniture,PA,2018-07,208.79,1,3.0
office_furniture,PB,2017-03,155.0,1,1.0
office_furniture,PB,2017-04,185.6,1,3.0
office_furniture,PB,2017-10,178.25,1,5.0
office_furniture,PB,2018-02,2674.1900000000005,2,3.4
office_furniture,PB,2018-03,189.72,1,5.0
office_furniture,PB,2018-06,196.43,1,1.0
office_furniture,PE,2017-06,386.09000000000003,2,4.5
office_furniture,PE,2017-07,289.95,1,4.0
office_furniture,PE,2017-09,296.86,1,5.0
office_furniture,PE,2017-10,362.92999999999995,2,2.5
office_furniture,PE,2017-11,429.67,2,1.5
office_furniture,PE,2017-12,242.01999999999998,2,3.0
office_furniture,PE,2018-01,390.96000000000004,2,4.0
office_furniture,PE,2018-02,128.01,1,5.0
office_furniture,PE,2018-03,118.38,1,4.0
office_furniture,PE,2018-04,723.37,2,3.5
office_furniture,PE,2018-07,1957.2,1,1.0
office_furniture,PE,2018-08,572.29,2,5.0
office_furniture,PI,2017-03,345.15,1,4.0
office_furniture,PI,2017-07,165.51,1,1.0
office_furniture,PI,2017-08,229.92,1,5.0
office_furniture,PI,2018-01,325.75,1,5.0
office_furniture,PI,2018-05,710.85,4,3.0
office_furniture,PI,2018-06,177.93,1,5.0
office_furniture,PR,2017-02,4111.82,3,2.0
office_furniture,PR,2017-03,3640.04,3,3.0
office_furniture,PR,2017-04,1206.75,4,4.0
office_furniture,PR,2017-06,1601.8400000000001,2,5.0
office_furniture,PR,2017-07,1646.04,2,2.5
office_furniture,PR,2017-08,2741.71,2,2.75
office_furniture,PR,2017-09,480.80999999999995,2,4.5
office_furniture,PR,2017-10,815.69,3,5.0
office_furniture,PR,2017-11,2793.83,5,2.7142857142857144
office_furniture,PR,2017-12,161.65,1,4.0
office_furniture,PR,2018-01,5393.21,5,2.6666666666666665
office_furniture,PR,2018-02,1063.92,4,4.5
office_furniture,PR,2018-03,4386.74,6,4.777777777777778
office_furniture,PR,2018-04,13709.35,6,4.066666666666666
office_furniture,PR,2018-05,6543.08,2,1.4285714285714286
office_furniture,PR,2018-06,592.68,3,4.666666666666667
office_furniture,PR,2018-08,562.5,2,5.0
office_furniture,RJ,2017-01,224.98,1,1.0
office_furniture,RJ,2017-02,2634.3,12,3.5833333333333335
office_furniture,RJ,2017-03,2149.87,9,2.9
office_furniture,RJ,2017-04,2175.31,10,4.636363636363637
office_furniture,RJ,2017-05,2177.7799999999997,7,3.7777777777777777
office_furniture,RJ,2017-06,1175.96,6,4.285714285714286
office_furniture,RJ,2017-07,6654.28,16,4.25
office_furniture,RJ,2017-08,3527.48,12,3.769230769230769
office_furniture,RJ,2017-09,2518.37,8,4.468085106382978
office_furniture,RJ,2017-10,3413.2,11,3.5384615384615383
office_furniture,RJ,2017-11,21400.62,16,2.6666666666666665
office_furniture,RJ,2017-12,6170.63,9,2.2666666666666666
office_furniture,RJ,2018-01,6564.820000000001,17,3.4347826086956523
office_furniture,RJ,2018-02,8324.7,17,2.125
office_furniture,RJ,2018-03,15026.1,17,2.0625
office_furniture,RJ,2018-04,18942.190000000002,12,2.774193548387097
office_furniture,RJ,2018-05,2143.56,7,4.125
office_furniture,RJ,2018-06,3508.92,11,3.2142857142857144
office_furniture,RJ,2018-07,17525.86,18,3.806451612903226
office_furniture,RJ,2018-08,121.9,1,3.0
office_furniture,RN,2017-10,192.05,1,4.0
office_furniture,RN,2018-03,509.4,1,5.0
office_furniture,RN,2018-04,206.57,1,2.0
office_furniture,RN,2018-06,591.36,1,5.0
office_furniture,RN,2018-07,242.77,1,
office_furniture,RO,2017-02,169.99,1,5.0
office_furniture,RO,2017-11,172.09,1,1.0
office_furniture,RO,2018-01,1120.33,2,3.3333333333333335
office_furniture,RO,2018-04,388.38,1,5.0
office_furniture,RR,2018-03,434.76,1,4.0
office_furniture,RS,2017-01,951.92,1,1.0
office_furniture,RS,2017-02,427.18,2,5.0
office_furniture,RS,2017-03,974.4000000000001,3,3.0
office_furniture,RS,2017-04,691.72,4,4.75
office_furniture,RS,2017-05,493.32,3,3.3333333333333335
office_furniture,RS,2017-06,433.09000000000003,2,4.5
office_furniture,RS,2017-07,2652.2,7,3.8
office_furniture,RS,2017-08,767.12,4,4.5
office_furniture,RS,2017-10,285.71000000000004,2,3.0
office_furniture,RS,2017-11,734.4,3,4.666666666666667
office_furniture,RS,2017-12,616.61,2,3.5
office_furniture,RS,2018-01,1784.92,6,3.0
office_furniture,RS,2018-02,1394.92,5,4.4
office_furniture,RS,2018-03,2341.38,4,4.142857142857143
office_furniture,RS,2018-04,517.8,3,4.333333333333333
office_furniture,RS,2018-05,5329.360000000001,2,3.5
office_furniture,RS,2018-06,176.15,1,4.0
office_furniture,RS,2018-07,178.9,1,5.0
office_furniture,RS,2018-08,383.37,1,5.0
office_furniture,SC,2017-02,1147.3,2,1.6666666666666667
office_furniture,SC,2017-03,484.43,3,2.6666666666666665
office_furniture,SC,2017-04,678.99,2,4.666666666666667
office_furniture,SC,2017-05,5061.96,1,4.0
office_furniture,SC,2017-06,521.31,3,1.0
office_furniture,SC,2017-07,495.68,3,5.0
office_furniture,SC,2017-08,500.04,1,5.0
office_furniture,SC,2017-09,2501.08,3,2.0
office_furniture,SC,2017-10,206.84,1,5.0
office_furniture,SC,2017-11,764.97,2,4.0
office_furniture,SC,2017-12,731.45,2,4.0
office_furniture,SC,2018-01,1891.0,5,2.5714285714285716
office_furniture,SC,2018-02,664.24,1,4.0
office_furniture,SC,2018-03,3002.6,4,2.25
office_furniture,SC,2018-04,4465.97,2,5.0
office_furniture,SC,2018-05,2501.5099999999998,6,4.166666666666667
office_furniture,SC,2018-07,197.45,1,5.0
office_furniture,SE,2017-03,471.44,2,3.5
office_furniture,SE,2018-07,222.62,1,4.0
office_furniture,SP,2016-10,380.9,3,1.3333333333333333
office_furniture,SP,2017-01,1487.4299999999998,3,3.6
office_furniture,SP,2017-02,4039.6,17,3.6
office_furniture,SP,2017-03,10512.789999999999,19,3.111111111111111
office_furniture,SP,2017-04,6806.82,16,3.6363636363636362
office_furniture,SP,2017-05,8594.86,17,3.740740740740741
office_furniture,SP,2017-06,2467.42,14,4.071428571428571
office_furniture,SP,2017-07,11028.22,39,4.235294117647059
office_furniture,SP,2017-08,6744.4800000000005,12,3.7
office_furniture,SP,2017-09,14936.98,15,4.28125
office_furniture,SP,2017-10,38009.31,26,2.4634146341463414
office_furniture,SP,2017-11,7834.95,24,3.1
office_furniture,SP,2017-12,4014.02,14,3.888888888888889
office_furniture,SP,2018-01,13412.15,38,3.061224489795918
office_furniture,SP,2018-02,14645.47,25,3.4473684210526314
office_furniture,SP,2018-03,30112.079999999998,74,3.4086021505376345
office_furniture,SP,2018-04,16707.489999999998,43,3.8392857142857144
office_furniture,SP,2018-05,15999.99,41,4.0
office_furniture,SP,2018-06,11604.42,26,3.945945945945946
office_furniture,SP,2018-07,8134.81,31,3.588235294117647
office_furniture,SP,2018-08,5748.84,13,4.352941176470588
office_furniture,TO,2017-02,219.79,1,5.0
office_furniture,TO,2017-09,166.87,1,5.0
office_furniture,TO,2018-02,316.92,1,5.0
office_furniture,TO,2018-04,1721.84,1,5.0
office_furniture,TO,2018-05,218.64,1,5.0
party_supplies,DF,2018-08,269.73,1,5.0
party_supplies,ES,2018-05,58.23,1,5.0
party_supplies,ES,2018-08,40.76,1,5.0
party_supplies,GO,2018-05,175.84,1,1.0
party_supplies,MG,2017-11,602.58,1,4.0
party_supplies,MG,2018-03,417.23,1,1.0
party_supplies,MG,2018-04,160.52,1,1.0
party_supplies,MG,2018-08,116.93,1,5.0
party_supplies,PI,2018-03,292.88,1,5.0
party_supplies,PR,2017-12,273.27,1,5.0
party_supplies,PR,2018-08,83.22,1,5.0
party_supplies,RJ,2017-10,84.63,1,5.0
party_supplies,RJ,2017-11,29.84,1,5.0
party_supplies,RJ,2018-01,84.63,1,2.0
party_supplies,RJ,2018-03,137.0,1,3.0
party_supplies,RJ,2018-08,116.93,1,5.0
party_supplies,RS,2017-09,606.4,1,1.0
party_supplies,RS,2018-01,85.63,1,5.0
party_supplies,RS,2018-03,38.69,1,5.0
party_supplies,SC,2018-08,334.16,2,3.5
party_supplies,SP,2017-07,83.41,1,5.0
party_supplies,SP,2017-10,79.24,1,4.0
party_supplies,SP,2017-11,301.91999999999996,2,3.0
party_supplies,SP,2017-12,276.65,1,5.0
party_supplies,SP,2018-03,252.99,1,4.0
party_supplies,SP,2018-05,24.29,1,5.0
party_supplies,SP,2018-06,112.38,2,5.0
party_supplies,SP,2018-07,84.36,2,4.5
party_supplies,SP,2018-08,741.97,7,4.3
perfumery,AC,2017-03,81.88,1,4.0
perfumery,AC,2017-06,216.26,1,5.0
perfumery,AC,2017-07,82.42,1,5.0
perfumery,AL,2017-03,220.74,1,5.0
perfumery,AL,2017-04,393.24,2,4.666666666666667
perfumery,AL,2017-05,91.19,1,5.0
perfumery,AL,2017-09,78.19,1,1.0
perfumery,AL,2017-10,469.87,2,4.0
perfumery,AL,2017-11,148.04,1,5.0
perfumery,AL,2017-12,354.2,1,4.0
perfumery,AL,2018-01,150.34,1,1.0
perfumery,AL,2018-04,141.02,1,2.0
perfumery,AL,2018-06,172.25,1,5.0
perfumery,AM,2017-03,80.95,1,5.0
perfumery,AM,2018-07,68.03,1,5.0
perfumery,BA,2017-01,605.8399999999999,3,5.0
perfumery,BA,2017-02,528.16,2,4.0
perfumery,BA,2017-03,1190.4,5,4.4
perfumery,BA,2017-04,1794.56,4,5.0
perfumery,BA,2017-05,453.21999999999997,3,4.333333333333333
perfumery,BA,2017-06,338.22,2,2.5
perfumery,BA,2017-07,317.48,4,4.0
perfumery,BA,2017-08,402.01,4,4.75
perfumery,BA,2017-09,599.03,6,3.0
perfumery,BA,2017-10,720.6800000000001,5,4.5
perfumery,BA,2017-11,942.63,6,3.8333333333333335
perfumery,BA,2017-12,356.87,4,3.0
perfumery,BA,2018-01,144.55,2,4.333333333333333
perfumery,BA,2018-02,374.28,5,4.6
perfumery,BA,2018-03,241.9,3,5.0
perfumery,BA,2018-04,97.19,1,1.0
perfumery,BA,2018-05,422.7,3,4.333333333333333
perfumery,BA,2018-06,771.86,4,4.75
perfumery,BA,2018-07,893.98,8,4.75
perfumery,BA,2018-08,1064.27,6,4.333333333333333
perfumery,CE,2016-10,362.89,2,4.5
perfumery,CE,2017-03,673.19,2,2.0
perfumery,CE,2017-04,743.8299999999999,3,3.5
perfumery,CE,2017-06,898.88,3,4.666666666666667
perfumery,CE,2017-07,282.31,3,4.666666666666667
perfumery,CE,2017-08,2350.01,6,4.428571428571429
perfumery,CE,2017-09,617.27,4,3.75
perfumery,CE,2017-10,110.86,1,5.0
perfumery,CE,2017-11,421.55,3,3.6666666666666665
perfumery,CE,2017-12,948.96,8,4.25
perfumery,CE,2018-01,268.68,2,1.0
perfumery,CE,2018-02,396.57000000000005,2,3.0
perfumery,CE,2018-03,322.42,3,2.6666666666666665
perfumery,CE,2018-04,412.92,1,2.0
perfumery,CE,2018-05,350.74,2,5.0
perfumery,CE,2018-06,991.1,4,5.0
perfumery,CE,2018-07,1144.66,4,4.6
perfumery,CE,2018-08,134.58,1,5.0
perfumery,DF,2016-10,55.95,1,4.0
perfumery,DF,2017-03,136.83,1,3.0
perfumery,DF,2017-05,1042.48,7,4.375
perfumery,DF,2017-06,433.5,4,5.0
perfumery,DF,2017-07,294.46,4,4.2
perfumery,DF,2017-08,446.46000000000004,3,4.666666666666667
perfumery,DF,2017-09,507.52,3,4.666666666666667
perfumery,DF,2017-10,564.47,4,5.0
perfumery,DF,2017-11,1329.95,10,3.0
perfumery,DF,2017-12,374.04,4,4.0
perfumery,DF,2018-01,1065.61,6,4.142857142857143
perfumery,DF,2018-02,882.1,6,3.857142857142857
perfumery,DF,2018-03,55.92,1,4.0
perfumery,DF,2018-04,1663.37,8,4.0
perfumery,DF,2018-05,379.30999999999995,2,5.0
perfumery,DF,2018-06,501.39,3,1.0
perfumery,DF,2018-07,1226.97,7,4.6
perfumery,DF,2018-08,1540.02,8,5.0
perfumery,ES,2017-02,81.14,1,4.0
perfumery,ES,2017-03,151.13,1,3.0
perfumery,ES,2017-04,675.23,3,2.6666666666666665
perfumery,ES,2017-05,298.90999999999997,3,5.0
perfumery,ES,2017-06,860.84,5,3.3333333333333335
perfumery,ES,2017-07,354.41999999999996,2,2.3333333333333335
perfumery,ES,2017-08,348.68,2,5.0
perfumery,ES,2017-09,3228.08,9,2.263157894736842
perfumery,ES,2017-10,543.25,6,4.714285714285714
perfumery,ES,2017-11,1060.3700000000001,8,2.7777777777777777
perfumery,ES,2017-12,540.7,5,4.6
perfumery,ES,2018-01,25.7,1,5.0
perfumery,ES,2018-02,133.48,1,5.0
perfumery,ES,2018-03,225.32999999999998,2,3.0
perfumery,ES,2018-04,264.53,2,4.0
perfumery,ES,2018-05,715.77,4,3.75
perfumery,ES,2018-06,160.75,2,4.5
perfumery,ES,2018-07,177.08,2,4.0
perfumery,ES,2018-08,196.26,1,5.0
perfumery,GO,2016-10,631.9200000000001,2,5.0
perfumery,GO,2017-02,34.68,1,1.0
perfumery,GO,2017-03,517.0,2,2.3333333333333335
perfumery,GO,2017-04,540.3,3,4.5
perfumery,GO,2017-05,1365.9,3,4.857142857142857
perfumery,GO,2017-06,713.18,4,2.6666666666666665
perfumery,GO,2017-07,486.23,3,5.0
perfumery,GO,2017-08,97.1,2,4.0
perfumery,GO,2017-09,537.36,3,4.666666666666667
perfumery,GO,2017-10,409.85,5,4.8
perfumery,GO,2017-11,1841.27,13,3.466666666666667
perfumery,GO,2017-12,1187.8899999999999,10,3.4545454545454546
perfumery,GO,2018-01,529.08,3,4.25
perfumery,GO,2018-02,330.71,4,3.5
perfumery,GO,2018-03,450.89,5,2.4545454545454546
perfumery,GO,2018-04,815.31,5,4.4
perfumery,GO,2018-05,747.0699999999999,5,4.333333333333333
perfumery,GO,2018-06,258.90999999999997,2,5.0
perfumery,GO,2018-07,1229.31,7,4.777777777777778
perfumery,GO,2018-08,554.1700000000001,3,4.5
perfumery,MA,2017-01,336.56,1,5.0
perfumery,MA,2017-03,491.28,3,4.5
perfumery,MA,2017-04,414.26,2,5.0
perfumery,MA,2017-05,725.46,4,4.75
perfumery,MA,2017-06,668.65,2,5.0
perfumery,MA,2017-07,624.11,3,2.25
perfumery,MA,2017-08,106.38,1,4.0
perfumery,MA,2017-09,106.38,1,4.0
perfumery,MA,2017-10,334.91,3,3.3333333333333335
perfumery,MA,2017-11,181.55,1,5.0
perfumery,MA,2017-12,168.36,1,5.0
perfumery,MA,2018-01,173.77,1,5.0
perfumery,MA,2018-03,437.78999999999996,3,4.666666666666667
perfumery,MA,2018-04,197.29,1,5.0
perfumery,MA,2018-06,305.67,2,5.0
perfumery,MA,2018-07,288.27,1,5.0
perfumery,MG,2016-10,433.48,3,4.333333333333333
perfumery,MG,2017-01,812.56,4,5.0
perfumery,MG,2017-02,1811.27,8,4.4
perfumery,MG,2017-03,2008.71,11,4.666666666666667
perfumery,MG,2017-04,4022.69,17,3.55
perfumery,MG,2017-05,2260.94,9,3.8181818181818183
perfumery,MG,2017-06,3340.27,14,3.933333333333333
perfumery,MG,2017-07,1902.22,13,4.714285714285714
perfumery,MG,2017-08,2003.44,16,4.235294117647059
perfumery,MG,2017-09,2079.76,15,4.684210526315789
perfumery,MG,2017-10,2730.4700000000003,18,4.2727272727272725
perfumery,MG,2017-11,7545.610000000001,49,4.115384615384615
perfumery,MG,2017-12,4842.57,30,4.352941176470588
perfumery,MG,2018-01,3534.86,30,4.275862068965517
perfumery,MG,2018-02,2414.38,17,3.8947368421052633
perfumery,MG,2018-03,2136.17,19,4.173913043478261
perfumery,MG,2018-04,2559.38,20,4.428571428571429
perfumery,MG,2018-05,2599.31,17,4.411764705882353
perfumery,MG,2018-06,4406.44,22,4.666666666666667
perfumery,MG,2018-07,3187.07,20,4.0
perfumery,MG,2018-08,3684.78,27,4.321428571428571
perfumery,MS,2017-05,356.12,1,5.0
perfumery,MS,2017-06,44.69,1,5.0
perfumery,MS,2017-08,100.33,1,4.0
perfumery,MS,2017-09,28.09,1,1.0
perfumery,MS,2017-10,168.2,1,5.0
perfumery,MS,2017-11,97.12,1,4.0
perfumery,MS,2017-12,72.14,1,5.0
perfumery,MS,2018-01,417.71,4,4.833333333333333
perfumery,MS,2018-02,72.14,1,1.0
perfumery,MS,2018-03,70.16,1,1.0
perfumery,MS,2018-04,43.13,1,5.0
perfumery,MS,2018-06,847.51,3,4.75
perfumery,MS,2018-07,252.16000000000003,3,5.0
perfumery,MS,2018-08,209.36,1,5.0
perfumery,MT,2017-04,201.61,1,5.0
perfumery,MT,2017-05,384.61,3,4.666666666666667
perfumery,MT,2017-06,363.99,2,5.0
perfumery,MT,2017-09,291.32,1,5.0
perfumery,MT,2017-10,176.98000000000002,2,5.0
perfumery,MT,2017-12,1034.25,4,4.0
perfumery,MT,2018-01,316.19,3,3.75
perfumery,MT,2018-02,98.12,1,3.0
perfumery,MT,2018-03,986.04,1,1.0
perfumery,MT,2018-04,172.19,1,5.0
perfumery,MT,2018-06,374.3,1,5.0
perfumery,MT,2018-07,264.96,1,2.0
perfumery,MT,2018-08,62.11,1,5.0
perfumery,PA,2017-02,407.05,1,5.0
perfumery,PA,2017-03,94.88,1,5.0
perfumery,PA,2017-04,244.29,2,5.0
perfumery,PA,2017-05,335.71000000000004,3,4.666666666666667
perfumery,PA,2017-06,157.34,2,5.0
perfumery,PA,2017-07,820.0,1,5.0
perfumery,PA,2017-08,100.11,1,5.0
perfumery,PA,2017-10,433.71000000000004,3,5.0
perfumery,PA,2017-11,724.63,3,5.0
perfumery,PA,2017-12,788.53,4,4.25
perfumery,PA,2018-01,531.48,4,3.2
perfumery,PA,2018-02,967.0600000000001,3,4.833333333333333
perfumery,PA,2018-04,382.58000000000004,2,4.5
perfumery,PA,2018-06,221.08,1,5.0
perfumery,PA,2018-07,93.16,2,2.3333333333333335
perfumery,PB,2017-02,45.74,1,5.0
perfumery,PB,2017-03,600.4300000000001,3,5.0
perfumery,PB,2017-05,105.04,1,5.0
perfumery,PB,2017-06,424.62,3,4.333333333333333
perfumery,PB,2017-08,78.19,1,5.0
perfumery,PB,2017-10,496.1,2,4.0
perfumery,PB,2017-12,150.88,2,5.0
perfumery,PB,2018-02,269.35,1,5.0
perfumery,PB,2018-03,1027.92,2,3.5
perfumery,PB,2018-05,205.62,2,4.5
perfumery,PE,2016-10,273.77,1,5.0
perfumery,PE,2017-02,151.26,1,5.0
perfumery,PE,2017-03,169.92,1,5.0
perfumery,PE,2017-05,274.81,3,3.6666666666666665
perfumery,PE,2017-06,1287.43,6,4.714285714285714
perfumery,PE,2017-07,566.9100000000001,3,3.3333333333333335
perfumery,PE,2017-08,159.72,2,3.0
perfumery,PE,2017-10,327.92,3,2.3333333333333335
perfumery,PE,2017-11,1009.7,4,2.8
perfumery,PE,2017-12,449.98,3,3.0
perfumery,PE,2018-02,536.26,4,4.666666666666667
perfumery,PE,2018-03,775.16,5,4.0
perfumery,PE,2018-04,141.02,1,5.0
perfumery,PE,2018-05,565.64,3,3.0
perfumery,PE,2018-06,123.41,1,5.0
perfumery,PE,2018-07,1593.72,3,5.0
perfumery,PE,2018-08,321.44,3,4.666666666666667
perfumery,PI,2017-04,312.38,1,1.0
perfumery,PI,2017-05,165.37,1,5.0
perfumery,PI,2017-06,130.47,1,4.0
perfumery,PI,2017-07,106.38,1,5.0
perfumery,PI,2017-08,206.41,1,1.0
perfumery,PI,2017-09,184.57,2,4.5
perfumery,PI,2017-11,107.9,1,1.0
perfumery,PI,2018-01,35.14,1,1.0
perfumery,PI,2018-02,35.14,1,5.0
perfumery,PI,2018-03,196.07,1,1.0
perfumery,PI,2018-04,62.3,1,5.0
perfumery,PI,2018-06,922.4300000000001,2,3.0
perfumery,PI,2018-07,189.88,1,
perfumery,PI,2018-08,117.81,1,5.0
perfumery,PR,2017-02,847.1700000000001,5,3.4
perfumery,PR,2017-03,697.32,5,3.8
perfumery,PR,2017-04,435.60999999999996,2,4.0
perfumery,PR,2017-05,697.01,6,4.833333333333333
perfumery,PR,2017-06,939.5500000000001,6,3.4285714285714284
perfumery,PR,2017-07,476.2,3,2.75
perfumery,PR,2017-08,1845.79,4,5.0
perfumery,PR,2017-09,285.98,3,5.0
perfumery,PR,2017-10,1072.26,9,4.7272727272727275
perfumery,PR,2017-11,1996.4,14,4.3125
perfumery,PR,2017-12,1613.8000000000002,14,4.357142857142857
perfumery,PR,2018-01,805.53,11,4.75
perfumery,PR,2018-02,2273.71,16,4.5625
perfumery,PR,2018-03,707.5799999999999,7,4.0
perfumery,PR,2018-04,489.65999999999997,5,4.0
perfumery,PR,2018-05,419.0,3,5.0
perfumery,PR,2018-06,1124.51,6,4.375
perfumery,PR,2018-07,2860.85,15,4.7
perfumery,PR,2018-08,1492.48,4,4.6
perfumery,RJ,2016-10,2488.9900000000002,8,3.1818181818181817
perfumery,RJ,2017-01,1065.32,5,5.0
perfumery,RJ,2017-02,1862.3700000000001,10,4.545454545454546
perfumery,RJ,2017-03,4162.72,20,3.45
perfumery,RJ,2017-04,3868.7200000000003,14,4.25
perfumery,RJ,2017-05,2921.5,15,3.75
perfumery,RJ,2017-06,2856.91,20,3.75
perfumery,RJ,2017-07,2320.06,21,4.238095238095238
perfumery,RJ,2017-08,1976.1299999999999,19,4.363636363636363
perfumery,RJ,2017-09,2320.76,20,3.5714285714285716
perfumery,RJ,2017-10,3629.05,21,4.04
perfumery,RJ,2017-11,5361.61,35,3.5714285714285716
perfumery,RJ,2017-12,4020.34,27,3.4482758620689653
perfumery,RJ,2018-01,3667.8,28,3.78125
perfumery,RJ,2018-02,2747.96,23,4.269230769230769
perfumery,RJ,2018-03,3875.52,24,3.75
perfumery,RJ,2018-04,3543.6,21,4.222222222222222
perfumery,RJ,2018-05,5619.69,23,3.9615384615384617
perfumery,RJ,2018-06,4390.16,18,4.631578947368421
perfumery,RJ,2018-07,2167.37,15,4.8125
perfumery,RJ,2018-08,4638.65,28,4.333333333333333
perfumery,RN,2017-03,224.78,1,5.0
perfumery,RN,2017-04,319.44,1,5.0
perfumery,RN,2017-06,533.48,3,3.3333333333333335
perfumery,RN,2017-07,142.56,1,1.0
perfumery,RN,2017-08,305.57,1,5.0
perfumery,RN,2017-09,333.01,3,1.3333333333333333
perfumery,RN,2017-11,137.0,1,5.0
perfumery,RN,2017-12,177.34,1,5.0
perfumery,RN,2018-01,550.0,3,3.6666666666666665
perfumery,RN,2018-02,115.87,1,5.0
perfumery,RN,2018-03,213.33,1,5.0
perfumery,RN,2018-04,169.02,1,1.0
perfumery,RN,2018-06,714.49,3,2.3333333333333335
perfumery,RO,2017-01,125.09,1,2.0
perfumery,RO,2017-03,340.59,1,5.0
perfumery,RO,2017-04,382.88,1,3.0
perfumery,RO,2017-08,157.27,1,5.0
perfumery,RO,2018-05,448.16999999999996,2,5.0
perfumery,RR,2018-06,272.99,1,5.0
perfumery,RS,2016-10,270.75,1,5.0
perfumery,RS,2017-01,726.8299999999999,3,5.0
perfumery,RS,2017-02,716.98,4,4.857142857142857
perfumery,RS,2017-03,393.54,2,5.0
perfumery,RS,2017-04,412.89,3,4.666666666666667
perfumery,RS,2017-05,1605.18,6,4.625
perfumery,RS,2017-06,1263.6,5,3.8333333333333335
perfumery,RS,2017-07,894.89,9,4.7
perfumery,RS,2017-08,753.52,4,3.75
perfumery,RS,2017-09,1328.63,9,4.818181818181818
perfumery,RS,2017-10,975.07,8,3.7
perfumery,RS,2017-11,1354.8799999999999,13,4.6923076923076925
perfumery,RS,2017-12,1440.33,8,3.5555555555555554
perfumery,RS,2018-01,2484.83,17,4.352941176470588
perfumery,RS,2018-02,1993.36,13,3.923076923076923
perfumery,RS,2018-03,348.26,4,4.25
perfumery,RS,2018-04,1632.52,7,4.571428571428571
perfumery,RS,2018-05,2014.9,6,3.7142857142857144
perfumery,RS,2018-06,1737.1100000000001,7,4.714285714285714
perfumery,RS,2018-07,1289.19,7,4.428571428571429
perfumery,RS,2018-08,1662.4,10,4.8
perfumery,SC,2016-10,319.09,1,5.0
perfumery,SC,2017-01,747.96,2,5.0
perfumery,SC,2017-02,882.1199999999999,3,4.333333333333333
perfumery,SC,2017-03,1236.74,5,4.2
perfumery,SC,2017-04,601.37,4,3.25
perfumery,SC,2017-05,826.1700000000001,5,4.25
perfumery,SC,2017-06,343.56,4,3.090909090909091
perfumery,SC,2017-07,106.97,1,5.0
perfumery,SC,2017-08,325.6,4,3.5
perfumery,SC,2017-09,478.37,5,4.8
perfumery,SC,2017-10,220.37,4,4.5
perfumery,SC,2017-11,1753.3,13,4.066666666666666
perfumery,SC,2017-12,1060.58,9,4.111111111111111
perfumery,SC,2018-01,1050.21,8,3.4444444444444446
perfumery,SC,2018-02,1136.91,7,3.25
perfumery,SC,2018-03,378.83000000000004,4,4.2
perfumery,SC,2018-04,818.73,7,4.714285714285714
perfumery,SC,2018-05,1330.2,8,4.555555555555555
perfumery,SC,2018-06,2468.87,9,4.2727272727272725
perfumery,SC,2018-07,842.5400000000001,2,3.0
perfumery,SC,2018-08,1093.96,3,5.0
perfumery,SE,2017-01,80.77,1,5.0
perfumery,SE,2017-05,144.07,1,3.0
perfumery,SE,2017-06,729.14,1,2.0
perfumery,SE,2017-11,164.3,1,4.0
perfumery,SE,2018-01,75.63,1,5.0
perfumery,SE,2018-02,222.71,1,4.0
perfumery,SP,2016-10,2365.0,11,4.285714285714286
perfumery,SP,2017-01,1780.9199999999998,9,4.666666666666667
perfumery,SP,2017-02,1880.82,12,4.083333333333333
perfumery,SP,2017-03,9167.01,37,4.45945945945946
perfumery,SP,2017-04,7895.63,38,4.170731707317073
perfumery,SP,2017-05,11255.21,57,3.9682539682539684
perfumery,SP,2017-06,13301.619999999999,57,4.26984126984127
perfumery,SP,2017-07,6848.5,46,4.115384615384615
perfumery,SP,2017-08,5920.85,45,4.596153846153846
perfumery,SP,2017-09,7888.14,56,4.348484848484849
perfumery,SP,2017-10,8248.61,79,4.363636363636363
perfumery,SP,2017-11,13396.46,115,3.614864864864865
perfumery,SP,2017-12,13187.67,96,4.221153846153846
perfumery,SP,2018-01,10816.19,87,4.030927835051546
perfumery,SP,2018-02,13093.95,91,4.242718446601942
perfumery,SP,2018-03,14178.35,98,3.9345794392523366
perfumery,SP,2018-04,8912.72,72,4.125
perfumery,SP,2018-05,15889.46,100,4.271929824561403
perfumery,SP,2018-06,13352.9,74,4.219512195121951
perfumery,SP,2018-07,13123.75,75,4.6063829787234045
perfumery,SP,2018-08,15608.39,110,4.112068965517241
perfumery,TO,2017-05,241.03000000000003,2,4.0
perfumery,TO,2017-10,112.12,1,5.0
perfumery,TO,2017-11,169.49,1,4.0
perfumery,TO,2017-12,214.56,1,5.0
perfumery,TO,2018-03,269.61,2,4.5
perfumery,TO,2018-04,190.45,2,4.5
perfumery,TO,2018-06,1392.95,3,3.3333333333333335
pet_shop,AL,2017-07,300.36,1,3.0
pet_shop,AL,2017-09,1942.0,1,4.0
pet_shop,AL,2018-01,184.36,1,5.0
pet_shop,AM,2017-02,135.16,1,5.0
pet_shop,AM,2017-12,72.2,1,5.0
pet_shop,AM,2018-04,238.95,1,5.0
pet_shop,AM,2018-07,94.74,1,1.0
pet_shop,AP,2017-08,175.6,1,4.0
pet_shop,BA,2017-01,593.72,3,4.75
pet_shop,BA,2017-04,148.71,1,3.0
pet_shop,BA,2017-05,273.78,2,4.0
pet_shop,BA,2017-07,581.62,6,4.428571428571429
pet_shop,BA,2017-08,91.95,1,5.0
pet_shop,BA,2017-09,132.64,1,5.0
pet_shop,BA,2017-10,479.90000000000003,3,2.75
pet_shop,BA,2017-11,165.48,1,5.0
pet_shop,BA,2017-12,65.47,1,5.0
pet_shop,BA,2018-01,770.57,5,4.0
pet_shop,BA,2018-02,482.58000000000004,1,3.0
pet_shop,BA,2018-03,780.8,3,5.0
pet_shop,BA,2018-04,995.64,7,3.4285714285714284
pet_shop,BA,2018-05,590.44,4,3.5
pet_shop,BA,2018-06,729.0799999999999,4,4.75
pet_shop,BA,2018-07,1076.87,7,4.5
pet_shop,BA,2018-08,912.53,4,3.4
pet_shop,CE,2017-04,210.18,1,4.0
pet_shop,CE,2017-05,370.56,3,4.333333333333333
pet_shop,CE,2017-06,94.21,1,1.0
pet_shop,CE,2017-07,147.38,1,3.0
pet_shop,CE,2017-09,167.81,2,4.333333333333333
pet_shop,CE,2017-10,229.91,1,5.0
pet_shop,CE,2018-01,38.879999999999995,1,5.0
pet_shop,CE,2018-03,214.91,1,2.0
pet_shop,CE,2018-05,58.31,1,5.0
pet_shop,CE,2018-06,87.59,1,5.0
pet_shop,DF,2017-05,70.48,1,5.0
pet_shop,DF,2017-06,342.85,3,3.6666666666666665
pet_shop,DF,2017-08,197.39999999999998,2,5.0
pet_shop,DF,2017-10,296.66999999999996,2,5.0
pet_shop,DF,2017-11,186.48,2,5.0
pet_shop,DF,2017-12,286.76,2,5.0
pet_shop,DF,2018-01,1632.9,4,3.0
pet_shop,DF,2018-02,72.15,1,5.0
pet_shop,DF,2018-04,461.70000000000005,3,4.333333333333333
pet_shop,DF,2018-05,194.57,2,5.0
pet_shop,DF,2018-06,931.43,6,4.25
pet_shop,DF,2018-07,1981.8700000000001,4,4.857142857142857
pet_shop,DF,2018-08,512.5699999999999,3,4.333333333333333
pet_shop,ES,2017-01,123.04,1,4.0
pet_shop,ES,2017-03,105.79,1,5.0
pet_shop,ES,2017-06,32.09,1,5.0
pet_shop,ES,2017-07,197.24,2,2.3333333333333335
pet_shop,ES,2017-09,309.05,1,1.0
pet_shop,ES,2017-12,192.23000000000002,2,4.5
pet_shop,ES,2018-01,441.81000000000006,1,2.0
pet_shop,ES,2018-02,427.28999999999996,2,3.0
pet_shop,ES,2018-04,434.29,3,3.3333333333333335
pet_shop,ES,2018-05,213.03,1,5.0
pet_shop,ES,2018-06,895.8000000000001,1,5.0
pet_shop,ES,2018-07,73.05,1,4.0
pet_shop,ES,2018-08,427.81,4,4.0
pet_shop,GO,2017-03,145.48,1,3.0
pet_shop,GO,2017-04,76.02,1,5.0
pet_shop,GO,2017-06,92.19,2,4.5
pet_shop,GO,2017-07,780.6199999999999,3,4.5
pet_shop,GO,2017-08,445.37,2,4.5
pet_shop,GO,2017-10,338.94,2,2.5
pet_shop,GO,2017-11,113.13,1,5.0
pet_shop,GO,2017-12,216.03,2,5.0
pet_shop,GO,2018-02,274.47,1,4.0
pet_shop,GO,2018-03,1027.07,4,4.0
pet_shop,GO,2018-04,1565.53,2,2.5
pet_shop,GO,2018-05,357.44,1,1.0
pet_shop,GO,2018-07,608.15,2,4.333333333333333
pet_shop,GO,2018-08,139.02,1,5.0
pet_shop,MA,2017-04,343.89,2,5.0
pet_shop,MA,2017-08,156.16,1,5.0
pet_shop,MA,2017-09,188.32,1,5.0
pet_shop,MA,2017-10,115.92,1,3.0
pet_shop,MA,2017-12,78.69,1,3.0
pet_shop,MA,2018-01,177.52,1,4.0
pet_shop,MA,2018-07,294.29999999999995,2,5.0
pet_shop,MG,2017-02,1418.44,6,4.7
pet_shop,MG,2017-03,553.51,5,5.0
pet_shop,MG,2017-04,824.13,5,5.0
pet_shop,MG,2017-05,953.79,9,4.777777777777778
pet_shop,MG,2017-06,711.76,6,4.666666666666667
pet_shop,MG,2017-07,1068.75,8,4.222222222222222
pet_shop,MG,2017-08,1503.79,10,3.6
pet_shop,MG,2017-09,799.5699999999999,11,4.642857142857143
pet_shop,MG,2017-10,3511.87,9,4.181818181818182
pet_shop,MG,2017-11,2869.46,13,4.222222222222222
pet_shop,MG,2017-12,665.61,6,4.333333333333333
pet_shop,MG,2018-01,2353.5,11,4.5
pet_shop,MG,2018-02,1483.98,14,3.933333333333333
pet_shop,MG,2018-03,2640.7,12,2.7857142857142856
pet_shop,MG,2018-04,3261.44,20,4.24
pet_shop,MG,2018-05,1710.17,15,3.8125
pet_shop,MG,2018-06,7506.6,20,4.37037037037037
pet_shop,MG,2018-07,2815.13,13,4.555555555555555
pet_shop,MG,2018-08,8910.79,29,4.5625
pet_shop,MS,2017-01,170.36,1,5.0
pet_shop,MS,2017-02,60.05,1,4.0
pet_shop,MS,2017-04,267.03000000000003,2,5.0
pet_shop,MS,2017-11,118.17,1,4.0
pet_shop,MS,2017-12,323.08000000000004,2,4.5
pet_shop,MS,2018-01,98.99,1,5.0
pet_shop,MS,2018-02,638.19,2,4.333333333333333
pet_shop,MS,2018-03,213.6,2,1.0
pet_shop,MS,2018-04,754.13,4,4.2
pet_shop,MS,2018-05,733.4300000000001,3,2.75
pet_shop,MS,2018-06,383.31,2,4.5
pet_shop,MS,2018-07,95.64,1,5.0
pet_shop,MT,2017-02,259.06,1,5.0
pet_shop,MT,2017-04,836.02,1,5.0
pet_shop,MT,2017-07,46.82,1,1.0
pet_shop,MT,2017-09,143.22,1,5.0
pet_shop,MT,2017-11,396.29,2,5.0
pet_shop,MT,2018-01,209.46,1,5.0
pet_shop,MT,2018-03,162.9,1,2.0
pet_shop,MT,2018-05,266.86,2,5.0
pet_shop,MT,2018-06,534.54,2,3.5
pet_shop,MT,2018-07,915.12,2,4.5
pet_shop,PA,2017-03,159.74,1,5.0
pet_shop,PA,2017-05,349.87,1,5.0
pet_shop,PA,2017-06,117.62,1,4.0
pet_shop,PA,2017-08,903.5,2,2.3333333333333335
pet_shop,PA,2017-10,337.27,1,5.0
pet_shop,PA,2017-12,55.74,1,4.0
pet_shop,PA,2018-01,193.47,1,4.0
pet_shop,PA,2018-02,153.84,1,5.0
pet_shop,PA,2018-03,142.66,1,3.0
pet_shop,PA,2018-07,70.52,1,5.0
pet_shop,PB,2017-04,85.82,1,1.0
pet_shop,PB,2017-07,188.32,1,4.0
pet_shop,PB,2017-08,228.87,1,5.0
pet_shop,PB,2017-12,74.05,1,3.0
pet_shop,PB,2018-01,151.7,1,1.0
pet_shop,PB,2018-02,61.05,1,5.0
pet_shop,PB,2018-03,80.05,1,5.0
pet_shop,PB,2018-07,171.76,1,5.0
pet_shop,PE,2017-02,120.11,1,1.0
pet_shop,PE,2017-05,105.04,1,5.0
pet_shop,PE,2017-07,198.20999999999998,3,3.6666666666666665
pet_shop,PE,2017-08,100.7,1,3.0
pet_shop,PE,2017-09,215.99,2,4.0
pet_shop,PE,2017-10,466.81,1,5.0
pet_shop,PE,2017-11,652.2,4,4.0
pet_shop,PE,2017-12,630.95,1,2.0
pet_shop,PE,2018-01,154.08,1,1.0
pet_shop,PE,2018-03,274.24,1,5.0
pet_shop,PE,2018-04,359.34000000000003,3,3.6666666666666665
pet_shop,PE,2018-06,168.33,1,5.0
pet_shop,PE,2018-07,79.53,1,5.0
pet_shop,PE,2018-08,278.86,1,4.0
pet_shop,PI,2017-02,721.71,1,5.0
pet_shop,PI,2017-05,155.15,1,5.0
pet_shop,PI,2017-06,156.16,1,5.0
pet_shop,PI,2018-01,40.38,1,5.0
pet_shop,PI,2018-05,160.49,1,5.0
pet_shop,PI,2018-06,178.47,1,5.0
pet_shop,PI,2018-07,294.29,1,3.0
pet_shop,PR,2017-01,102.72,6,5.0
pet_shop,PR,2017-02,239.61,2,5.0
pet_shop,PR,2017-03,897.48,2,4.0
pet_shop,PR,2017-04,376.17999999999995,5,4.333333333333333
pet_shop,PR,2017-05,839.78,7,4.6
pet_shop,PR,2017-06,152.43,1,5.0
pet_shop,PR,2017-07,400.75,4,4.5
pet_shop,PR,2017-08,1617.24,4,3.5
pet_shop,PR,2017-09,76.17,1,4.0
pet_shop,PR,2017-10,820.75,4,2.3333333333333335
pet_shop,PR,2017-11,537.51,5,4.6
pet_shop,PR,2017-12,515.79,6,3.6666666666666665
pet_shop,PR,2018-01,134.05,1,1.0
pet_shop,PR,2018-02,851.31,8,4.875
pet_shop,PR,2018-03,709.14,5,2.5
pet_shop,PR,2018-04,869.15,6,4.5
pet_shop,PR,2018-05,534.36,2,5.0
pet_shop,PR,2018-06,601.3199999999999,5,4.333333333333333
pet_shop,PR,2018-07,532.55,3,3.3333333333333335
pet_shop,PR,2018-08,807.59,5,4.0
pet_shop,RJ,2016-10,127.86,1,4.0
pet_shop,RJ,2017-02,396.64,4,3.75
pet_shop,RJ,2017-03,3086.04,6,4.666666666666667
pet_shop,RJ,2017-04,2449.68,4,3.6666666666666665
pet_shop,RJ,2017-05,1020.65,11,4.153846153846154
pet_shop,RJ,2017-06,984.4300000000001,7,3.857142857142857
pet_shop,RJ,2017-07,1831.31,7,2.8181818181818183
pet_shop,RJ,2017-08,793.68,7,4.571428571428571
pet_shop,RJ,2017-09,1572.76,10,4.416666666666667
pet_shop,RJ,2017-10,787.45,7,4.142857142857143
pet_shop,RJ,2017-11,2402.95,10,4.083333333333333
pet_shop,RJ,2017-12,688.1,6,2.375
pet_shop,RJ,2018-01,1021.6500000000001,5,4.2
pet_shop,RJ,2018-02,1124.43,10,2.3
pet_shop,RJ,2018-03,2597.87,15,3.176470588235294
pet_shop,RJ,2018-04,2985.39,23,4.260869565217392
pet_shop,RJ,2018-05,1198.85,13,4.615384615384615
pet_shop,RJ,2018-06,3504.78,15,4.444444444444445
pet_shop,RJ,2018-07,2079.07,14,3.9285714285714284
pet_shop,RJ,2018-08,4498.95,24,3.9705882352941178
pet_shop,RN,2017-05,155.15,1,5.0
pet_shop,RN,2017-07,109.22,1,4.0
pet_shop,RN,2017-09,4375.9400000000005,2,4.166666666666667
pet_shop,RN,2017-11,960.94,2,4.5
pet_shop,RN,2017-12,101.77,1,4.0
pet_shop,RN,2018-04,162.63,1,5.0
pet_shop,RN,2018-06,201.12,1,5.0
pet_shop,RO,2017-03,121.15,1,1.0
pet_shop,RO,2017-04,309.11,2,4.5
pet_shop,RO,2017-07,91.05,1,5.0
pet_shop,RO,2017-08,61.7,1,5.0
pet_shop,RO,2017-11,323.82,1,5.0
pet_shop,RO,2018-04,213.83,1,2.0
pet_shop,RO,2018-08,263.51,1,5.0
pet_shop,RS,2016-10,116.16,1,5.0
pet_shop,RS,2017-02,325.74,4,4.75
pet_shop,RS,2017-03,648.96,5,4.8
pet_shop,RS,2017-04,228.8,2,2.0
pet_shop,RS,2017-05,3829.83,6,4.25
pet_shop,RS,2017-06,612.29,4,5.0
pet_shop,RS,2017-07,1152.67,5,3.4285714285714284
pet_shop,RS,2017-08,872.1500000000001,3,5.0
pet_shop,RS,2017-09,272.78,2,5.0
pet_shop,RS,2017-10,157.22,1,5.0
pet_shop,RS,2017-11,620.85,3,4.2
pet_shop,RS,2018-01,328.15999999999997,3,4.0
pet_shop,RS,2018-02,837.96,4,4.0
pet_shop,RS,2018-03,1312.5700000000002,9,4.0
pet_shop,RS,2018-04,398.33,5,3.6
pet_shop,RS,2018-05,912.71,6,4.0
pet_shop,RS,2018-06,885.88,6,4.25
pet_shop,RS,2018-07,1185.17,7,4.875
pet_shop,RS,2018-08,1679.2,8,4.916666666666667
pet_shop,SC,2017-02,512.44,5,5.0
pet_shop,SC,2017-03,3359.52,4,3.8333333333333335
pet_shop,SC,2017-04,207.89000000000001,2,4.0
pet_shop,SC,2017-05,449.76,6,4.166666666666667
pet_shop,SC,2017-06,346.65,2,5.0
pet_shop,SC,2017-07,490.21000000000004,4,4.75
pet_shop,SC,2017-08,430.30999999999995,4,4.75
pet_shop,SC,2017-09,208.57,1,5.0
pet_shop,SC,2017-10,377.5,4,4.75
pet_shop,SC,2017-11,385.07,4,4.0
pet_shop,SC,2017-12,347.45,3,5.0
pet_shop,SC,2018-01,1102.2,6,3.875
pet_shop,SC,2018-02,1071.18,4,2.6666666666666665
pet_shop,SC,2018-03,323.07000000000005,3,2.6666666666666665
pet_shop,SC,2018-04,442.59000000000003,2,4.0
pet_shop,SC,2018-05,363.57,4,4.5
pet_shop,SC,2018-06,1007.59,9,4.111111111111111
pet_shop,SC,2018-07,478.48,4,3.75
pet_shop,SC,2018-08,1619.03,8,4.625
pet_shop,SE,2017-02,134.77,1,5.0
pet_shop,SE,2017-08,53.79,1,5.0
pet_shop,SE,2017-12,81.38,1,5.0
pet_shop,SP,2016-10,531.84,2,4.333333333333333
pet_shop,SP,2017-01,547.04,2,1.6666666666666667
pet_shop,SP,2017-02,947.75,10,3.8181818181818183
pet_shop,SP,2017-03,2092.98,15,4.294117647058823
pet_shop,SP,2017-04,2190.17,16,3.8421052631578947
pet_shop,SP,2017-05,1933.55,17,4.473684210526316
pet_shop,SP,2017-06,3244.01,32,4.560975609756097
pet_shop,SP,2017-07,4064.7599999999998,23,3.7419354838709675
pet_shop,SP,2017-08,7068.21,35,4.297872340425532
pet_shop,SP,2017-09,3992.27,26,4.241379310344827
pet_shop,SP,2017-10,4402.95,28,4.0
pet_shop,SP,2017-11,6988.29,35,4.217391304347826
pet_shop,SP,2017-12,5231.08,34,4.388888888888889
pet_shop,SP,2018-01,6333.35,31,4.435897435897436
pet_shop,SP,2018-02,7861.45,40,4.4
pet_shop,SP,2018-03,8813.54,51,4.166666666666667
pet_shop,SP,2018-04,13686.58,72,4.226190476190476
pet_shop,SP,2018-05,8336.2,72,4.333333333333333
pet_shop,SP,2018-06,13880.66,76,4.419354838709677
pet_shop,SP,2018-07,15339.03,75,4.393258426966292
pet_shop,SP,2018-08,14836.15,79,4.479591836734694
pet_shop,TO,2017-04,108.83,1,5.0
pet_shop,TO,2018-01,135.92,1,5.0
pet_shop,TO,2018-03,129.0,1,4.0
pet_shop,TO,2018-06,62.04,1,4.0
security_and_services,DF,2017-09,115.45,1,1.0
security_and_services,RO,2017-01,209.06,1,4.0
signaling_and_security,BA,2017-05,40.1,1,5.0
signaling_and_security,BA,2017-10,133.25,1,5.0
signaling_and_security,BA,2018-01,45.78,1,5.0
signaling_and_security,BA,2018-05,47.06,1,3.0
signaling_and_security,BA,2018-06,344.07,1,5.0
signaling_and_security,BA,2018-07,258.56,1,5.0
signaling_and_security,DF,2018-02,167.82,1,5.0
signaling_and_security,DF,2018-03,153.96,1,5.0
signaling_and_security,DF,2018-06,75.58,1,5.0
signaling_and_security,DF,2018-08,341.33,1,5.0
signaling_and_security,ES,2017-05,1267.76,1,5.0
signaling_and_security,ES,2017-07,747.8,1,4.0
signaling_and_security,ES,2018-02,74.07,1,3.0
signaling_and_security,ES,2018-08,132.04,1,5.0
signaling_and_security,GO,2017-12,719.15,1,5.0
signaling_and_security,GO,2018-05,198.44,1,1.0
signaling_and_security,GO,2018-06,99.43,1,5.0
signaling_and_security,GO,2018-07,517.6500000000001,2,5.0
signaling_and_security,MG,2017-08,42.38,1,5.0
signaling_and_security,MG,2017-09,131.56,1,5.0
signaling_and_security,MG,2017-10,131.56,1,5.0
signaling_and_security,MG,2018-04,721.71,2,1.0
signaling_and_security,MG,2018-07,414.89000000000004,4,4.5
signaling_and_security,MG,2018-08,27.13,1,5.0
signaling_and_security,MS,2018-04,382.22,1,5.0
signaling_and_security,MT,2018-06,19457.04,1,3.0
signaling_and_security,PA,2018-07,774.1800000000001,1,4.0
signaling_and_security,PB,2018-07,17069.760000000002,1,5.0
signaling_and_security,PE,2018-04,309.2,1,5.0
signaling_and_security,PR,2017-06,186.95,1,4.0
signaling_and_security,PR,2017-11,51.89000000000001,1,1.0
signaling_and_security,PR,2018-01,149.23,1,4.0
signaling_and_security,RJ,2017-04,40.12,1,5.0
signaling_and_security,RJ,2017-06,158.45,1,3.0
signaling_and_security,RJ,2017-09,131.56,1,3.0
signaling_and_security,RJ,2017-10,264.13,2,4.0
signaling_and_security,RJ,2017-11,1419.84,1,1.0
signaling_and_security,RJ,2018-03,183.69,2,4.5
signaling_and_security,RJ,2018-04,1210.6,4,4.6
signaling_and_security,RJ,2018-06,367.58,3,4.666666666666667
signaling_and_security,RJ,2018-08,166.22,2,5.0
signaling_and_security,RN,2017-04,100.02,1,5.0
signaling_and_security,RS,2017-03,91.23,1,1.0
signaling_and_security,RS,2017-04,43.51,1,4.0
signaling_and_security,RS,2017-05,101.96,1,4.0
signaling_and_security,RS,2018-02,104.36,1,5.0
signaling_and_security,RS,2018-04,136.06,2,4.0
signaling_and_security,RS,2018-05,95.4,1,4.0
signaling_and_security,RS,2018-06,979.98,2,3.6666666666666665
signaling_and_security,RS,2018-07,321.78999999999996,2,4.666666666666667
signaling_and_security,RS,2018-08,629.4200000000001,3,3.5
signaling_and_security,SC,2017-08,144.65,1,2.0
signaling_and_security,SC,2018-02,497.6,1,3.0
signaling_and_security,SC,2018-05,670.64,1,5.0
signaling_and_security,SC,2018-06,152.56,1,5.0
signaling_and_security,SC,2018-07,99.65,1,4.0
signaling_and_security,SE,2018-03,438.84,1,3.0
signaling_and_security,SP,2017-07,310.89,4,5.0
signaling_and_security,SP,2017-08,256.44,2,5.0
signaling_and_security,SP,2017-09,645.23,3,4.857142857142857
signaling_and_security,SP,2017-10,574.96,3,4.333333333333333
signaling_and_security,SP,2017-11,267.62,1,1.0
signaling_and_security,SP,2017-12,123.29,1,5.0
signaling_and_security,SP,2018-01,1596.08,5,3.3333333333333335
signaling_and_security,SP,2018-02,773.46,6,3.75
signaling_and_security,SP,2018-03,578.23,3,3.75
signaling_and_security,SP,2018-04,1802.95,12,4.391304347826087
signaling_and_security,SP,2018-05,287.99,2,5.0
signaling_and_security,SP,2018-06,2932.2200000000003,8,3.9
signaling_and_security,SP,2018-07,2509.17,7,3.25
signaling_and_security,SP,2018-08,2066.1099999999997,8,4.615384615384615
small_appliances,AC,2017-09,100.91,1,5.0
small_appliances,BA,2017-03,131.12,1,5.0
small_appliances,BA,2017-06,562.86,2,3.0
small_appliances,BA,2017-07,639.31,4,3.75
small_appliances,BA,2017-09,34.72,1,5.0
small_appliances,BA,2018-01,86.8,1,5.0
small_appliances,BA,2018-02,86.8,1,5.0
small_appliances,BA,2018-03,660.09,2,2.5
small_appliances,BA,2018-04,1725.77,2,4.0
small_appliances,BA,2018-05,187.75,1,3.0
small_appliances,BA,2018-07,88.54,1,5.0
small_appliances,BA,2018-08,183.93,2,4.333333333333333
small_appliances,CE,2017-03,439.03,2,5.0
small_appliances,CE,2017-06,2734.11,1,1.0
small_appliances,CE,2017-09,982.85,1,4.0
small_appliances,CE,2017-10,65.79,1,5.0
small_appliances,CE,2017-11,76.33,1,5.0
small_appliances,CE,2017-12,796.94,1,1.0
small_appliances,CE,2018-01,333.54,1,5.0
small_appliances,DF,2017-02,856.9699999999999,2,4.5
small_appliances,DF,2017-03,2424.23,2,5.0
small_appliances,DF,2017-04,4194.76,1,2.0
small_appliances,DF,2017-05,186.57,1,5.0
small_appliances,DF,2017-07,505.87,2,5.0
small_appliances,DF,2017-08,116.94,1,5.0
small_appliances,DF,2017-09,121.78,1,3.0
small_appliances,DF,2017-11,1510.6299999999999,2,3.6666666666666665
small_appliances,DF,2017-12,65.1,1,1.0
small_appliances,DF,2018-01,423.32,2,5.0
small_appliances,DF,2018-05,75.29,1,4.0
small_appliances,DF,2018-06,1511.53,2,3.0
small_appliances,DF,2018-07,323.15999999999997,3,4.666666666666667
small_appliances,DF,2018-08,471.76,2,4.0
small_appliances,ES,2017-07,75.03,1,5.0
small_appliances,ES,2018-01,581.11,1,4.0
small_appliances,ES,2018-02,79.9,1,5.0
small_appliances,GO,2017-05,122.96,1,5.0
small_appliances,GO,2017-09,99.34,1,1.0
small_appliances,GO,2018-01,1945.06,3,4.0
small_appliances,GO,2018-02,50.01,1,5.0
small_appliances,GO,2018-06,479.94,2,2.3333333333333335
small_appliances,GO,2018-07,402.16,1,3.0
small_appliances,GO,2018-08,160.96,1,5.0
small_appliances,MA,2018-04,94.52,1,4.0
small_appliances,MA,2018-05,226.27,1,2.0
small_appliances,MG,2017-01,616.72,2,5.0
small_appliances,MG,2017-02,69.17,1,5.0
small_appliances,MG,2017-04,200.35,3,4.333333333333333
small_appliances,MG,2017-05,140.02,1,5.0
small_appliances,MG,2017-06,469.03999999999996,2,4.0
small_appliances,MG,2017-07,828.4300000000001,6,3.8333333333333335
small_appliances,MG,2017-08,528.9499999999999,4,4.75
small_appliances,MG,2017-09,2210.96,3,4.666666666666667
small_appliances,MG,2017-10,2526.73,5,4.0
small_appliances,MG,2017-11,183.76,2,4.0
small_appliances,MG,2018-01,2328.52,5,3.4
small_appliances,MG,2018-02,891.22,4,3.0
small_appliances,MG,2018-03,88.45,1,1.0
small_appliances,MG,2018-04,427.49,5,4.0
small_appliances,MG,2018-05,2377.59,6,4.428571428571429
small_appliances,MG,2018-06,5105.36,6,3.142857142857143
small_appliances,MG,2018-07,712.38,2,3.0
small_appliances,MG,2018-08,457.27,3,4.666666666666667
small_appliances,MS,2017-07,33.78,1,5.0
small_appliances,MS,2017-08,66.02,1,5.0
small_appliances,MS,2018-01,76.09,1,5.0
small_appliances,MS,2018-02,266.4,1,1.0
small_appliances,MS,2018-07,111.55,1,5.0
small_appliances,MT,2017-05,1790.44,2,5.0
small_appliances,MT,2017-08,35.82,1,4.0
small_appliances,MT,2017-11,206.63,1,5.0
small_appliances,MT,2017-12,618.75,1,5.0
small_appliances,MT,2018-01,891.0,1,5.0
small_appliances,MT,2018-03,657.05,1,5.0
small_appliances,PA,2017-02,386.6,1,5.0
small_appliances,PA,2017-03,754.56,1,5.0
small_appliances,PA,2017-04,128.62,1,4.0
small_appliances,PA,2017-08,1052.49,1,5.0
small_appliances,PA,2017-09,1278.83,2,2.5
small_appliances,PA,2018-01,223.88,1,4.0
small_appliances,PA,2018-07,170.44,1,4.0
small_appliances,PB,2017-11,455.11,1,5.0
small_appliances,PB,2018-03,226.27,1,5.0
small_appliances,PB,2018-04,673.25,1,5.0
small_appliances,PB,2018-05,928.7,1,5.0
small_appliances,PE,2017-07,51.14,1,2.0
small_appliances,PE,2018-02,249.84,1,4.0
small_appliances,PE,2018-07,814.37,1,1.0
small_appliances,PR,2017-01,117.27,1,5.0
small_appliances,PR,2017-02,743.19,2,5.0
small_appliances,PR,2017-03,250.33,2,5.0
small_appliances,PR,2017-05,688.15,2,4.5
small_appliances,PR,2017-06,911.65,1,5.0
small_appliances,PR,2017-07,261.16,1,5.0
small_appliances,PR,2017-08,332.95000000000005,3,4.75
small_appliances,PR,2017-09,916.02,1,5.0
small_appliances,PR,2017-10,581.7,3,4.333333333333333
small_appliances,PR,2017-12,206.06,1,5.0
small_appliances,PR,2018-01,1121.6399999999999,3,4.666666666666667
small_appliances,PR,2018-02,2047.82,2,3.0
small_appliances,PR,2018-03,256.58,2,4.0
small_appliances,PR,2018-04,588.37,5,4.285714285714286
small_appliances,PR,2018-05,1231.52,1,4.0
small_appliances,PR,2018-06,1319.66,4,5.0
small_appliances,PR,2018-07,582.72,3,5.0
small_appliances,PR,2018-08,265.59,2,5.0
small_appliances,RJ,2017-01,53.46,1,4.0
small_appliances,RJ,2017-02,1795.33,6,4.333333333333333
small_appliances,RJ,2017-03,1461.19,4,4.25
small_appliances,RJ,2017-04,9019.67,6,4.333333333333333
small_appliances,RJ,2017-05,1372.8,4,4.8
small_appliances,RJ,2017-06,214.35,2,3.0
small_appliances,RJ,2017-08,1796.35,7,4.25
small_appliances,RJ,2017-09,1055.47,4,3.4
small_appliances,RJ,2017-10,732.05,5,4.4
small_appliances,RJ,2017-11,1319.19,4,3.8
small_appliances,RJ,2017-12,1344.94,3,4.0
small_appliances,RJ,2018-01,4085.0499999999997,7,4.375
small_appliances,RJ,2018-02,163.70999999999998,2,3.0
small_appliances,RJ,2018-03,1398.48,2,4.0
small_appliances,RJ,2018-04,1652.17,11,4.705882352941177
small_appliances,RJ,2018-05,2024.8600000000001,5,4.8
small_appliances,RJ,2018-06,1357.32,7,4.142857142857143
small_appliances,RJ,2018-07,1876.54,3,5.0
small_appliances,RJ,2018-08,166.75,2,3.5
small_appliances,RN,2017-06,142.27,1,3.0
small_appliances,RN,2017-07,129.97,1,5.0
small_appliances,RN,2018-05,93.61,1,5.0
small_appliances,RO,2018-01,125.15,1,5.0
small_appliances,RS,2017-02,1136.44,3,5.0
small_appliances,RS,2017-03,1281.92,4,4.5
small_appliances,RS,2017-04,1069.04,1,4.0
small_appliances,RS,2017-06,126.59,1,2.0
small_appliances,RS,2017-07,125.52,1,3.0
small_appliances,RS,2017-08,35.01,1,1.0
small_appliances,RS,2017-09,842.4,1,5.0
small_appliances,RS,2017-10,1090.37,2,5.0
small_appliances,RS,2017-11,748.8799999999999,4,3.75
small_appliances,RS,2017-12,2158.71,2,4.5
small_appliances,RS,2018-01,1044.28,1,4.0
small_appliances,RS,2018-02,127.92,1,5.0
small_appliances,RS,2018-03,3068.0600000000004,4,2.6
small_appliances,RS,2018-04,2162.54,3,4.666666666666667
small_appliances,RS,2018-05,340.11,3,3.6666666666666665
small_appliances,RS,2018-06,2490.99,5,4.833333333333333
small_appliances,RS,2018-07,356.55,2,4.333333333333333
small_appliances,SC,2017-02,32.77,1,5.0
small_appliances,SC,2017-03,1827.0600000000002,2,5.0
small_appliances,SC,2017-04,184.93,1,1.0
small_appliances,SC,2017-06,402.32,1,5.0
small_appliances,SC,2017-08,115.94,1,5.0
small_appliances,SC,2017-10,379.02,3,4.5
small_appliances,SC,2017-11,1453.67,2,3.5
small_appliances,SC,2017-12,615.0899999999999,3,4.666666666666667
small_appliances,SC,2018-01,208.08,1,5.0
small_appliances,SC,2018-02,66.6,1,4.0
small_appliances,SC,2018-03,1110.33,2,4.0
small_appliances,SC,2018-04,131.05,3,4.0
small_appliances,SC,2018-05,317.17,2,5.0
small_appliances,SC,2018-07,4279.24,3,4.0
small_appliances,SE,2017-09,104.8,1,5.0
small_appliances,SE,2017-10,91.5,1,5.0
small_appliances,SE,2018-08,1480.73,1,1.0
small_appliances,SP,2017-01,1000.8000000000001,2,4.5
small_appliances,SP,2017-02,3781.82,9,4.6
small_appliances,SP,2017-03,3463.69,13,4.714285714285714
small_appliances,SP,2017-04,9439.960000000001,8,3.625
small_appliances,SP,2017-05,1916.0900000000001,5,4.166666666666667
small_appliances,SP,2017-06,4779.09,12,4.25
small_appliances,SP,2017-07,3578.0,15,3.3125
small_appliances,SP,2017-08,1132.22,12,4.266666666666667
small_appliances,SP,2017-09,4579.44,15,4.4
small_appliances,SP,2017-10,1967.34,10,4.4
small_appliances,SP,2017-11,3601.4,13,3.7857142857142856
small_appliances,SP,2017-12,3896.32,16,3.6470588235294117
small_appliances,SP,2018-01,4979.05,23,4.391304347826087
small_appliances,SP,2018-02,2428.82,15,4.823529411764706
small_appliances,SP,2018-03,8357.1,21,4.136363636363637
small_appliances,SP,2018-04,6538.29,30,4.393939393939394
small_appliances,SP,2018-05,7072.09,17,3.5833333333333335
small_appliances,SP,2018-06,10843.86,18,3.9
small_appliances,SP,2018-07,2856.2599999999998,15,4.523809523809524
small_appliances,SP,2018-08,4299.01,12,3.8181818181818183
small_appliances_home_oven_and_coffee,BA,2018-05,799.87,1,5.0
small_appliances_home_oven_and_coffee,BA,2018-07,917.8199999999999,2,4.5
small_appliances_home_oven_and_coffee,DF,2018-02,793.09,1,5.0
small_appliances_home_oven_and_coffee,MG,2017-06,88.65,1,5.0
small_appliances_home_oven_and_coffee,MG,2018-04,1544.62,1,4.0
small_appliances_home_oven_and_coffee,MG,2018-05,644.34,1,4.0
small_appliances_home_oven_and_coffee,MG,2018-06,2045.47,1,5.0
small_appliances_home_oven_and_coffee,MG,2018-07,326.05,3,5.0
small_appliances_home_oven_and_coffee,MG,2018-08,342.53,3,5.0
small_appliances_home_oven_and_coffee,MS,2018-04,818.4,1,5.0
small_appliances_home_oven_and_coffee,MT,2018-04,836.7,1,3.0
small_appliances_home_oven_and_coffee,PE,2017-09,673.47,1,1.0
small_appliances_home_oven_and_coffee,PR,2018-02,797.62,1,4.0
small_appliances_home_oven_and_coffee,PR,2018-03,2686.25,2,5.0
small_appliances_home_oven_and_coffee,PR,2018-04,1533.62,1,5.0
small_appliances_home_oven_and_coffee,PR,2018-05,3674.84,2,3.0
small_appliances_home_oven_and_coffee,PR,2018-08,232.64999999999998,2,4.5
small_appliances_home_oven_and_coffee,RJ,2018-04,644.34,1,1.0
small_appliances_home_oven_and_coffee,RJ,2018-05,887.45,1,5.0
small_appliances_home_oven_and_coffee,RJ,2018-06,813.33,1,5.0
small_appliances_home_oven_and_coffee,RJ,2018-07,1770.84,3,5.0
small_appliances_home_oven_and_coffee,RJ,2018-08,116.79,1,5.0
small_appliances_home_oven_and_coffee,RO,2018-04,2114.63,1,5.0
small_appliances_home_oven_and_coffee,RS,2018-03,238.98,1,5.0
small_appliances_home_oven_and_coffee,RS,2018-08,326.36,2,5.0
small_appliances_home_oven_and_coffee,SC,2018-03,2960.05,1,4.0
small_appliances_home_oven_and_coffee,SC,2018-04,931.37,1,5.0
small_appliances_home_oven_and_coffee,SC,2018-05,885.99,1,5.0
small_appliances_home_oven_and_coffee,SC,2018-08,116.79,1,4.0
small_appliances_home_oven_and_coffee,SP,2017-08,133.86,2,2.0
small_appliances_home_oven_and_coffee,SP,2018-01,385.13,1,5.0
small_appliances_home_oven_and_coffee,SP,2018-02,1622.93,3,3.0
small_appliances_home_oven_and_coffee,SP,2018-03,2335.2,3,5.0
small_appliances_home_oven_and_coffee,SP,2018-04,4251.06,7,4.0
small_appliances_home_oven_and_coffee,SP,2018-05,3582.05,3,4.333333333333333
small_appliances_home_oven_and_coffee,SP,2018-06,813.33,1,5.0
small_appliances_home_oven_and_coffee,SP,2018-07,3169.5499999999997,6,4.857142857142857
small_appliances_home_oven_and_coffee,SP,2018-08,2278.8599999999997,8,3.75
small_appliances_home_oven_and_coffee,TO,2018-04,2094.44,1,5.0
sports_leisure,AC,2017-04,967.07,3,3.0
sports_leisure,AC,2017-06,167.36,1,5.0
sports_leisure,AC,2017-09,248.71,1,5.0
sports_leisure,AC,2017-10,327.48,2,2.5
sports_leisure,AC,2018-04,147.59,1,5.0
sports_leisure,AC,2018-07,213.33,1,5.0
sports_leisure,AL,2017-04,444.83000000000004,3,2.5
sports_leisure,AL,2017-05,134.2,1,4.0
sports_leisure,AL,2017-06,327.78999999999996,2,4.5
sports_leisure,AL,2017-07,169.6,1,5.0
sports_leisure,AL,2017-08,140.2,1,5.0
sports_leisure,AL,2017-09,530.06,2,2.5
sports_leisure,AL,2017-10,757.6,5,3.8
sports_leisure,AL,2017-11,192.82,3,5.0
sports_leisure,AL,2017-12,158.22,1,4.0
sports_leisure,AL,2018-01,827.35,5,3.6
sports_leisure,AL,2018-02,735.1199999999999,2,3.6666666666666665
sports_leisure,AL,2018-03,215.26999999999998,3,4.0
sports_leisure,AL,2018-04,230.75,1,5.0
sports_leisure,AL,2018-07,203.23,1,5.0
sports_leisure,AL,2018-08,102.53,1,5.0
sports_leisure,AM,2017-04,243.98000000000002,2,4.5
sports_leisure,AM,2017-07,166.28,1,1.0
sports_leisure,AM,2017-08,313.4,1,5.0
sports_leisure,AM,2017-09,218.71,1,5.0
sports_leisure,AM,2017-11,220.54,1,5.0
sports_leisure,AM,2018-01,232.03,2,3.6666666666666665
sports_leisure,AM,2018-07,347.37,3,4.0
sports_leisure,AM,2018-08,72.97,1,5.0
sports_leisure,AP,2018-01,259.11,2,4.5
sports_leisure,AP,2018-03,102.59,1,5.0
sports_leisure,AP,2018-04,932.4,1,5.0
sports_leisure,AP,2018-05,124.82,1,5.0
sports_leisure,AP,2018-07,61.99,1,3.0
sports_leisure,BA,2017-01,187.49,1,5.0
sports_leisure,BA,2017-02,544.6,5,3.4
sports_leisure,BA,2017-03,1909.08,8,4.0
sports_leisure,BA,2017-04,1955.9699999999998,5,2.857142857142857
sports_leisure,BA,2017-05,3716.54,12,3.761904761904762
sports_leisure,BA,2017-06,390.43,4,4.75
sports_leisure,BA,2017-07,2273.63,16,4.125
sports_leisure,BA,2017-08,3345.63,17,4.0476190476190474
sports_leisure,BA,2017-09,2356.83,13,4.222222222222222
sports_leisure,BA,2017-10,3518.46,14,4.066666666666666
sports_leisure,BA,2017-11,7230.33,26,3.2162162162162162
sports_leisure,BA,2017-12,941.14,11,4.75
sports_leisure,BA,2018-01,9530.04,17,3.761904761904762
sports_leisure,BA,2018-02,4088.22,21,2.923076923076923
sports_leisure,BA,2018-03,5274.13,23,3.875
sports_leisure,BA,2018-04,3177.85,16,3.611111111111111
sports_leisure,BA,2018-05,1367.26,9,4.333333333333333
sports_leisure,BA,2018-06,2041.68,15,4.0
sports_leisure,BA,2018-07,5213.08,13,3.9444444444444446
sports_leisure,BA,2018-08,1154.29,11,4.636363636363637
sports_leisure,CE,2017-02,337.42,1,5.0
sports_leisure,CE,2017-03,352.0,4,3.25
sports_leisure,CE,2017-04,362.15000000000003,3,4.666666666666667
sports_leisure,CE,2017-05,451.87,4,4.25
sports_leisure,CE,2017-06,631.08,4,4.75
sports_leisure,CE,2017-07,324.49,5,4.833333333333333
sports_leisure,CE,2017-08,729.1400000000001,6,4.5
sports_leisure,CE,2017-09,1212.78,7,3.125
sports_leisure,CE,2017-10,625.5699999999999,4,2.6
sports_leisure,CE,2017-11,976.0500000000001,2,4.666666666666667
sports_leisure,CE,2017-12,913.6200000000001,4,4.5
sports_leisure,CE,2018-01,314.48,3,5.0
sports_leisure,CE,2018-02,521.1,5,4.0
sports_leisure,CE,2018-03,1166.13,8,3.0
sports_leisure,CE,2018-04,1291.25,9,4.0
sports_leisure,CE,2018-05,505.75,4,5.0
sports_leisure,CE,2018-06,2050.11,6,4.571428571428571
sports_leisure,CE,2018-07,1798.12,7,3.5
sports_leisure,CE,2018-08,371.52,3,4.0
sports_leisure,DF,2017-01,348.67,4,4.5
sports_leisure,DF,2017-02,296.46,3,3.0
sports_leisure,DF,2017-03,818.55,6,4.571428571428571
sports_leisure,DF,2017-04,1789.6,8,3.6
sports_leisure,DF,2017-05,1677.46,9,4.111111111111111
sports_leisure,DF,2017-06,708.4499999999999,4,3.8
sports_leisure,DF,2017-07,617.23,4,4.4
sports_leisure,DF,2017-08,1102.0700000000002,11,4.583333333333333
sports_leisure,DF,2017-09,2086.39,14,4.4
sports_leisure,DF,2017-10,862.5,9,4.6
sports_leisure,DF,2017-11,1243.28,9,4.8
sports_leisure,DF,2017-12,3643.7400000000002,11,4.4
sports_leisure,DF,2018-01,4306.47,7,2.2142857142857144
sports_leisure,DF,2018-02,4327.62,21,4.48
sports_leisure,DF,2018-03,2072.7200000000003,12,3.230769230769231
sports_leisure,DF,2018-04,3170.75,8,3.8333333333333335
sports_leisure,DF,2018-05,3261.42,16,4.722222222222222
sports_leisure,DF,2018-06,1623.1100000000001,9,4.0
sports_leisure,DF,2018-07,1968.13,15,4.466666666666667
sports_leisure,DF,2018-08,1636.91,14,4.142857142857143
sports_leisure,ES,2017-02,994.04,5,4.333333333333333
sports_leisure,ES,2017-03,656.39,5,4.6
sports_leisure,ES,2017-04,901.8399999999999,8,4.625
sports_leisure,ES,2017-05,1015.73,6,4.285714285714286
sports_leisure,ES,2017-06,2099.54,6,4.2
sports_leisure,ES,2017-07,748.93,7,4.285714285714286
sports_leisure,ES,2017-08,2044.8,11,4.428571428571429
sports_leisure,ES,2017-09,1532.87,6,4.333333333333333
sports_leisure,ES,2017-10,753.72,8,3.888888888888889
sports_leisure,ES,2017-11,2131.43,12,4.066666666666666
sports_leisure,ES,2017-12,692.31,6,4.833333333333333
sports_leisure,ES,2018-01,2260.37,13,4.0
sports_leisure,ES,2018-02,2750.81,15,4.066666666666666
sports_leisure,ES,2018-03,1851.65,8,2.7
sports_leisure,ES,2018-04,1134.8,10,4.0
sports_leisure,ES,2018-05,2065.46,10,3.2142857142857144
sports_leisure,ES,2018-06,1649.67,9,4.909090909090909
sports_leisure,ES,2018-07,697.52,6,4.833333333333333
sports_leisure,ES,2018-08,906.29,6,4.666666666666667
sports_leisure,GO,2016-10,65.7,1,5.0
sports_leisure,GO,2017-01,187.68,1,5.0
sports_leisure,GO,2017-02,98.02000000000001,2,4.0
sports_leisure,GO,2017-04,632.59,3,3.3333333333333335
sports_leisure,GO,2017-05,1820.9699999999998,5,3.3333333333333335
sports_leisure,GO,2017-06,472.66999999999996,6,4.166666666666667
sports_leisure,GO,2017-07,783.1899999999999,7,4.5
sports_leisure,GO,2017-08,1405.3799999999999,9,4.6
sports_leisure,GO,2017-09,1305.8,9,4.222222222222222
sports_leisure,GO,2017-10,2707.71,11,4.6923076923076925
sports_leisure,GO,2017-11,2096.5099999999998,14,4.4
sports_leisure,GO,2017-12,1553.78,11,3.5833333333333335
sports_leisure,GO,2018-01,2194.56,14,4.0588235294117645
sports_leisure,GO,2018-02,1158.17,11,3.7
sports_leisure,GO,2018-03,2334.26,11,3.642857142857143
sports_leisure,GO,2018-04,1327.05,11,4.333333333333333
sports_leisure,GO,2018-05,3244.83,8,3.111111111111111
sports_leisure,GO,2018-06,1119.99,5,4.333333333333333
sports_leisure,GO,2018-07,982.65,7,4.333333333333333
sports_leisure,GO,2018-08,980.4599999999999,5,5.0
sports_leisure,MA,2016-10,64.83,1,5.0
sports_leisure,MA,2017-01,99.67,1,5.0
sports_leisure,MA,2017-03,139.69,1,5.0
sports_leisure,MA,2017-04,202.94,2,5.0
sports_leisure,MA,2017-05,787.21,5,3.8
sports_leisure,MA,2017-06,185.57,1,5.0
sports_leisure,MA,2017-07,121.1,2,5.0
sports_leisure,MA,2017-08,631.05,5,4.0
sports_leisure,MA,2017-09,766.84,4,3.5
sports_leisure,MA,2017-10,483.99,5,4.4
sports_leisure,MA,2017-11,501.06,5,2.2
sports_leisure,MA,2017-12,403.1,2,4.0
sports_leisure,MA,2018-01,3373.17,5,1.4444444444444444
sports_leisure,MA,2018-02,486.71000000000004,3,3.0
sports_leisure,MA,2018-03,3628.3,7,3.5714285714285716
sports_leisure,MA,2018-04,279.3,1,5.0
sports_leisure,MA,2018-05,709.5,2,4.5
sports_leisure,MA,2018-06,130.13,1,5.0
sports_leisure,MA,2018-07,1582.24,6,4.428571428571429
sports_leisure,MG,2016-10,173.4,1,1.0
sports_leisure,MG,2017-01,1039.15,2,5.0
sports_leisure,MG,2017-02,3647.46,19,4.375
sports_leisure,MG,2017-03,3113.74,23,4.538461538461538
sports_leisure,MG,2017-04,3296.87,20,4.391304347826087
sports_leisure,MG,2017-05,6290.23,34,3.8157894736842106
sports_leisure,MG,2017-06,6955.43,34,4.434782608695652
sports_leisure,MG,2017-07,5105.17,23,4.185185185185185
sports_leisure,MG,2017-08,4877.0,43,4.4375
sports_leisure,MG,2017-09,11555.94,51,4.245901639344262
sports_leisure,MG,2017-10,7252.88,58,4.361111111111111
sports_leisure,MG,2017-11,8871.28,53,4.254237288135593
sports_leisure,MG,2017-12,9590.78,55,3.8676470588235294
sports_leisure,MG,2018-01,13927.17,73,4.038461538461538
sports_leisure,MG,2018-02,11186.6,68,3.6582278481012658
sports_leisure,MG,2018-03,10586.55,70,3.5681818181818183
sports_leisure,MG,2018-04,11627.3,57,4.380952380952381
sports_leisure,MG,2018-05,8338.0,55,4.169491525423729
sports_leisure,MG,2018-06,9170.32,47,4.314814814814815
sports_leisure,MG,2018-07,12959.99,42,4.695652173913044
sports_leisure,MG,2018-08,8541.66,39,4.380952380952381
sports_leisure,MS,2017-02,682.54,2,5.0
sports_leisure,MS,2017-03,2038.57,2,5.0
sports_leisure,MS,2017-04,213.53,2,5.0
sports_leisure,MS,2017-05,78.91,1,5.0
sports_leisure,MS,2017-06,234.84,3,4.666666666666667
sports_leisure,MS,2017-07,1061.07,3,2.6
sports_leisure,MS,2017-09,1030.8,7,4.857142857142857
sports_leisure,MS,2017-10,547.74,3,2.75
sports_leisure,MS,2017-11,806.21,5,3.7142857142857144
sports_leisure,MS,2017-12,95.21,1,3.0
sports_leisure,MS,2018-01,3038.86,8,4.1
sports_leisure,MS,2018-02,1071.86,7,3.7777777777777777
sports_leisure,MS,2018-03,798.1899999999999,2,4.25
sports_leisure,MS,2018-04,46.96,1,5.0
sports_leisure,MS,2018-05,1384.0500000000002,3,3.3333333333333335
sports_leisure,MS,2018-06,447.29,5,4.6
sports_leisure,MS,2018-07,786.94,5,4.714285714285714
sports_leisure,MS,2018-08,163.78,1,5.0
sports_leisure,MT,2017-01,1095.0,2,1.0
sports_leisure,MT,2017-02,55.94,1,2.0
sports_leisure,MT,2017-03,439.77,1,1.0
sports_leisure,MT,2017-04,76.74,1,4.0
sports_leisure,MT,2017-05,92.32,1,5.0
sports_leisure,MT,2017-06,213.45,2,4.5
sports_leisure,MT,2017-07,213.78000000000003,2,4.5
sports_leisure,MT,2017-08,222.75,2,4.5
sports_leisure,MT,2017-09,737.99,4,3.0
sports_leisure,MT,2017-10,283.89,3,4.666666666666667
sports_leisure,MT,2017-11,696.14,9,3.4444444444444446
sports_leisure,MT,2017-12,319.72,3,3.6666666666666665
sports_leisure,MT,2018-01,3110.68,9,3.6
sports_leisure,MT,2018-02,1078.07,7,4.142857142857143
sports_leisure,MT,2018-03,516.87,3,3.6666666666666665
sports_leisure,MT,2018-04,1790.53,6,4.875
sports_leisure,MT,2018-05,775.59,3,5.0
sports_leisure,MT,2018-06,573.3199999999999,6,5.0
sports_leisure,MT,2018-07,147.79,2,5.0
sports_leisure,MT,2018-08,372.98,3,5.0
sports_leisure,PA,2017-01,268.53,1,3.0
sports_leisure,PA,2017-02,276.45000000000005,2,5.0
sports_leisure,PA,2017-03,336.9,1,3.0
sports_leisure,PA,2017-05,95.67,1,5.0
sports_leisure,PA,2017-06,966.84,5,3.4
sports_leisure,PA,2017-07,853.38,4,5.0
sports_leisure,PA,2017-08,433.32,4,3.75
sports_leisure,PA,2017-09,1043.0900000000001,6,4.833333333333333
sports_leisure,PA,2017-10,1150.16,5,5.0
sports_leisure,PA,2017-11,891.31,4,2.5
sports_leisure,PA,2017-12,347.78999999999996,3,3.0
sports_leisure,PA,2018-01,3501.6400000000003,5,3.2857142857142856
sports_leisure,PA,2018-02,842.0,4,2.6
sports_leisure,PA,2018-03,645.24,4,3.0
sports_leisure,PA,2018-04,5533.96,12,2.9375
sports_leisure,PA,2018-05,381.60999999999996,2,3.0
sports_leisure,PA,2018-06,492.81,4,5.0
sports_leisure,PA,2018-07,829.35,4,4.75
sports_leisure,PA,2018-08,1166.48,5,4.8
sports_leisure,PB,2017-02,134.66,1,4.0
sports_leisure,PB,2017-04,309.44,1,3.0
sports_leisure,PB,2017-05,185.62,1,5.0
sports_leisure,PB,2017-06,491.71,1,5.0
sports_leisure,PB,2017-07,2066.84,3,4.6
sports_leisure,PB,2017-08,221.20999999999998,2,5.0
sports_leisure,PB,2017-09,65.57,1,5.0
sports_leisure,PB,2017-10,274.47,1,3.0
sports_leisure,PB,2017-11,163.05,2,5.0
sports_leisure,PB,2017-12,533.94,3,4.0
sports_leisure,PB,2018-01,537.02,4,4.0
sports_leisure,PB,2018-02,771.6899999999999,2,3.6666666666666665
sports_leisure,PB,2018-03,150.18,1,5.0
sports_leisure,PB,2018-04,276.57,2,2.0
sports_leisure,PB,2018-06,207.25,1,5.0
sports_leisure,PB,2018-07,1075.58,4,4.25
sports_leisure,PB,2018-08,300.78999999999996,2,4.0
sports_leisure,PE,2016-10,995.4,2,5.0
sports_leisure,PE,2017-01,833.87,2,4.5
sports_leisure,PE,2017-02,192.41000000000003,2,5.0
sports_leisure,PE,2017-03,1993.81,6,2.6666666666666665
sports_leisure,PE,2017-04,1056.25,4,3.4
sports_leisure,PE,2017-05,760.78,7,3.875
sports_leisure,PE,2017-06,86.95,1,5.0
sports_leisure,PE,2017-07,3126.42,9,2.923076923076923
sports_leisure,PE,2017-08,668.22,6,4.333333333333333
sports_leisure,PE,2017-09,2334.5499999999997,10,4.076923076923077
sports_leisure,PE,2017-10,3504.45,12,4.0
sports_leisure,PE,2017-11,1586.58,10,4.0
sports_leisure,PE,2017-12,2916.21,12,3.4285714285714284
sports_leisure,PE,2018-01,2126.65,4,4.0
sports_leisure,PE,2018-02,1527.85,10,4.583333333333333
sports_leisure,PE,2018-03,831.91,6,3.0
sports_leisure,PE,2018-04,1678.3600000000001,8,3.4444444444444446
sports_leisure,PE,2018-05,1112.78,6,4.333333333333333
sports_leisure,PE,2018-06,1287.34,10,4.8
sports_leisure,PE,2018-07,2165.4700000000003,6,3.857142857142857
sports_leisure,PE,2018-08,248.56,2,4.0
sports_leisure,PI,2017-01,139.69,1,5.0
sports_leisure,PI,2017-03,558.76,1,5.0
sports_leisure,PI,2017-04,145.03,1,5.0
sports_leisure,PI,2017-06,219.5,2,5.0
sports_leisure,PI,2017-08,191.11,1,3.0
sports_leisure,PI,2017-09,231.9,1,5.0
sports_leisure,PI,2017-10,162.44,1,5.0
sports_leisure,PI,2017-12,297.14,3,4.666666666666667
sports_leisure,PI,2018-01,2980.25,4,4.2
sports_leisure,PI,2018-02,1001.29,5,3.6666666666666665
sports_leisure,PI,2018-04,1244.75,5,4.2
sports_leisure,PI,2018-05,251.79,2,4.5
sports_leisure,PI,2018-07,315.82,1,4.0
sports_leisure,PI,2018-08,320.97,3,5.0
sports_leisure,PR,2016-10,33.42,1,4.0
sports_leisure,PR,2017-01,570.62,4,3.4
sports_leisure,PR,2017-02,825.77,7,4.75
sports_leisure,PR,2017-03,1261.3700000000001,11,4.75
sports_leisure,PR,2017-04,3103.66,7,4.555555555555555
sports_leisure,PR,2017-05,4512.28,18,4.4
sports_leisure,PR,2017-06,2397.46,15,4.625
sports_leisure,PR,2017-07,5176.3099999999995,26,4.741935483870968
sports_leisure,PR,2017-08,5179.25,24,4.75
sports_leisure,PR,2017-09,3893.38,21,4.576923076923077
sports_leisure,PR,2017-10,2107.19,15,3.933333333333333
sports_leisure,PR,2017-11,3912.36,27,4.321428571428571
sports_leisure,PR,2017-12,4681.22,21,3.909090909090909
sports_leisure,PR,2018-01,4722.89,36,4.075
sports_leisure,PR,2018-02,4065.1,23,3.8
sports_leisure,PR,2018-03,11108.960000000001,46,3.3230769230769233
sports_leisure,PR,2018-04,6918.17,29,4.0
sports_leisure,PR,2018-05,3498.53,26,4.296296296296297
sports_leisure,PR,2018-06,3451.11,21,4.416666666666667
sports_leisure,PR,2018-07,7590.05,28,4.6875
sports_leisure,PR,2018-08,2875.85,22,4.260869565217392
sports_leisure,RJ,2016-10,1964.09,4,3.0
sports_leisure,RJ,2017-01,1118.6399999999999,7,3.857142857142857
sports_leisure,RJ,2017-02,2610.53,15,4.055555555555555
sports_leisure,RJ,2017-03,4835.4800000000005,19,3.7666666666666666
sports_leisure,RJ,2017-04,4209.66,26,4.193548387096774
sports_leisure,RJ,2017-05,9239.82,33,4.081632653061225
sports_leisure,RJ,2017-06,6580.91,26,4.3076923076923075
sports_leisure,RJ,2017-07,12542.82,53,3.492957746478873
sports_leisure,RJ,2017-08,9013.41,35,4.355555555555555
sports_leisure,RJ,2017-09,6070.04,45,4.361702127659575
sports_leisure,RJ,2017-10,8976.619999999999,60,4.223880597014926
sports_leisure,RJ,2017-11,15420.05,74,3.8
sports_leisure,RJ,2017-12,11785.87,59,3.6666666666666665
sports_leisure,RJ,2018-01,12722.68,68,3.688311688311688
sports_leisure,RJ,2018-02,12093.65,76,3.0681818181818183
sports_leisure,RJ,2018-03,13492.98,79,3.036144578313253
sports_leisure,RJ,2018-04,13036.56,66,3.736842105263158
sports_leisure,RJ,2018-05,7780.12,45,3.8846153846153846
sports_leisure,RJ,2018-06,11667.68,38,4.511111111111111
sports_leisure,RJ,2018-07,8641.53,47,4.2
sports_leisure,RJ,2018-08,7901.72,50,4.3090909090909095
sports_leisure,RN,2017-05,106.85,1,5.0
sports_leisure,RN,2017-06,142.43,1,5.0
sports_leisure,RN,2017-08,797.5,5,4.8
sports_leisure,RN,2017-09,418.92,1,5.0
sports_leisure,RN,2017-11,274.14,2,4.666666666666667
sports_leisure,RN,2017-12,1006.83,3,4.8
sports_leisure,RN,2018-01,215.55,1,5.0
sports_leisure,RN,2018-02,155.14,1,5.0
sports_leisure,RN,2018-03,35.35,1,1.0
sports_leisure,RN,2018-06,124.24,1,2.0
sports_leisure,RN,2018-07,484.09,1,5.0
sports_leisure,RN,2018-08,1598.98,2,5.0
sports_leisure,RO,2017-03,747.1,1,5.0
sports_leisure,RO,2017-04,134.25,1,1.0
sports_leisure,RO,2017-05,142.43,1,4.0
sports_leisure,RO,2017-06,826.41,2,4.5
sports_leisure,RO,2017-08,104.19,1,5.0
sports_leisure,RO,2017-09,2178.2,3,2.6
sports_leisure,RO,2017-11,105.26,1,4.0
sports_leisure,RO,2017-12,102.18,1,5.0
sports_leisure,RO,2018-01,75.08,1,1.0
sports_leisure,RO,2018-02,316.5,2,4.5
sports_leisure,RO,2018-03,604.99,3,4.0
sports_leisure,RR,2017-03,266.85,1,5.0
sports_leisure,RR,2018-01,162.79,1,3.0
sports_leisure,RR,2018-05,171.69,1,4.0
sports_leisure,RR,2018-06,1062.11,2,1.6666666666666667
sports_leisure,RR,2018-07,915.64,1,5.0
sports_leisure,RS,2016-10,317.43,5,4.2
sports_leisure,RS,2017-01,2167.08,5,5.0
sports_leisure,RS,2017-02,796.65,7,4.0
sports_leisure,RS,2017-03,594.46,7,4.714285714285714
sports_leisure,RS,2017-04,707.84,8,4.375
sports_leisure,RS,2017-05,2267.78,10,4.571428571428571
sports_leisure,RS,2017-06,2347.1,13,4.5625
sports_leisure,RS,2017-07,3539.66,25,4.5
sports_leisure,RS,2017-08,5825.89,33,4.256410256410256
sports_leisure,RS,2017-09,4794.91,32,4.052631578947368
sports_leisure,RS,2017-10,3543.58,21,4.538461538461538
sports_leisure,RS,2017-11,5462.37,34,4.27027027027027
sports_leisure,RS,2017-12,4076.5499999999997,21,3.92
sports_leisure,RS,2018-01,6441.21,28,3.742857142857143
sports_leisure,RS,2018-02,8742.82,35,3.9565217391304346
sports_leisure,RS,2018-03,9568.77,40,3.872340425531915
sports_leisure,RS,2018-04,4629.93,28,4.466666666666667
sports_leisure,RS,2018-05,5160.7,27,4.551724137931035
sports_leisure,RS,2018-06,2666.58,14,4.5625
sports_leisure,RS,2018-07,1672.53,11,4.142857142857143
sports_leisure,RS,2018-08,2192.0299999999997,17,4.277777777777778
sports_leisure,SC,2017-01,966.81,5,3.6666666666666665
sports_leisure,SC,2017-02,1497.88,9,2.9
sports_leisure,SC,2017-03,739.24,3,4.2
sports_leisure,SC,2017-04,1017.4300000000001,11,3.6666666666666665
sports_leisure,SC,2017-05,3624.02,13,4.75
sports_leisure,SC,2017-06,587.27,6,4.428571428571429
sports_leisure,SC,2017-07,2901.46,14,4.235294117647059
sports_leisure,SC,2017-08,2685.08,16,4.352941176470588
sports_leisure,SC,2017-09,2615.83,12,4.5
sports_leisure,SC,2017-10,2474.27,17,4.285714285714286
sports_leisure,SC,2017-11,5378.75,32,4.378378378378378
sports_leisure,SC,2017-12,6663.82,20,3.875
sports_leisure,SC,2018-01,6815.34,29,3.787878787878788
sports_leisure,SC,2018-02,3778.8,19,3.473684210526316
sports_leisure,SC,2018-03,5671.71,26,4.057142857142857
sports_leisure,SC,2018-04,4189.47,21,4.64
sports_leisure,SC,2018-05,2770.83,13,4.5625
sports_leisure,SC,2018-06,1626.85,8,4.8
sports_leisure,SC,2018-07,3502.21,20,4.130434782608695
sports_leisure,SC,2018-08,4266.04,21,4.076923076923077
sports_leisure,SE,2017-01,167.32,1,5.0
sports_leisure,SE,2017-02,559.62,1,5.0
sports_leisure,SE,2017-03,806.28,6,3.4285714285714284
sports_leisure,SE,2017-04,70.7,1,3.0
sports_leisure,SE,2017-07,394.15,4,3.75
sports_leisure,SE,2017-08,183.71,2,3.0
sports_leisure,SE,2017-09,323.60999999999996,2,4.0
sports_leisure,SE,2017-12,270.45,1,5.0
sports_leisure,SE,2018-01,210.08999999999997,2,4.5
sports_leisure,SE,2018-03,371.24,3,3.6666666666666665
sports_leisure,SE,2018-05,242.84,1,1.0
sports_leisure,SE,2018-06,1140.97,2,5.0
sports_leisure,SE,2018-07,400.46000000000004,3,4.333333333333333
sports_leisure,SE,2018-08,315.53999999999996,2,5.0
sports_leisure,SP,2016-10,312.84000000000003,4,4.25
sports_leisure,SP,2017-01,9371.82,25,4.051282051282051
sports_leisure,SP,2017-02,9258.42,55,4.260869565217392
sports_leisure,SP,2017-03,15968.54,65,4.2875
sports_leisure,SP,2017-04,10668.95,77,4.0120481927710845
sports_leisure,SP,2017-05,17585.6,103,4.239669421487603
sports_leisure,SP,2017-06,16870.66,110,4.317829457364341
sports_leisure,SP,2017-07,17510.29,127,4.402439024390244
sports_leisure,SP,2017-08,20777.14,148,4.244047619047619
sports_leisure,SP,2017-09,26665.95,161,4.241573033707865
sports_leisure,SP,2017-10,26692.81,170,4.024875621890548
sports_leisure,SP,2017-11,31734.44,232,4.368217054263566
sports_leisure,SP,2017-12,33737.4,187,4.1891891891891895
sports_leisure,SP,2018-01,41465.88,244,4.080882352941177
sports_leisure,SP,2018-02,42186.07,245,3.9820143884892087
sports_leisure,SP,2018-03,50074.75,312,3.928977272727273
sports_leisure,SP,2018-04,36981.91,238,4.306859205776173
sports_leisure,SP,2018-05,34247.1,215,4.39344262295082
sports_leisure,SP,2018-06,26245.36,170,4.214285714285714
sports_leisure,SP,2018-07,26945.24,182,4.105769230769231
sports_leisure,SP,2018-08,30797.54,226,4.334661354581673
sports_leisure,TO,2017-02,187.75,2,4.0
sports_leisure,TO,2017-04,983.39,1,5.0
sports_leisure,TO,2017-06,122.76,1,5.0
sports_leisure,TO,2017-07,126.58,1,4.0
sports_leisure,TO,2017-09,255.51,2,4.5
sports_leisure,TO,2017-12,95.67,1,3.0
sports_leisure,TO,2018-01,505.76,1,1.0
sports_leisure,TO,2018-02,883.38,3,4.25
sports_leisure,TO,2018-03,1711.56,3,3.3333333333333335
sports_leisure,TO,2018-04,285.68,1,4.0
sports_leisure,TO,2018-05,391.43,3,4.666666666666667
sports_leisure,TO,2018-06,903.66,3,4.0
sports_leisure,TO,2018-07,508.12,1,5.0
stationery,AC,2017-03,448.3,1,5.0
stationery,AC,2018-06,198.46,1,5.0
stationery,AL,2017-02,111.01,1,4.0
stationery,AL,2017-03,170.49,1,5.0
stationery,AL,2017-06,136.14,1,4.0
stationery,AL,2017-10,174.31,2,5.0
stationery,AL,2018-01,238.5,2,3.0
stationery,AL,2018-08,48.79,1,5.0
stationery,AM,2017-05,207.09,1,5.0
stationery,AM,2017-12,71.88,1,5.0
stationery,AM,2018-01,179.45,1,5.0
stationery,AM,2018-07,410.59000000000003,3,4.333333333333333
stationery,AP,2018-03,200.05,1,2.0
stationery,AP,2018-08,134.99,1,5.0
stationery,BA,2017-02,640.75,3,4.666666666666667
stationery,BA,2017-04,397.47,2,5.0
stationery,BA,2017-05,63.82,1,5.0
stationery,BA,2017-06,244.31,1,1.0
stationery,BA,2017-07,203.42000000000002,2,3.5
stationery,BA,2017-08,327.58,3,4.666666666666667
stationery,BA,2017-09,111.1,1,5.0
stationery,BA,2017-10,799.4,7,3.7142857142857144
stationery,BA,2017-11,335.76,2,4.5
stationery,BA,2017-12,1019.73,8,3.6666666666666665
stationery,BA,2018-01,1293.36,11,4.181818181818182
stationery,BA,2018-02,544.14,7,2.875
stationery,BA,2018-03,420.31,4,1.75
stationery,BA,2018-04,1251.57,7,4.285714285714286
stationery,BA,2018-05,302.35,3,4.0
stationery,BA,2018-06,183.89,1,5.0
stationery,BA,2018-07,604.4,7,4.571428571428571
stationery,BA,2018-08,434.35,6,3.8333333333333335
stationery,CE,2017-04,82.25,1,3.0
stationery,CE,2017-05,75.79,1,5.0
stationery,CE,2017-08,165.14,1,5.0
stationery,CE,2017-11,944.52,6,3.4285714285714284
stationery,CE,2017-12,374.20000000000005,3,4.666666666666667
stationery,CE,2018-01,1187.69,6,2.2
stationery,CE,2018-03,319.17,1,5.0
stationery,CE,2018-04,623.04,1,1.0
stationery,CE,2018-05,256.78000000000003,2,4.5
stationery,CE,2018-06,433.48,2,3.0
stationery,CE,2018-07,536.59,4,4.2
stationery,CE,2018-08,1136.56,3,5.0
stationery,DF,2017-03,240.13,2,4.5
stationery,DF,2017-05,711.95,3,2.6666666666666665
stationery,DF,2017-06,182.86,2,5.0
stationery,DF,2017-07,55.0,1,5.0
stationery,DF,2017-08,60.1,1,4.0
stationery,DF,2017-09,85.16,1,1.0
stationery,DF,2017-10,481.34000000000003,3,2.0
stationery,DF,2017-12,1023.8800000000001,5,4.0
stationery,DF,2018-01,621.64,6,3.8
stationery,DF,2018-02,303.77,2,2.0
stationery,DF,2018-03,977.81,7,4.125
stationery,DF,2018-04,235.31,3,4.0
stationery,DF,2018-05,383.29,3,4.666666666666667
stationery,DF,2018-06,441.51,2,5.0
stationery,DF,2018-07,30.68,1,5.0
stationery,DF,2018-08,533.11,3,4.5
stationery,ES,2017-02,109.72999999999999,1,5.0
stationery,ES,2017-04,671.21,2,5.0
stationery,ES,2017-06,345.38,4,4.75
stationery,ES,2017-07,464.08,2,2.3333333333333335
stationery,ES,2017-09,264.90000000000003,2,4.0
stationery,ES,2017-10,423.84,4,4.5
stationery,ES,2017-11,854.21,5,4.333333333333333
stationery,ES,2017-12,407.67999999999995,2,5.0
stationery,ES,2018-01,1269.1100000000001,10,4.1
stationery,ES,2018-02,588.1500000000001,5,4.4
stationery,ES,2018-04,338.72,1,2.0
stationery,ES,2018-06,446.9,4,4.25
stationery,ES,2018-07,916.52,4,4.5
stationery,ES,2018-08,77.11,1,5.0
stationery,GO,2017-05,277.77,2,5.0
stationery,GO,2017-06,404.54,2,4.666666666666667
stationery,GO,2017-07,298.0,2,3.3333333333333335
stationery,GO,2017-10,405.52,1,4.0
stationery,GO,2017-11,927.84,6,4.428571428571429
stationery,GO,2017-12,724.21,7,3.7142857142857144
stationery,GO,2018-01,2883.24,7,4.111111111111111
stationery,GO,2018-02,174.05,2,2.3333333333333335
stationery,GO,2018-03,305.35,3,4.666666666666667
stationery,GO,2018-04,94.44999999999999,2,4.5
stationery,GO,2018-06,287.77,2,5.0
stationery,GO,2018-07,579.6999999999999,3,3.0
stationery,GO,2018-08,322.51,4,5.0
stationery,MA,2017-03,126.34,1,4.0
stationery,MA,2017-07,238.92000000000002,2,4.0
stationery,MA,2017-11,37.14,1,4.0
stationery,MA,2017-12,453.86,3,3.0
stationery,MA,2018-01,534.89,4,3.5
stationery,MA,2018-03,1400.12,2,4.666666666666667
stationery,MA,2018-05,47.28,1,4.0
stationery,MA,2018-07,221.62,2,3.0
stationery,MG,2017-01,3790.81,2,5.0
stationery,MG,2017-02,197.55,3,3.0
stationery,MG,2017-03,895.54,9,4.571428571428571
stationery,MG,2017-04,639.8,5,4.8
stationery,MG,2017-05,674.71,7,2.857142857142857
stationery,MG,2017-06,140.07,2,3.0
stationery,MG,2017-07,875.69,7,4.571428571428571
stationery,MG,2017-08,805.4,9,4.222222222222222
stationery,MG,2017-09,1728.49,8,4.4
stationery,MG,2017-10,1167.76,7,4.2
stationery,MG,2017-11,2859.8599999999997,15,4.352941176470588
stationery,MG,2017-12,3137.69,21,4.583333333333333
stationery,MG,2018-01,6371.72,41,4.333333333333333
stationery,MG,2018-02,1926.29,16,3.5294117647058822
stationery,MG,2018-03,2657.8,22,3.6923076923076925
stationery,MG,2018-04,1706.9,16,4.235294117647059
stationery,MG,2018-05,1054.86,9,4.909090909090909
stationery,MG,2018-06,1797.8,14,4.777777777777778
stationery,MG,2018-07,1992.98,13,4.277777777777778
stationery,MG,2018-08,2610.79,17,4.529411764705882
stationery,MS,2017-05,106.87,1,4.0
stationery,MS,2017-08,58.82,1,5.0
stationery,MS,2017-09,106.64,2,3.0
stationery,MS,2017-12,379.51,3,5.0
stationery,MS,2018-01,1270.21,4,3.5
stationery,MS,2018-02,77.18,1,1.0
stationery,MS,2018-04,155.32,1,4.0
stationery,MS,2018-05,413.17,4,5.0
stationery,MS,2018-06,28.13,1,5.0
stationery,MS,2018-07,160.81,1,5.0
stationery,MT,2017-05,94.95,1,5.0
stationery,MT,2017-07,276.55,2,4.5
stationery,MT,2017-08,671.58,2,4.5
stationery,MT,2017-10,88.72,1,3.0
stationery,MT,2017-11,463.90999999999997,3,3.0
stationery,MT,2017-12,594.28,3,4.333333333333333
stationery,MT,2018-01,1253.55,5,4.5
stationery,MT,2018-03,145.99,1,5.0
stationery,MT,2018-04,131.52,2,5.0
stationery,MT,2018-07,292.23,2,5.0
stationery,MT,2018-08,304.02,2,5.0
stationery,PA,2017-03,179.2,2,3.6666666666666665
stationery,PA,2017-07,168.37,1,4.0
stationery,PA,2017-08,183.43,1,3.0
stationery,PA,2017-11,128.09,1,5.0
stationery,PA,2017-12,155.76999999999998,3,5.0
stationery,PA,2018-01,347.93,2,4.5
stationery,PA,2018-03,206.92000000000002,2,1.0
stationery,PA,2018-04,316.82,3,4.5
stationery,PA,2018-05,204.2,1,2.0
stationery,PA,2018-06,40.24,1,5.0
stationery,PA,2018-07,833.06,2,5.0
stationery,PA,2018-08,388.17999999999995,3,4.666666666666667
stationery,PB,2017-03,99.32,1,4.0
stationery,PB,2017-09,417.12,1,1.0
stationery,PB,2017-11,399.48,2,2.5
stationery,PB,2017-12,433.40000000000003,2,4.5
stationery,PB,2018-01,823.12,4,4.4
stationery,PB,2018-02,195.01,1,5.0
stationery,PB,2018-03,151.61,1,1.0
stationery,PB,2018-04,151.10000000000002,1,5.0
stationery,PB,2018-05,173.38,1,5.0
stationery,PB,2018-07,192.68,1,4.0
stationery,PB,2018-08,174.73,1,5.0
stationery,PE,2017-03,128.62,1,4.0
stationery,PE,2017-04,77.21,1,2.0
stationery,PE,2017-05,235.92000000000002,2,5.0
stationery,PE,2017-07,374.2,3,3.6666666666666665
stationery,PE,2017-09,102.07,1,1.0
stationery,PE,2017-10,449.58,2,4.0
stationery,PE,2017-11,1251.23,5,4.166666666666667
stationery,PE,2017-12,731.54,6,4.833333333333333
stationery,PE,2018-01,702.6700000000001,6,4.0
stationery,PE,2018-02,434.61,5,4.2
stationery,PE,2018-03,419.01,4,4.25
stationery,PE,2018-04,520.31,2,5.0
stationery,PE,2018-05,64.04,1,5.0
stationery,PE,2018-06,135.89,2,5.0
stationery,PE,2018-07,517.18,4,4.75
stationery,PE,2018-08,217.29000000000002,2,2.5
stationery,PI,2017-09,168.81,1,5.0
stationery,PI,2017-12,942.3299999999999,3,5.0
stationery,PI,2018-01,452.0,3,4.333333333333333
stationery,PI,2018-02,117.1,1,4.0
stationery,PI,2018-07,178.5,2,5.0
stationery,PR,2017-01,19.62,1,5.0
stationery,PR,2017-03,386.75,4,4.75
stationery,PR,2017-04,77.16,1,5.0
stationery,PR,2017-05,366.18,3,4.2
stationery,PR,2017-06,222.22,2,4.5
stationery,PR,2017-07,671.1800000000001,4,5.0
stationery,PR,2017-08,341.29,5,4.0
stationery,PR,2017-09,319.07,3,3.3333333333333335
stationery,PR,2017-10,877.24,5,2.5714285714285716
stationery,PR,2017-11,1320.6,9,4.666666666666667
stationery,PR,2017-12,1225.3799999999999,9,3.9
stationery,PR,2018-01,2690.32,24,4.708333333333333
stationery,PR,2018-02,354.87,6,4.833333333333333
stationery,PR,2018-03,1000.23,11,4.181818181818182
stationery,PR,2018-04,1708.52,12,4.85
stationery,PR,2018-05,296.18,3,5.0
stationery,PR,2018-06,968.87,8,3.4444444444444446
stationery,PR,2018-07,1244.13,7,4.714285714285714
stationery,PR,2018-08,683.2900000000001,4,4.8
stationery,RJ,2017-02,724.75,4,4.25
stationery,RJ,2017-03,981.5,8,5.0
stationery,RJ,2017-04,1024.23,8,5.0
stationery,RJ,2017-05,961.76,8,3.2222222222222223
stationery,RJ,2017-06,931.0,7,4.285714285714286
stationery,RJ,2017-07,682.32,7,4.0
stationery,RJ,2017-08,1428.31,11,4.846153846153846
stationery,RJ,2017-09,779.91,9,4.777777777777778
stationery,RJ,2017-10,2555.38,16,3.5294117647058822
stationery,RJ,2017-11,3447.27,22,4.375
stationery,RJ,2017-12,8524.76,44,3.04
stationery,RJ,2018-01,6720.67,46,3.5961538461538463
stationery,RJ,2018-02,2949.73,23,2.962962962962963
stationery,RJ,2018-03,2574.71,22,2.9166666666666665
stationery,RJ,2018-04,1185.69,11,4.916666666666667
stationery,RJ,2018-05,2498.16,17,4.411764705882353
stationery,RJ,2018-06,3312.39,15,4.705882352941177
stationery,RJ,2018-07,2407.6,16,3.5789473684210527
stationery,RJ,2018-08,1380.92,11,4.818181818181818
stationery,RN,2017-07,741.44,1,1.0
stationery,RN,2017-08,341.88,1,5.0
stationery,RN,2017-10,137.24,1,3.0
stationery,RN,2017-11,133.22,1,4.0
stationery,RN,2017-12,187.59,1,4.0
stationery,RN,2018-01,264.41,2,4.75
stationery,RN,2018-05,3568.4,1,1.0
stationery,RN,2018-06,251.51,1,5.0
stationery,RN,2018-08,234.31,2,4.5
stationery,RO,2017-03,404.15999999999997,2,4.0
stationery,RO,2017-12,147.31,1,2.0
stationery,RO,2018-01,99.15,1,5.0
stationery,RO,2018-02,383.84,1,5.0
stationery,RO,2018-05,87.38,1,4.0
stationery,RO,2018-06,57.39,1,3.0
stationery,RR,2017-09,65.37,1,4.0
stationery,RR,2018-01,115.65,1,2.0
stationery,RS,2017-02,110.98,1,5.0
stationery,RS,2017-03,497.89,4,4.75
stationery,RS,2017-04,175.07,2,3.0
stationery,RS,2017-05,979.4300000000001,7,4.875
stationery,RS,2017-06,76.79,1,4.0
stationery,RS,2017-07,991.23,9,3.9
stationery,RS,2017-08,479.79,5,3.6
stationery,RS,2017-09,589.56,6,3.5
stationery,RS,2017-10,633.37,6,5.0
stationery,RS,2017-11,1068.54,7,4.714285714285714
stationery,RS,2017-12,1467.7,7,2.6363636363636362
stationery,RS,2018-01,2883.83,20,4.12
stationery,RS,2018-02,1616.16,16,4.0
stationery,RS,2018-03,1580.47,10,4.0
stationery,RS,2018-04,540.5699999999999,6,4.857142857142857
stationery,RS,2018-05,1019.78,9,4.583333333333333
stationery,RS,2018-06,1038.72,7,4.777777777777778
stationery,RS,2018-07,1068.72,7,4.75
stationery,RS,2018-08,857.8199999999999,7,4.285714285714286
stationery,SC,2017-03,398.03000000000003,5,4.4
stationery,SC,2017-04,71.97,1,1.0
stationery,SC,2017-05,446.02,5,4.833333333333333
stationery,SC,2017-06,116.94,1,4.0
stationery,SC,2017-08,141.84,2,5.0
stationery,SC,2017-09,1087.94,6,4.714285714285714
stationery,SC,2017-10,183.04,2,4.5
stationery,SC,2017-11,1869.3400000000001,8,4.444444444444445
stationery,SC,2017-12,769.31,8,4.625
stationery,SC,2018-01,1496.4,13,4.846153846153846
stationery,SC,2018-02,1109.08,5,2.5
stationery,SC,2018-03,152.16,2,5.0
stationery,SC,2018-04,2191.42,5,2.5
stationery,SC,2018-05,624.15,5,5.0
stationery,SC,2018-06,521.01,3,5.0
stationery,SC,2018-07,1877.6399999999999,8,4.222222222222222
stationery,SC,2018-08,630.2,4,4.25
stationery,SE,2017-05,192.57,2,5.0
stationery,SE,2017-08,107.76,1,4.0
stationery,SP,2017-01,899.3,4,4.25
stationery,SP,2017-02,751.26,6,5.0
stationery,SP,2017-03,1917.47,14,4.5
stationery,SP,2017-04,1980.83,13,4.384615384615385
stationery,SP,2017-05,2305.68,18,4.7368421052631575
stationery,SP,2017-06,1539.63,14,4.642857142857143
stationery,SP,2017-07,3388.59,32,4.264705882352941
stationery,SP,2017-08,3726.06,31,4.666666666666667
stationery,SP,2017-09,2977.0,29,4.290322580645161
stationery,SP,2017-10,4553.8,36,3.9
stationery,SP,2017-11,7300.3,59,4.396825396825397
stationery,SP,2017-12,11303.11,91,4.31
stationery,SP,2018-01,19105.8,159,4.385964912280702
stationery,SP,2018-02,5728.93,53,3.816901408450704
stationery,SP,2018-03,6101.84,53,4.0
stationery,SP,2018-04,6614.33,58,4.276923076923077
stationery,SP,2018-05,7227.0,63,4.3076923076923075
stationery,SP,2018-06,9135.15,80,4.306930693069307
stationery,SP,2018-07,10949.96,82,4.463157894736842
stationery,SP,2018-08,10497.89,87,4.610526315789474
stationery,TO,2017-03,170.67,1,5.0
stationery,TO,2017-08,123.14,1,5.0
stationery,TO,2018-01,56.79,1,5.0
tablets_printing_image,AM,2018-06,72.85,1,4.0
tablets_printing_image,BA,2017-02,240.28,2,4.5
tablets_printing_image,BA,2017-04,120.14,1,4.0
tablets_printing_image,BA,2017-05,116.13,1,5.0
tablets_printing_image,BA,2018-02,282.88,1,1.0
tablets_printing_image,CE,2017-08,47.62,1,5.0
tablets_printing_image,ES,2017-05,912.79,1,
tablets_printing_image,ES,2017-08,30.0,1,5.0
tablets_printing_image,ES,2017-11,85.14,1,5.0
tablets_printing_image,ES,2018-02,66.11,1,4.0
tablets_printing_image,GO,2017-04,117.12,1,2.0
tablets_printing_image,MA,2017-04,178.55,1,5.0
tablets_printing_image,MG,2017-02,113.86,1,5.0
tablets_printing_image,MG,2017-04,455.44,1,3.0
tablets_printing_image,MG,2017-05,113.86,1,4.0
tablets_printing_image,MG,2017-08,315.5,2,3.5
tablets_printing_image,MG,2017-09,51.0,1,2.0
tablets_printing_image,MG,2017-11,190.42000000000002,2,5.0
tablets_printing_image,MG,2018-02,67.11,1,2.0
tablets_printing_image,MS,2017-04,461.56,1,5.0
tablets_printing_image,MT,2017-04,35.7,1,3.0
tablets_printing_image,MT,2017-11,51.69,1,1.0
tablets_printing_image,PA,2017-03,124.18,1,4.0
tablets_printing_image,PA,2017-04,178.06,1,4.0
tablets_printing_image,PA,2018-02,153.12,2,3.0
tablets_printing_image,PE,2017-03,124.18,1,5.0
tablets_printing_image,PE,2017-06,124.97,1,5.0
tablets_printing_image,PI,2017-02,248.36,2,3.0
tablets_printing_image,PI,2017-08,133.49,1,3.0
tablets_printing_image,PR,2017-04,113.86,1,5.0
tablets_printing_image,PR,2017-08,114.44,1,5.0
tablets_printing_image,PR,2018-04,70.24,1,5.0
tablets_printing_image,RJ,2017-02,227.72,2,5.0
tablets_printing_image,RJ,2017-03,113.86,1,1.0
tablets_printing_image,RJ,2017-05,144.79,1,
tablets_printing_image,RJ,2017-06,228.88,2,5.0
tablets_printing_image,RJ,2017-09,228.88,2,4.5
tablets_printing_image,RJ,2017-11,115.14,2,4.0
tablets_printing_image,RS,2017-03,115.39,1,3.0
tablets_printing_image,SP,2017-02,110.3,1,4.0
tablets_printing_image,SP,2017-03,110.3,1,3.0
tablets_printing_image,SP,2017-04,110.3,1,5.0
tablets_printing_image,SP,2017-05,627.3,3,5.0
tablets_printing_image,SP,2017-06,325.32,3,5.0
tablets_printing_image,SP,2017-07,219.63,2,3.5
tablets_printing_image,SP,2017-10,111.19,1,4.0
tablets_printing_image,SP,2017-12,485.33000000000004,6,4.666666666666667
tablets_printing_image,SP,2018-01,248.68,3,4.333333333333333
tablets_printing_image,SP,2018-02,438.71,7,4.571428571428571
tablets_printing_image,SP,2018-03,512.37,2,4.666666666666667
tablets_printing_image,SP,2018-05,58.19,1,5.0
telephony,AC,2017-05,43.34,1,4.0
telephony,AC,2017-06,51.37,1,5.0
telephony,AC,2017-08,225.42,1,5.0
telephony,AC,2017-11,45.37,1,5.0
telephony,AC,2018-05,905.93,1,5.0
telephony,AL,2017-01,588.84,1,5.0
telephony,AL,2017-02,1042.65,2,2.0
telephony,AL,2017-03,126.18,1,4.0
telephony,AL,2017-05,95.31,1,1.0
telephony,AL,2017-06,64.14,1,1.0
telephony,AL,2017-08,631.52,2,3.0
telephony,AL,2017-09,420.86,2,4.5
telephony,AL,2017-10,305.77,1,5.0
telephony,AL,2017-11,364.90999999999997,2,5.0
telephony,AL,2018-01,496.24,6,3.857142857142857
telephony,AL,2018-02,51.14,1,3.0
telephony,AL,2018-03,72.84,1,3.0
telephony,AL,2018-04,35.84,1,4.0
telephony,AL,2018-06,1115.9299999999998,2,4.0
telephony,AL,2018-07,73.06,1,5.0
telephony,AL,2018-08,187.38,1,4.0
telephony,AM,2017-02,98.59,2,5.0
telephony,AM,2017-04,163.0,3,4.333333333333333
telephony,AM,2017-05,29.65,1,5.0
telephony,AM,2017-07,212.03,1,5.0
telephony,AM,2017-10,45.28,1,5.0
telephony,AM,2017-11,46.05,1,5.0
telephony,AM,2017-12,51.14,1,4.0
telephony,AM,2018-01,122.27000000000001,2,3.0
telephony,AM,2018-02,185.96,1,1.0
telephony,AM,2018-05,298.67,1,5.0
telephony,AP,2017-12,216.26,1,3.0
telephony,AP,2018-01,132.19,2,5.0
telephony,AP,2018-03,47.84,1,2.0
telephony,BA,2016-10,40.79,1,5.0
telephony,BA,2017-02,808.4200000000001,3,2.5
telephony,BA,2017-03,1077.69,9,3.2
telephony,BA,2017-04,1624.6,8,4.444444444444445
telephony,BA,2017-05,909.51,9,3.0
telephony,BA,2017-06,855.86,7,4.25
telephony,BA,2017-07,667.6600000000001,8,4.111111111111111
telephony,BA,2017-08,1635.33,8,3.3
telephony,BA,2017-09,2614.36,9,3.272727272727273
telephony,BA,2017-10,3409.0499999999997,18,3.72
telephony,BA,2017-11,4031.08,25,3.2666666666666666
telephony,BA,2017-12,799.44,11,3.1666666666666665
telephony,BA,2018-01,970.31,16,3.2941176470588234
telephony,BA,2018-02,556.66,11,4.166666666666667
telephony,BA,2018-03,3593.21,26,3.0
telephony,BA,2018-04,628.28,8,4.0
telephony,BA,2018-05,799.0799999999999,14,4.357142857142857
telephony,BA,2018-06,376.67,7,4.142857142857143
telephony,BA,2018-07,2408.46,13,3.857142857142857
telephony,BA,2018-08,2722.92,18,3.2222222222222223
telephony,CE,2017-01,54.9,1,4.0
telephony,CE,2017-02,62.83,1,5.0
telephony,CE,2017-03,49.84,1,4.0
telephony,CE,2017-04,299.92,6,4.5
telephony,CE,2017-05,970.37,9,4.0
telephony,CE,2017-06,219.48999999999998,4,4.0
telephony,CE,2017-07,57.62,1,5.0
telephony,CE,2017-08,464.29999999999995,4,4.25
telephony,CE,2017-09,882.25,5,4.333333333333333
telephony,CE,2017-10,814.4,6,4.0
telephony,CE,2017-11,1607.79,11,2.6363636363636362
telephony,CE,2017-12,761.63,6,3.6666666666666665
telephony,CE,2018-01,364.33,7,4.285714285714286
telephony,CE,2018-02,317.81,5,4.0
telephony,CE,2018-03,1549.64,11,2.5
telephony,CE,2018-04,966.0,6,3.125
telephony,CE,2018-05,281.22,5,4.4
telephony,CE,2018-07,562.69,4,3.0
telephony,CE,2018-08,214.78,2,4.5
telephony,DF,2017-01,22.55,1,1.0
telephony,DF,2017-02,137.83,1,1.0
telephony,DF,2017-03,111.85,3,5.0
telephony,DF,2017-04,94.67999999999999,2,2.0
telephony,DF,2017-05,455.31,1,5.0
telephony,DF,2017-06,144.89000000000001,4,4.5
telephony,DF,2017-07,104.65,2,5.0
telephony,DF,2017-08,353.34000000000003,3,5.0
telephony,DF,2017-09,677.14,6,4.714285714285714
telephony,DF,2017-10,2066.9500000000003,6,4.2
telephony,DF,2017-11,1452.92,6,4.571428571428571
telephony,DF,2017-12,668.48,5,4.875
telephony,DF,2018-01,307.52,6,3.3333333333333335
telephony,DF,2018-02,409.98,10,3.8181818181818183
telephony,DF,2018-03,390.62,4,4.0
telephony,DF,2018-04,807.8199999999999,6,3.875
telephony,DF,2018-05,45.22,1,5.0
telephony,DF,2018-06,283.67,6,4.5
telephony,DF,2018-07,395.26,5,4.2
telephony,DF,2018-08,1422.79,7,3.375
telephony,ES,2017-02,49.04,1,5.0
telephony,ES,2017-03,180.58,4,4.75
telephony,ES,2017-04,35.0,1,5.0
telephony,ES,2017-05,507.41999999999996,10,4.0
telephony,ES,2017-06,100.25,3,5.0
telephony,ES,2017-07,687.8299999999999,6,4.25
telephony,ES,2017-08,768.25,5,4.0
telephony,ES,2017-09,1248.56,6,4.285714285714286
telephony,ES,2017-10,39.09,1,4.0
telephony,ES,2017-11,98.78,2,3.0
telephony,ES,2017-12,636.74,5,3.5
telephony,ES,2018-01,1119.63,10,4.6
telephony,ES,2018-02,574.02,8,3.4444444444444446
telephony,ES,2018-03,468.59,10,3.111111111111111
telephony,ES,2018-04,310.68,6,3.0
telephony,ES,2018-05,297.84,6,3.6666666666666665
telephony,ES,2018-06,5090.1,5,1.9090909090909092
telephony,ES,2018-07,1608.9399999999998,8,4.5
telephony,ES,2018-08,1880.6999999999998,7,4.285714285714286
telephony,GO,2017-02,351.26000000000005,6,4.166666666666667
telephony,GO,2017-03,480.62,5,3.0
telephony,GO,2017-04,28.77,1,5.0
telephony,GO,2017-05,246.14000000000001,4,4.5
telephony,GO,2017-06,293.06,8,4.222222222222222
telephony,GO,2017-07,491.90000000000003,6,4.666666666666667
telephony,GO,2017-08,52.19,2,5.0
telephony,GO,2017-09,209.95000000000002,2,4.666666666666667
telephony,GO,2017-10,318.09000000000003,3,4.4
telephony,GO,2017-11,270.58,5,4.4
telephony,GO,2017-12,937.49,11,4.714285714285714
telephony,GO,2018-01,363.06,9,4.111111111111111
telephony,GO,2018-02,571.12,11,3.0833333333333335
telephony,GO,2018-03,430.78000000000003,10,4.0
telephony,GO,2018-04,376.76,8,3.75
telephony,GO,2018-05,263.23,4,3.5
telephony,GO,2018-06,715.09,9,3.8
telephony,GO,2018-07,1771.94,7,4.625
telephony,GO,2018-08,1360.01,4,4.0
telephony,MA,2017-02,161.51,1,4.0
telephony,MA,2017-03,560.86,6,3.2857142857142856
telephony,MA,2017-04,43.3,1,4.0
telephony,MA,2017-05,116.32,3,3.0
telephony,MA,2017-06,50.05,1,5.0
telephony,MA,2017-07,203.61,2,3.6666666666666665
telephony,MA,2017-08,131.57,1,4.0
telephony,MA,2017-09,1390.45,5,4.166666666666667
telephony,MA,2017-10,1618.74,7,2.3333333333333335
telephony,MA,2017-11,372.49,2,4.666666666666667
telephony,MA,2017-12,279.7,5,3.6
telephony,MA,2018-01,632.7099999999999,5,3.4
telephony,MA,2018-02,305.47,5,4.2
telephony,MA,2018-03,130.99,2,3.5
telephony,MA,2018-04,198.18,2,2.0
telephony,MA,2018-05,126.68,2,4.0
telephony,MA,2018-06,144.91,2,5.0
telephony,MA,2018-07,821.15,5,4.2
telephony,MA,2018-08,529.3100000000001,3,4.333333333333333
telephony,MG,2016-10,252.10000000000002,2,3.6666666666666665
telephony,MG,2017-01,483.14,5,4.125
telephony,MG,2017-02,898.8199999999999,15,4.4
telephony,MG,2017-03,1080.87,19,4.476190476190476
telephony,MG,2017-04,973.54,18,4.0
telephony,MG,2017-05,1580.72,26,4.142857142857143
telephony,MG,2017-06,922.33,15,3.625
telephony,MG,2017-07,1385.53,15,4.176470588235294
telephony,MG,2017-08,1540.01,13,4.461538461538462
telephony,MG,2017-09,2417.75,18,4.555555555555555
telephony,MG,2017-10,3732.66,31,3.7777777777777777
telephony,MG,2017-11,5437.67,52,4.109090909090909
telephony,MG,2017-12,2353.44,28,3.5483870967741935
telephony,MG,2018-01,3235.12,37,3.933333333333333
telephony,MG,2018-02,1818.94,31,4.176470588235294
telephony,MG,2018-03,4451.57,26,3.4615384615384617
telephony,MG,2018-04,1988.09,29,4.225806451612903
telephony,MG,2018-05,2613.52,22,4.590909090909091
telephony,MG,2018-06,3066.1,23,4.545454545454546
telephony,MG,2018-07,1219.43,12,4.153846153846154
telephony,MG,2018-08,5084.74,23,4.5
telephony,MS,2017-03,34.64,1,5.0
telephony,MS,2017-05,85.7,2,4.5
telephony,MS,2017-08,71.15,1,5.0
telephony,MS,2017-11,117.25,3,3.6666666666666665
telephony,MS,2018-01,198.68,2,3.0
telephony,MS,2018-02,564.0,3,3.3333333333333335
telephony,MS,2018-03,173.74,4,5.0
telephony,MS,2018-04,66.13,1,5.0
telephony,MS,2018-05,413.86,2,3.0
telephony,MS,2018-06,334.71,4,4.8
telephony,MS,2018-08,139.9,3,5.0
telephony,MT,2017-01,36.99,1,3.0
telephony,MT,2017-02,198.87,3,4.0
telephony,MT,2017-03,56.39,1,5.0
telephony,MT,2017-04,68.55000000000001,2,4.5
telephony,MT,2017-05,128.35,3,5.0
telephony,MT,2017-06,93.56,2,4.5
telephony,MT,2017-07,373.71000000000004,4,3.5
telephony,MT,2017-08,34.78,1,4.0
telephony,MT,2017-11,256.69,4,2.75
telephony,MT,2017-12,87.56,2,3.0
telephony,MT,2018-01,713.62,12,4.6
telephony,MT,2018-02,167.12,4,3.25
telephony,MT,2018-03,1161.65,2,3.6
telephony,MT,2018-04,223.2,4,2.75
telephony,MT,2018-05,202.2,4,4.25
telephony,MT,2018-06,273.74,5,3.6
telephony,MT,2018-07,1984.95,4,2.0
telephony,MT,2018-08,103.25,2,5.0
telephony,PA,2017-02,613.96,1,5.0
telephony,PA,2017-03,488.25,3,2.3333333333333335
telephony,PA,2017-04,53.83,1,5.0
telephony,PA,2017-05,184.69,4,3.75
telephony,PA,2017-06,662.31,7,4.0
telephony,PA,2017-07,268.36,4,5.0
telephony,PA,2017-08,1062.08,5,3.4
telephony,PA,2017-09,383.02,3,3.3333333333333335
telephony,PA,2017-10,196.48,4,4.75
telephony,PA,2017-11,551.5699999999999,7,3.4285714285714284
telephony,PA,2017-12,2184.1400000000003,4,3.8333333333333335
telephony,PA,2018-01,409.96999999999997,5,2.5
telephony,PA,2018-02,284.71999999999997,3,2.0
telephony,PA,2018-03,2299.54,9,1.875
telephony,PA,2018-04,335.06,2,3.0
telephony,PA,2018-05,1348.04,2,4.5
telephony,PA,2018-06,519.88,3,4.333333333333333
telephony,PA,2018-07,67.11,1,3.0
telephony,PA,2018-08,174.32,2,3.5
telephony,PB,2017-05,247.43,2,3.6666666666666665
telephony,PB,2017-06,250.63,2,1.5
telephony,PB,2017-07,84.14,1,1.0
telephony,PB,2017-09,46.05,1,2.0
telephony,PB,2017-10,214.57999999999998,3,5.0
telephony,PB,2018-01,321.84000000000003,3,3.5
telephony,PB,2018-02,174.42000000000002,3,2.6666666666666665
telephony,PB,2018-03,95.84,1,4.0
telephony,PB,2018-04,160.38,2,4.5
telephony,PB,2018-05,186.52,3,4.666666666666667
telephony,PB,2018-06,2076.57,2,4.0
telephony,PB,2018-08,328.35,2,3.0
telephony,PE,2017-01,59.83,1,5.0
telephony,PE,2017-02,314.66999999999996,3,5.0
telephony,PE,2017-03,169.8,2,4.666666666666667
telephony,PE,2017-04,313.61,6,3.7142857142857144
telephony,PE,2017-05,305.15999999999997,4,4.2
telephony,PE,2017-06,167.0,2,4.0
telephony,PE,2017-07,242.02,2,5.0
telephony,PE,2017-08,515.36,4,3.25
telephony,PE,2017-09,1628.9399999999998,6,5.0
telephony,PE,2017-10,1356.99,7,4.5
telephony,PE,2017-11,435.78000000000003,4,3.75
telephony,PE,2017-12,394.39,6,4.5
telephony,PE,2018-01,1369.98,18,4.111111111111111
telephony,PE,2018-02,1239.59,12,4.066666666666666
telephony,PE,2018-03,810.85,11,3.909090909090909
telephony,PE,2018-04,485.17,6,4.0
telephony,PE,2018-05,862.0,8,4.125
telephony,PE,2018-06,1241.43,6,4.625
telephony,PE,2018-07,2459.63,8,4.666666666666667
telephony,PE,2018-08,1093.19,6,4.333333333333333
telephony,PI,2017-04,82.65,2,4.5
telephony,PI,2017-05,287.02,3,4.5
telephony,PI,2017-08,97.83,1,5.0
telephony,PI,2017-09,94.19,2,3.5
telephony,PI,2017-10,1414.68,2,5.0
telephony,PI,2017-11,307.26,4,4.2
telephony,PI,2017-12,107.28,2,4.0
telephony,PI,2018-01,113.19,2,3.5
telephony,PI,2018-02,93.28,2,3.5
telephony,PI,2018-03,230.27,4,4.5
telephony,PI,2018-04,80.84,1,5.0
telephony,PI,2018-05,268.20000000000005,2,4.0
telephony,PI,2018-06,205.31,3,3.6666666666666665
telephony,PI,2018-07,1206.62,3,3.3333333333333335
telephony,PI,2018-08,262.38,2,4.5
telephony,PR,2017-02,3021.3,7,4.2
telephony,PR,2017-03,508.56,9,3.1818181818181817
telephony,PR,2017-04,508.64,11,4.090909090909091
telephony,PR,2017-05,377.53,7,4.142857142857143
telephony,PR,2017-06,722.3,8,4.625
telephony,PR,2017-07,613.5799999999999,5,3.6
telephony,PR,2017-08,274.44,8,4.625
telephony,PR,2017-09,349.01,8,4.25
telephony,PR,2017-10,1758.71,11,4.076923076923077
telephony,PR,2017-11,1115.76,21,3.727272727272727
telephony,PR,2017-12,521.5,12,4.3076923076923075
telephony,PR,2018-01,1490.74,31,4.0
telephony,PR,2018-02,1036.28,17,4.5
telephony,PR,2018-03,1485.4299999999998,19,3.3181818181818183
telephony,PR,2018-04,2343.64,15,3.789473684210526
telephony,PR,2018-05,1546.48,13,4.368421052631579
telephony,PR,2018-06,2750.6499999999996,6,4.428571428571429
telephony,PR,2018-07,1547.13,9,4.230769230769231
telephony,PR,2018-08,663.24,9,4.636363636363637
telephony,RJ,2017-01,260.07,2,4.333333333333333
telephony,RJ,2017-02,1442.8700000000001,13,3.625
telephony,RJ,2017-03,1713.8700000000001,20,3.5454545454545454
telephony,RJ,2017-04,1344.53,16,4.125
telephony,RJ,2017-05,1511.53,20,3.85
telephony,RJ,2017-06,1043.69,14,4.0588235294117645
telephony,RJ,2017-07,975.41,16,4.3125
telephony,RJ,2017-08,1186.99,8,3.3333333333333335
telephony,RJ,2017-09,2880.36,17,3.8421052631578947
telephony,RJ,2017-10,5135.55,23,4.2727272727272725
telephony,RJ,2017-11,5238.75,33,3.5714285714285716
telephony,RJ,2017-12,2638.9,23,4.043478260869565
telephony,RJ,2018-01,1753.04,25,3.5517241379310347
telephony,RJ,2018-02,3545.4900000000002,40,4.0
telephony,RJ,2018-03,3782.33,26,2.6
telephony,RJ,2018-04,1510.54,20,4.478260869565218
telephony,RJ,2018-05,3281.51,31,4.294117647058823
telephony,RJ,2018-06,3052.75,19,4.857142857142857
telephony,RJ,2018-07,2805.67,11,4.0
telephony,RJ,2018-08,6768.14,30,4.133333333333334
telephony,RN,2017-03,169.39,1,5.0
telephony,RN,2017-06,50.65,1,5.0
telephony,RN,2017-08,190.66,1,5.0
telephony,RN,2017-10,307.46,1,4.0
telephony,RN,2017-11,1952.65,6,3.727272727272727
telephony,RN,2017-12,152.0,2,1.5714285714285714
telephony,RN,2018-03,35.84,1,3.0
telephony,RN,2018-04,1176.96,2,2.5
telephony,RN,2018-05,141.68,2,5.0
telephony,RN,2018-06,1238.3300000000002,2,5.0
telephony,RN,2018-07,1315.1799999999998,2,5.0
telephony,RN,2018-08,52.92,1,5.0
telephony,RO,2017-03,43.83,1,4.0
telephony,RO,2017-04,44.83,1,3.0
telephony,RO,2017-05,183.32999999999998,3,4.5
telephony,RO,2017-08,51.14,1,4.0
telephony,RO,2017-10,237.77999999999997,2,2.3333333333333335
telephony,RO,2017-12,41.04,1,4.0
telephony,RO,2018-01,101.18,2,5.0
telephony,RO,2018-02,62.14,1,5.0
telephony,RO,2018-05,750.7,4,4.4
telephony,RO,2018-07,44.86,1,5.0
telephony,RR,2017-03,63.96,1,3.0
telephony,RR,2017-04,47.92,1,4.0
telephony,RR,2017-06,41.88,1,4.0
telephony,RR,2018-02,55.37,1,4.0
telephony,RS,2016-09,75.06,1,1.0
telephony,RS,2016-10,252.19,1,1.0
telephony,RS,2017-01,59.99,1,5.0
telephony,RS,2017-02,467.40999999999997,8,5.0
telephony,RS,2017-03,501.99,8,3.5
telephony,RS,2017-04,380.32,4,5.0
telephony,RS,2017-05,668.91,13,3.5
telephony,RS,2017-06,630.8100000000001,14,4.6875
telephony,RS,2017-07,532.79,9,4.181818181818182
telephony,RS,2017-08,1334.78,18,4.055555555555555
telephony,RS,2017-09,782.1600000000001,11,4.636363636363637
telephony,RS,2017-10,726.05,11,4.0
telephony,RS,2017-11,1361.66,24,3.92
telephony,RS,2017-12,2303.68,11,3.7333333333333334
telephony,RS,2018-01,634.0600000000001,13,3.8461538461538463
telephony,RS,2018-02,1246.1,19,3.85
telephony,RS,2018-03,3362.2000000000003,19,4.105263157894737
telephony,RS,2018-04,667.39,11,3.5833333333333335
telephony,RS,2018-05,937.4,12,4.461538461538462
telephony,RS,2018-06,1530.59,13,4.615384615384615
telephony,RS,2018-07,2116.96,16,3.263157894736842
telephony,RS,2018-08,28967.690000000002,18,4.105263157894737
telephony,SC,2017-01,1468.43,2,1.0
telephony,SC,2017-02,314.46,5,3.75
telephony,SC,2017-03,620.53,10,3.0
telephony,SC,2017-04,207.08,3,5.0
telephony,SC,2017-05,684.4100000000001,6,3.142857142857143
telephony,SC,2017-06,266.17,4,4.6
telephony,SC,2017-07,504.81,5,3.6666666666666665
telephony,SC,2017-08,165.87,4,4.0
telephony,SC,2017-09,848.54,8,4.25
telephony,SC,2017-10,474.03999999999996,6,4.833333333333333
telephony,SC,2017-11,4325.52,21,3.4444444444444446
telephony,SC,2017-12,432.81000000000006,10,3.7777777777777777
telephony,SC,2018-01,692.8100000000001,15,3.7333333333333334
telephony,SC,2018-02,858.75,17,3.7058823529411766
telephony,SC,2018-03,897.5200000000001,11,3.1666666666666665
telephony,SC,2018-04,1553.3899999999999,8,4.555555555555555
telephony,SC,2018-05,1109.35,6,4.5
telephony,SC,2018-06,2383.85,13,3.533333333333333
telephony,SC,2018-07,290.77,5,3.6
telephony,SC,2018-08,807.27,6,4.857142857142857
telephony,SE,2017-02,40.39,1,2.0
telephony,SE,2017-03,46.39,1,5.0
telephony,SE,2017-04,84.78,2,4.0
telephony,SE,2017-05,46.39,1,4.0
telephony,SE,2017-08,99.25,1,5.0
telephony,SE,2017-09,229.65,1,5.0
telephony,SE,2017-10,217.26,2,1.0
telephony,SE,2017-11,548.75,4,3.75
telephony,SE,2017-12,151.95999999999998,2,5.0
telephony,SE,2018-01,125.28,2,5.0
telephony,SE,2018-02,94.12,1,5.0
telephony,SE,2018-03,315.32000000000005,3,1.0
telephony,SE,2018-06,57.940000000000005,1,1.0
telephony,SE,2018-07,505.55,2,3.5
telephony,SE,2018-08,560.39,3,5.0
telephony,SP,2016-10,197.74,5,4.2
telephony,SP,2017-01,952.52,6,4.666666666666667
telephony,SP,2017-02,1611.5,27,4.032258064516129
telephony,SP,2017-03,3953.79,51,4.125
telephony,SP,2017-04,4121.62,52,4.2592592592592595
telephony,SP,2017-05,4997.59,68,3.91025641025641
telephony,SP,2017-06,3209.09,52,4.018518518518518
telephony,SP,2017-07,4574.67,49,4.112903225806452
telephony,SP,2017-08,2974.5099999999998,38,4.125
telephony,SP,2017-09,7783.3,54,4.535714285714286
telephony,SP,2017-10,7744.28,81,4.2444444444444445
telephony,SP,2017-11,10442.68,111,3.734375
telephony,SP,2017-12,6140.26,96,4.216981132075472
telephony,SP,2018-01,7134.38,115,3.7954545454545454
telephony,SP,2018-02,12931.26,126,3.7202797202797204
telephony,SP,2018-03,7732.35,125,3.970149253731343
telephony,SP,2018-04,16790.86,111,3.9246575342465753
telephony,SP,2018-05,11038.880000000001,98,4.128712871287129
telephony,SP,2018-06,4873.81,73,4.12987012987013
telephony,SP,2018-07,12201.970000000001,87,4.117021276595745
telephony,SP,2018-08,14615.34,96,3.8230088495575223
telephony,TO,2017-03,97.11000000000001,2,3.5
telephony,TO,2017-05,185.01000000000002,3,1.6666666666666667
telephony,TO,2017-08,47.62,1,5.0
telephony,TO,2017-10,40.53,1,5.0
telephony,TO,2017-11,91.74,2,4.0
telephony,TO,2018-01,131.24,2,5.0
telephony,TO,2018-02,50.62,1,2.0
telephony,TO,2018-03,479.76,3,4.25
telephony,TO,2018-04,59.03,1,4.0
telephony,TO,2018-06,404.22,1,3.0
telephony,TO,2018-07,127.17999999999999,2,4.5
telephony,TO,2018-08,301.46,1,5.0
toys,AC,2017-06,75.28,1,4.0
toys,AC,2017-07,140.2,1,5.0
toys,AC,2018-04,102.57,1,1.0
toys,AL,2017-03,130.13,2,5.0
toys,AL,2017-04,63.79,1,4.0
toys,AL,2017-06,64.14,1,1.0
toys,AL,2017-07,152.25,1,5.0
toys,AL,2017-08,205.45,2,1.0
toys,AL,2017-09,131.47,1,4.0
toys,AL,2018-01,286.75,1,2.0
toys,AL,2018-03,218.62,1,4.0
toys,AL,2018-04,123.82,1,3.0
toys,AL,2018-07,42.76,1,5.0
toys,AM,2017-03,445.72,1,5.0
toys,AM,2017-04,120.05,1,5.0
toys,AM,2017-09,105.01,1,5.0
toys,AM,2017-10,54.14,1,5.0
toys,AM,2018-01,76.17,1,4.0
toys,AM,2018-06,334.01,1,5.0
toys,AP,2017-06,95.68,1,4.0
toys,AP,2017-10,66.1,1,3.0
toys,AP,2018-05,227.94,1,5.0
toys,BA,2017-01,274.08,3,4.333333333333333
toys,BA,2017-02,141.29,1,5.0
toys,BA,2017-03,314.48,2,4.5
toys,BA,2017-04,1405.3999999999999,4,3.6666666666666665
toys,BA,2017-05,1071.84,7,4.25
toys,BA,2017-06,425.19,4,4.5
toys,BA,2017-07,343.33,5,4.6
toys,BA,2017-08,556.25,5,4.8
toys,BA,2017-09,994.89,8,3.6363636363636362
toys,BA,2017-10,1887.81,12,3.923076923076923
toys,BA,2017-11,2531.14,13,4.142857142857143
toys,BA,2017-12,2585.34,10,3.6
toys,BA,2018-01,570.22,3,3.6666666666666665
toys,BA,2018-02,221.81,2,4.333333333333333
toys,BA,2018-03,720.69,7,3.7142857142857144
toys,BA,2018-04,584.36,5,3.75
toys,BA,2018-05,1861.31,9,3.0
toys,BA,2018-06,574.56,6,4.142857142857143
toys,BA,2018-07,1037.4299999999998,9,4.916666666666667
toys,BA,2018-08,72.27,1,5.0
toys,CE,2017-03,280.68,1,5.0
toys,CE,2017-04,168.9,1,4.0
toys,CE,2017-05,464.56,3,5.0
toys,CE,2017-06,120.06,2,4.0
toys,CE,2017-07,1580.6299999999999,8,4.875
toys,CE,2017-08,1229.08,6,4.285714285714286
toys,CE,2017-09,996.98,9,4.5
toys,CE,2017-11,2665.14,11,2.6923076923076925
toys,CE,2017-12,448.26,4,4.25
toys,CE,2018-01,48.13,1,
toys,CE,2018-02,175.46,2,2.5
toys,CE,2018-03,619.9200000000001,5,3.4
toys,CE,2018-04,283.54,1,5.0
toys,CE,2018-05,1541.3500000000001,4,4.75
toys,CE,2018-06,400.02,3,4.666666666666667
toys,CE,2018-08,263.15999999999997,2,4.5
toys,DF,2016-10,123.2,1,5.0
toys,DF,2017-02,205.49,2,5.0
toys,DF,2017-03,135.15,2,5.0
toys,DF,2017-04,1239.4499999999998,1,3.0
toys,DF,2017-05,846.62,6,4.857142857142857
toys,DF,2017-06,1093.14,10,4.5
toys,DF,2017-07,625.72,5,5.0
toys,DF,2017-08,322.93,2,5.0
toys,DF,2017-09,523.55,4,3.75
toys,DF,2017-10,798.88,6,4.0
toys,DF,2017-11,2428.0,8,2.888888888888889
toys,DF,2017-12,3481.44,13,4.071428571428571
toys,DF,2018-01,239.60000000000002,3,3.3333333333333335
toys,DF,2018-02,749.11,7,4.571428571428571
toys,DF,2018-03,226.97,3,2.3333333333333335
toys,DF,2018-04,175.72,2,4.5
toys,DF,2018-05,895.97,5,3.0
toys,DF,2018-06,343.17,3,3.6666666666666665
toys,DF,2018-07,510.77000000000004,3,3.0
toys,DF,2018-08,593.5799999999999,5,4.4
toys,ES,2017-01,50.95,1,4.0
toys,ES,2017-02,168.4,2,5.0
toys,ES,2017-03,693.26,4,4.6
toys,ES,2017-04,73.03,1,5.0
toys,ES,2017-05,473.24,4,3.5
toys,ES,2017-06,721.61,7,4.285714285714286
toys,ES,2017-07,502.37,5,4.75
toys,ES,2017-08,450.86,2,5.0
toys,ES,2017-09,910.96,6,4.666666666666667
toys,ES,2017-10,953.38,7,4.5
toys,ES,2017-11,2266.3,12,4.0
toys,ES,2017-12,707.73,4,3.4
toys,ES,2018-01,535.25,5,4.6
toys,ES,2018-02,625.66,3,4.0
toys,ES,2018-03,459.99,6,3.6666666666666665
toys,ES,2018-04,577.42,4,2.75
toys,ES,2018-05,845.78,6,4.0
toys,ES,2018-06,1343.78,6,4.285714285714286
toys,ES,2018-07,479.23,4,5.0
toys,ES,2018-08,290.05,4,3.25
toys,GO,2016-10,215.63,2,5.0
toys,GO,2017-02,128.45000000000002,2,3.0
toys,GO,2017-04,148.55,2,4.0
toys,GO,2017-05,72.71,1,1.0
toys,GO,2017-06,88.91,2,2.5
toys,GO,2017-07,548.19,6,4.333333333333333
toys,GO,2017-08,249.51,4,3.0
toys,GO,2017-09,1647.44,6,4.125
toys,GO,2017-10,2698.16,13,4.8
toys,GO,2017-11,1459.73,7,3.888888888888889
toys,GO,2017-12,786.61,7,4.285714285714286
toys,GO,2018-01,302.95,3,4.666666666666667
toys,GO,2018-02,350.49,2,3.0
toys,GO,2018-03,624.56,5,2.75
toys,GO,2018-04,148.73000000000002,2,4.0
toys,GO,2018-05,1546.57,8,4.555555555555555
toys,GO,2018-06,135.63,2,5.0
toys,GO,2018-07,266.89,2,4.5
toys,MA,2017-03,285.14,1,5.0
toys,MA,2017-05,327.2,2,4.5
toys,MA,2017-07,185.31,2,5.0
toys,MA,2017-08,161.02,1,1.0
toys,MA,2017-09,234.99,2,4.0
toys,MA,2017-12,553.41,3,3.0
toys,MA,2018-01,625.52,2,5.0
toys,MA,2018-03,79.05,1,1.0
toys,MA,2018-04,1346.29,4,3.5
toys,MA,2018-05,363.29,1,4.0
toys,MA,2018-06,275.84999999999997,2,4.75
toys,MG,2016-10,980.74,4,3.5
toys,MG,2017-01,1517.47,9,4.222222222222222
toys,MG,2017-02,1071.08,10,3.5454545454545454
toys,MG,2017-03,1040.89,9,4.444444444444445
toys,MG,2017-04,2733.9500000000003,14,4.4
toys,MG,2017-05,2756.44,26,4.538461538461538
toys,MG,2017-06,2380.75,15,4.411764705882353
toys,MG,2017-07,3574.51,22,4.458333333333333
toys,MG,2017-08,3237.9300000000003,21,4.7727272727272725
toys,MG,2017-09,4744.34,34,4.4324324324324325
toys,MG,2017-10,4823.49,33,4.102564102564102
toys,MG,2017-11,10776.06,56,4.333333333333333
toys,MG,2017-12,13177.0,61,4.171428571428572
toys,MG,2018-01,1531.43,12,4.142857142857143
toys,MG,2018-02,1752.02,12,3.857142857142857
toys,MG,2018-03,3921.29,20,3.227272727272727
toys,MG,2018-04,3581.1,20,4.380952380952381
toys,MG,2018-05,3732.7,22,4.3478260869565215
toys,MG,2018-06,4187.24,23,4.48
toys,MG,2018-07,3240.81,21,4.041666666666667
toys,MG,2018-08,1957.55,14,4.466666666666667
toys,MS,2017-03,179.42,2,4.5
toys,MS,2017-05,150.39,1,5.0
toys,MS,2017-06,206.57999999999998,2,3.0
toys,MS,2017-07,167.29,1,4.0
toys,MS,2017-09,820.05,4,3.5
toys,MS,2017-11,552.45,3,2.3333333333333335
toys,MS,2017-12,1271.5400000000002,5,2.7142857142857144
toys,MS,2018-01,643.13,4,4.25
toys,MS,2018-02,93.8,2,4.0
toys,MS,2018-03,275.5,4,3.0
toys,MS,2018-04,89.44,2,5.0
toys,MS,2018-05,473.36,1,5.0
toys,MS,2018-06,92.41,1,5.0
toys,MS,2018-07,62.98,1,4.0
toys,MS,2018-08,224.54,1,3.0
toys,MT,2017-01,327.0,2,5.0
toys,MT,2017-02,63.79,1,5.0
toys,MT,2017-04,286.70000000000005,2,5.0
toys,MT,2017-05,118.38,1,3.0
toys,MT,2017-06,267.46,2,4.5
toys,MT,2017-08,651.5699999999999,3,5.0
toys,MT,2017-09,963.8499999999999,2,2.0
toys,MT,2017-10,213.58,1,5.0
toys,MT,2017-11,450.4,4,4.0
toys,MT,2017-12,1207.1399999999999,4,2.0
toys,MT,2018-01,88.05,1,5.0
toys,MT,2018-02,65.69,1,5.0
toys,MT,2018-03,326.39,4,2.0
toys,MT,2018-04,170.77,1,5.0
toys,MT,2018-05,1454.4099999999999,4,4.8
toys,MT,2018-06,1385.1,3,4.8
toys,MT,2018-07,249.42000000000002,2,5.0
toys,MT,2018-08,128.78,1,5.0
toys,PA,2016-10,663.93,1,4.0
toys,PA,2017-01,328.35,1,5.0
toys,PA,2017-02,76.25,1,5.0
toys,PA,2017-03,405.76,2,4.0
toys,PA,2017-05,160.01999999999998,2,5.0
toys,PA,2017-06,236.13,2,5.0
toys,PA,2017-07,516.39,3,3.75
toys,PA,2017-08,107.81,1,5.0
toys,PA,2017-09,50.65,1,1.0
toys,PA,2017-10,305.53,3,4.666666666666667
toys,PA,2017-11,530.52,2,1.5
toys,PA,2017-12,382.33,3,4.333333333333333
toys,PA,2018-02,122.75,2,5.0
toys,PA,2018-03,240.54,3,3.0
toys,PA,2018-04,147.13,1,3.0
toys,PA,2018-08,414.46,1,5.0
toys,PB,2016-10,74.74,1,5.0
toys,PB,2017-02,140.34,1,5.0
toys,PB,2017-04,144.15,2,4.0
toys,PB,2017-06,95.68,1,4.0
toys,PB,2017-07,115.89,1,5.0
toys,PB,2017-11,103.28,1,5.0
toys,PB,2017-12,169.5,1,1.0
toys,PB,2018-01,111.33,1,5.0
toys,PB,2018-03,58.75,1,5.0
toys,PB,2018-05,529.95,1,5.0
toys,PB,2018-06,3271.0799999999995,1,5.0
toys,PB,2018-07,655.93,1,5.0
toys,PB,2018-08,227.22000000000003,2,5.0
toys,PE,2017-03,769.4200000000001,4,4.75
toys,PE,2017-04,92.97,1,4.0
toys,PE,2017-05,793.74,5,4.8
toys,PE,2017-06,497.76,5,3.6
toys,PE,2017-07,455.68,3,4.25
toys,PE,2017-08,495.11,2,4.333333333333333
toys,PE,2017-09,672.22,6,3.8333333333333335
toys,PE,2017-10,1003.1899999999999,3,3.6666666666666665
toys,PE,2017-11,1354.25,7,4.714285714285714
toys,PE,2017-12,1956.24,5,3.1666666666666665
toys,PE,2018-01,121.49,1,5.0
toys,PE,2018-02,110.93,1,3.0
toys,PE,2018-03,778.9,3,3.0
toys,PE,2018-04,1978.45,4,4.285714285714286
toys,PE,2018-05,49.23,1,5.0
toys,PE,2018-06,646.3,3,4.333333333333333
toys,PE,2018-07,554.87,2,4.5
toys,PE,2018-08,122.08,1,5.0
toys,PI,2017-02,91.61,1,4.0
toys,PI,2017-04,190.62,1,5.0
toys,PI,2017-05,1286.1399999999999,2,4.5
toys,PI,2017-06,163.29,1,4.0
toys,PI,2017-07,115.89,1,5.0
toys,PI,2017-08,271.99,2,3.5
toys,PI,2017-09,737.87,4,4.0
toys,PI,2017-10,618.19,5,3.0
toys,PI,2017-11,112.42,1,3.0
toys,PI,2017-12,377.22,2,4.5
toys,PI,2018-02,242.54000000000002,2,5.0
toys,PI,2018-04,51.9,1,5.0
toys,PI,2018-05,227.94,1,4.0
toys,PI,2018-06,518.05,2,4.5
toys,PI,2018-07,561.29,2,3.0
toys,PR,2017-01,198.43,2,3.0
toys,PR,2017-02,975.14,4,3.75
toys,PR,2017-03,309.65999999999997,4,4.6
toys,PR,2017-04,504.46999999999997,5,4.4
toys,PR,2017-05,1225.12,8,4.75
toys,PR,2017-06,612.7,8,4.5
toys,PR,2017-07,1431.08,10,4.6
toys,PR,2017-08,1534.39,14,4.714285714285714
toys,PR,2017-09,1493.45,9,4.833333333333333
toys,PR,2017-10,1780.2099999999998,11,4.6
toys,PR,2017-11,4565.05,24,4.291666666666667
toys,PR,2017-12,2980.1,20,3.789473684210526
toys,PR,2018-01,1464.34,12,4.428571428571429
toys,PR,2018-02,496.55,5,2.3333333333333335
toys,PR,2018-03,1078.22,8,3.5555555555555554
toys,PR,2018-04,638.63,7,5.0
toys,PR,2018-05,2368.02,16,4.529411764705882
toys,PR,2018-06,2341.01,15,4.214285714285714
toys,PR,2018-07,1517.78,9,4.111111111111111
toys,PR,2018-08,1632.95,10,4.363636363636363
toys,RJ,2016-10,1790.55,6,2.1666666666666665
toys,RJ,2017-01,681.12,7,3.857142857142857
toys,RJ,2017-02,781.63,9,3.888888888888889
toys,RJ,2017-03,2529.03,15,4.6
toys,RJ,2017-04,3536.11,22,4.703703703703703
toys,RJ,2017-05,6440.87,36,4.7105263157894735
toys,RJ,2017-06,3087.73,22,4.333333333333333
toys,RJ,2017-07,2691.77,24,4.12
toys,RJ,2017-08,4198.22,22,4.153846153846154
toys,RJ,2017-09,5921.02,36,4.590909090909091
toys,RJ,2017-10,10039.53,45,4.14
toys,RJ,2017-11,15600.65,76,3.6951219512195124
toys,RJ,2017-12,12225.16,74,3.4266666666666667
toys,RJ,2018-01,3217.29,23,3.5217391304347827
toys,RJ,2018-02,3983.9100000000003,17,4.1
toys,RJ,2018-03,3334.1,24,3.6
toys,RJ,2018-04,3158.08,21,4.190476190476191
toys,RJ,2018-05,3429.8,24,4.5
toys,RJ,2018-06,1965.07,15,4.4
toys,RJ,2018-07,1663.19,14,4.266666666666667
toys,RJ,2018-08,3622.36,20,3.4545454545454546
toys,RN,2017-01,157.99,1,5.0
toys,RN,2017-02,452.64,1,5.0
toys,RN,2017-03,67.83,1,5.0
toys,RN,2017-04,129.57,2,4.5
toys,RN,2017-07,260.44,2,4.0
toys,RN,2017-08,456.62,3,5.0
toys,RN,2017-09,180.39,2,1.5
toys,RN,2017-11,92.8,1,1.0
toys,RN,2017-12,297.45,3,4.666666666666667
toys,RN,2018-01,320.07,2,5.0
toys,RN,2018-03,167.22,1,5.0
toys,RN,2018-04,334.65,2,4.0
toys,RN,2018-05,174.96,1,3.0
toys,RN,2018-08,83.04,1,5.0
toys,RO,2017-03,274.33,3,5.0
toys,RO,2017-06,387.76,1,5.0
toys,RO,2017-08,71.05,1,4.0
toys,RO,2017-09,1166.55,2,2.3333333333333335
toys,RO,2017-10,247.58,2,4.0
toys,RO,2017-12,1279.1,1,5.0
toys,RO,2018-02,76.17,1,3.0
toys,RO,2018-05,563.04,1,4.0
toys,RO,2018-07,109.8,1,3.0
toys,RS,2016-10,306.22,2,5.0
toys,RS,2017-01,84.99,1,5.0
toys,RS,2017-02,1559.06,3,4.0
toys,RS,2017-03,781.86,6,4.333333333333333
toys,RS,2017-04,1887.8600000000001,8,4.0
toys,RS,2017-05,1560.34,13,4.571428571428571
toys,RS,2017-06,1153.72,9,4.4
toys,RS,2017-07,2979.92,15,3.8666666666666667
toys,RS,2017-08,839.98,10,4.181818181818182
toys,RS,2017-09,2737.76,15,4.125
toys,RS,2017-10,1751.06,10,4.3
toys,RS,2017-11,5867.01,23,3.925925925925926
toys,RS,2017-12,4266.82,27,3.793103448275862
toys,RS,2018-01,929.09,5,4.6
toys,RS,2018-02,1145.15,7,3.5
toys,RS,2018-03,2017.76,13,3.6875
toys,RS,2018-04,391.77,5,4.0
toys,RS,2018-05,1387.9,8,4.7272727272727275
toys,RS,2018-06,975.63,8,4.9
toys,RS,2018-07,1320.44,7,4.714285714285714
toys,RS,2018-08,1444.42,8,4.75
toys,SC,2017-02,194.41,3,3.6666666666666665
toys,SC,2017-03,120.87,2,3.0
toys,SC,2017-04,303.53,3,4.333333333333333
toys,SC,2017-05,690.52,4,4.5
toys,SC,2017-06,656.0899999999999,5,4.6
toys,SC,2017-07,2422.34,9,4.555555555555555
toys,SC,2017-08,437.18,2,5.0
toys,SC,2017-09,1287.4,6,4.0
toys,SC,2017-10,1751.77,14,4.785714285714286
toys,SC,2017-11,1934.91,14,4.214285714285714
toys,SC,2017-12,1686.01,13,4.846153846153846
toys,SC,2018-01,2249.28,11,4.0
toys,SC,2018-02,458.9,2,1.0
toys,SC,2018-03,965.63,7,3.5714285714285716
toys,SC,2018-04,639.75,6,4.833333333333333
toys,SC,2018-05,775.6600000000001,3,4.666666666666667
toys,SC,2018-06,115.84,2,4.5
toys,SC,2018-07,792.8199999999999,5,4.666666666666667
toys,SC,2018-08,1449.26,4,5.0
toys,SE,2017-02,187.28,1,5.0
toys,SE,2017-05,105.01,1,5.0
toys,SE,2017-06,342.94,2,1.0
toys,SE,2017-07,118.01,1,1.0
toys,SE,2017-08,203.96,1,4.0
toys,SE,2017-09,118.01,1,1.0
toys,SE,2017-10,106.39,1,3.0
toys,SE,2017-11,51.05,1,5.0
toys,SE,2018-04,229.28,2,4.5
toys,SP,2016-10,1515.73,8,4.0
toys,SP,2017-01,1658.3899999999999,15,4.375
toys,SP,2017-02,5215.13,20,4.782608695652174
toys,SP,2017-03,6123.93,39,4.153846153846154
toys,SP,2017-04,3997.35,31,3.8125
toys,SP,2017-05,8996.39,74,4.397435897435898
toys,SP,2017-06,6410.97,48,4.5
toys,SP,2017-07,10362.6,76,4.6
toys,SP,2017-08,8504.67,66,4.424657534246576
toys,SP,2017-09,15546.89,113,4.145161290322581
toys,SP,2017-10,14437.5,111,4.2
toys,SP,2017-11,30128.18,188,4.223214285714286
toys,SP,2017-12,22749.77,161,4.059171597633136
toys,SP,2018-01,13083.12,66,4.041666666666667
toys,SP,2018-02,8035.41,68,3.7916666666666665
toys,SP,2018-03,13136.27,105,3.9304347826086956
toys,SP,2018-04,14385.44,102,4.296296296296297
toys,SP,2018-05,15340.72,95,4.408163265306122
toys,SP,2018-06,10465.5,81,4.3936170212765955
toys,SP,2018-07,9873.45,66,4.260869565217392
toys,SP,2018-08,15247.5,79,4.0588235294117645
toys,TO,2017-01,302.58,1,4.0
toys,TO,2017-04,363.72,1,5.0
toys,TO,2017-06,178.44,1,5.0
toys,TO,2017-09,108.86,1,5.0
toys,TO,2018-01,56.79,1,5.0
toys,TO,2018-02,172.98,1,1.0
toys,TO,2018-03,646.16,1,5.0
toys,TO,2018-04,152.07,2,3.5
toys,TO,2018-05,376.81,2,4.0
toys,TO,2018-08,111.56,1,4.0
watches_gifts,AC,2017-05,995.1800000000001,1,5.0
watches_gifts,AC,2018-04,338.01,2,3.5
watches_gifts,AC,2018-06,240.53,1,4.0
watches_gifts,AL,2017-04,1154.11,2,3.0
watches_gifts,AL,2017-05,338.99,2,4.333333333333333
watches_gifts,AL,2017-06,50.15,1,5.0
watches_gifts,AL,2017-07,374.07000000000005,2,4.0
watches_gifts,AL,2017-08,1523.91,2,5.0
watches_gifts,AL,2017-10,1315.3700000000001,3,5.0
watches_gifts,AL,2017-11,1686.22,4,4.25
watches_gifts,AL,2018-01,247.37,1,4.0
watches_gifts,AL,2018-02,381.76,2,3.0
watches_gifts,AL,2018-03,1975.46,3,4.666666666666667
watches_gifts,AL,2018-04,1562.4699999999998,3,2.0
watches_gifts,AL,2018-05,1854.59,4,4.25
watches_gifts,AL,2018-06,665.02,4,5.0
watches_gifts,AL,2018-07,78.11,1,5.0
watches_gifts,AL,2018-08,154.34,1,5.0
watches_gifts,AM,2017-03,185.51,1,5.0
watches_gifts,AM,2017-05,273.31,2,1.5
watches_gifts,AM,2017-08,604.76,1,5.0
watches_gifts,AM,2017-09,95.51,1,
watches_gifts,AM,2017-11,180.82,1,5.0
watches_gifts,AM,2018-02,160.67,1,1.0
watches_gifts,AM,2018-03,136.08,1,5.0
watches_gifts,AM,2018-07,515.43,3,3.6666666666666665
watches_gifts,AP,2017-12,135.61,1,4.0
watches_gifts,AP,2018-01,593.33,2,2.0
watches_gifts,AP,2018-02,1086.31,2,4.0
watches_gifts,AP,2018-05,99.9,1,5.0
watches_gifts,AP,2018-07,101.27,1,3.0
watches_gifts,BA,2016-10,674.33,1,1.0
watches_gifts,BA,2017-02,361.98,1,5.0
watches_gifts,BA,2017-03,866.8599999999999,3,3.0
watches_gifts,BA,2017-04,597.56,4,3.2
watches_gifts,BA,2017-05,1668.45,4,4.0
watches_gifts,BA,2017-06,2096.2,4,2.75
watches_gifts,BA,2017-07,2493.93,9,3.888888888888889
watches_gifts,BA,2017-08,2293.28,7,4.142857142857143
watches_gifts,BA,2017-09,2074.61,9,3.909090909090909
watches_gifts,BA,2017-10,2593.88,10,3.8181818181818183
watches_gifts,BA,2017-11,2300.44,15,3.5625
watches_gifts,BA,2017-12,4624.07,20,4.238095238095238
watches_gifts,BA,2018-01,3521.4,13,3.888888888888889
watches_gifts,BA,2018-02,2862.85,15,3.6875
watches_gifts,BA,2018-03,3593.5,10,2.4166666666666665
watches_gifts,BA,2018-04,4384.33,23,3.68
watches_gifts,BA,2018-05,6242.08,22,3.6
watches_gifts,BA,2018-06,4100.18,14,3.3333333333333335
watches_gifts,BA,2018-07,6916.87,26,3.9615384615384617
watches_gifts,BA,2018-08,2069.9900000000002,12,4.928571428571429
watches_gifts,CE,2017-01,305.44,1,5.0
watches_gifts,CE,2017-03,1462.9599999999998,2,3.5
watches_gifts,CE,2017-04,271.91999999999996,1,5.0
watches_gifts,CE,2017-05,1317.3400000000001,4,5.0
watches_gifts,CE,2017-06,757.97,1,3.0
watches_gifts,CE,2017-08,2752.05,6,4.833333333333333
watches_gifts,CE,2017-09,5903.48,12,3.8461538461538463
watches_gifts,CE,2017-10,1826.6100000000001,7,4.571428571428571
watches_gifts,CE,2017-11,2038.13,10,3.9
watches_gifts,CE,2017-12,1920.46,8,4.090909090909091
watches_gifts,CE,2018-01,1551.48,7,4.142857142857143
watches_gifts,CE,2018-02,3866.78,14,3.0625
watches_gifts,CE,2018-03,1351.17,5,2.0
watches_gifts,CE,2018-04,1467.83,9,4.6
watches_gifts,CE,2018-05,1737.08,13,3.923076923076923
watches_gifts,CE,2018-06,1867.21,7,4.25
watches_gifts,CE,2018-07,2079.91,12,4.6
watches_gifts,CE,2018-08,3189.6000000000004,10,4.181818181818182
watches_gifts,DF,2016-10,671.31,1,5.0
watches_gifts,DF,2017-02,296.35,1,1.0
watches_gifts,DF,2017-03,229.76999999999998,3,4.75
watches_gifts,DF,2017-05,1145.24,3,4.666666666666667
watches_gifts,DF,2017-06,412.15999999999997,2,4.0
watches_gifts,DF,2017-07,532.77,2,4.0
watches_gifts,DF,2017-08,992.5799999999999,5,3.142857142857143
watches_gifts,DF,2017-09,156.01,2,5.0
watches_gifts,DF,2017-10,3602.71,14,3.357142857142857
watches_gifts,DF,2017-11,3550.4,14,3.6
watches_gifts,DF,2017-12,1553.2,5,4.285714285714286
watches_gifts,DF,2018-01,2567.88,7,4.75
watches_gifts,DF,2018-02,1477.29,8,3.625
watches_gifts,DF,2018-03,3653.46,13,4.083333333333333
watches_gifts,DF,2018-04,3864.64,13,4.615384615384615
watches_gifts,DF,2018-05,4461.67,14,4.0625
watches_gifts,DF,2018-06,2232.35,13,4.153846153846154
watches_gifts,DF,2018-07,4182.34,17,4.5
watches_gifts,DF,2018-08,1323.9099999999999,6,3.3333333333333335
watches_gifts,ES,2017-02,357.15999999999997,2,5.0
watches_gifts,ES,2017-03,420.03999999999996,2,4.5
watches_gifts,ES,2017-04,335.29,2,3.5
watches_gifts,ES,2017-05,1757.41,4,4.5
watches_gifts,ES,2017-07,709.81,7,3.5714285714285716
watches_gifts,ES,2017-08,1675.77,8,4.5
watches_gifts,ES,2017-09,829.24,3,4.0
watches_gifts,ES,2017-10,221.57,3,3.6666666666666665
watches_gifts,ES,2017-11,3925.08,13,3.0
watches_gifts,ES,2017-12,1753.8999999999999,8,4.375
watches_gifts,ES,2018-01,2295.22,8,4.875
watches_gifts,ES,2018-02,1818.7,11,4.2727272727272725
watches_gifts,ES,2018-03,1854.97,12,3.1818181818181817
watches_gifts,ES,2018-04,2359.81,11,4.25
watches_gifts,ES,2018-05,5921.65,23,4.333333333333333
watches_gifts,ES,2018-06,1092.95,7,4.571428571428571
watches_gifts,ES,2018-07,3151.5099999999998,10,3.5555555555555554
watches_gifts,ES,2018-08,3596.68,11,3.4285714285714284
watches_gifts,GO,2017-01,1326.79,1,4.0
watches_gifts,GO,2017-03,610.14,2,3.0
watches_gifts,GO,2017-04,349.97,2,2.5
watches_gifts,GO,2017-05,1921.5900000000001,6,4.5
watches_gifts,GO,2017-07,915.3199999999999,3,4.75
watches_gifts,GO,2017-08,1335.6499999999999,4,4.2
watches_gifts,GO,2017-09,1496.03,9,4.0
watches_gifts,GO,2017-10,1961.33,6,4.0
watches_gifts,GO,2017-11,3328.03,9,4.7
watches_gifts,GO,2017-12,2932.87,9,4.222222222222222
watches_gifts,GO,2018-01,1553.57,10,4.0
watches_gifts,GO,2018-02,1526.8300000000002,6,4.571428571428571
watches_gifts,GO,2018-03,2174.74,12,3.25
watches_gifts,GO,2018-04,2817.76,16,4.166666666666667
watches_gifts,GO,2018-05,3344.23,14,4.666666666666667
watches_gifts,GO,2018-06,2874.25,11,4.583333333333333
watches_gifts,GO,2018-07,2657.5,12,4.0
watches_gifts,GO,2018-08,3734.0299999999997,11,4.454545454545454
watches_gifts,MA,2017-04,446.98,3,5.0
watches_gifts,MA,2017-06,63.15,1,4.0
watches_gifts,MA,2017-07,70.15,1,3.0
watches_gifts,MA,2017-08,295.18,2,4.5
watches_gifts,MA,2017-09,348.26,3,4.0
watches_gifts,MA,2017-11,2004.91,8,4.333333333333333
watches_gifts,MA,2017-12,193.91,1,5.0
watches_gifts,MA,2018-01,1783.99,8,4.5
watches_gifts,MA,2018-02,715.58,4,4.25
watches_gifts,MA,2018-03,897.84,5,3.0
watches_gifts,MA,2018-04,757.54,4,4.5
watches_gifts,MA,2018-05,864.41,4,3.4
watches_gifts,MA,2018-06,1677.5,6,3.6666666666666665
watches_gifts,MA,2018-07,1755.58,6,2.7142857142857144
watches_gifts,MA,2018-08,766.15,2,4.5
watches_gifts,MG,2017-01,348.56,2,4.5
watches_gifts,MG,2017-02,1078.5700000000002,3,2.0
watches_gifts,MG,2017-03,1569.55,7,4.428571428571429
watches_gifts,MG,2017-04,3245.86,11,4.181818181818182
watches_gifts,MG,2017-05,3413.0699999999997,9,4.222222222222222
watches_gifts,MG,2017-06,4732.31,15,4.375
watches_gifts,MG,2017-07,3818.1,16,4.1875
watches_gifts,MG,2017-08,2167.32,14,4.3125
watches_gifts,MG,2017-09,4981.51,20,4.368421052631579
watches_gifts,MG,2017-10,9052.52,32,4.138888888888889
watches_gifts,MG,2017-11,10165.56,45,4.254545454545455
watches_gifts,MG,2017-12,14053.35,38,3.8536585365853657
watches_gifts,MG,2018-01,7752.8,37,4.15
watches_gifts,MG,2018-02,7738.29,33,4.25
watches_gifts,MG,2018-03,10882.3,52,3.9615384615384617
watches_gifts,MG,2018-04,11161.61,50,4.431372549019608
watches_gifts,MG,2018-05,12468.76,64,3.925373134328358
watches_gifts,MG,2018-06,12718.85,61,4.328125
watches_gifts,MG,2018-07,10988.59,61,3.8253968253968256
watches_gifts,MG,2018-08,8411.88,41,4.333333333333333
watches_gifts,MS,2017-09,255.98000000000002,2,4.0
watches_gifts,MS,2017-10,2738.4900000000002,2,3.2857142857142856
watches_gifts,MS,2017-11,206.76,1,5.0
watches_gifts,MS,2017-12,1086.53,2,5.0
watches_gifts,MS,2018-01,220.88,1,5.0
watches_gifts,MS,2018-02,602.28,2,3.5
watches_gifts,MS,2018-03,2005.0900000000001,6,3.0
watches_gifts,MS,2018-04,1052.17,4,4.166666666666667
watches_gifts,MS,2018-05,399.68,1,5.0
watches_gifts,MS,2018-06,275.54,2,3.5
watches_gifts,MS,2018-07,1005.1099999999999,4,3.8333333333333335
watches_gifts,MS,2018-08,279.84000000000003,2,4.0
watches_gifts,MT,2017-06,1002.8599999999999,3,3.6666666666666665
watches_gifts,MT,2017-07,4222.61,7,4.428571428571429
watches_gifts,MT,2017-08,670.54,4,3.5
watches_gifts,MT,2017-09,147.34,1,3.0
watches_gifts,MT,2017-10,2550.34,8,4.125
watches_gifts,MT,2017-11,712.72,5,4.6
watches_gifts,MT,2017-12,85.69,1,5.0
watches_gifts,MT,2018-01,380.07000000000005,2,4.5
watches_gifts,MT,2018-03,1399.0700000000002,5,3.6666666666666665
watches_gifts,MT,2018-04,1042.08,7,4.285714285714286
watches_gifts,MT,2018-05,846.9,6,4.166666666666667
watches_gifts,MT,2018-06,1196.0,4,4.75
watches_gifts,MT,2018-07,2060.8,2,3.6666666666666665
watches_gifts,MT,2018-08,1441.3799999999999,4,3.8
watches_gifts,PA,2017-01,406.14,1,5.0
watches_gifts,PA,2017-02,1792.1999999999998,2,5.0
watches_gifts,PA,2017-03,79.39,1,5.0
watches_gifts,PA,2017-04,336.11,2,2.5
watches_gifts,PA,2017-05,2230.48,3,4.75
watches_gifts,PA,2017-06,1537.04,1,1.0
watches_gifts,PA,2017-07,1142.5,3,1.6666666666666667
watches_gifts,PA,2017-08,805.92,2,5.0
watches_gifts,PA,2017-09,569.46,4,5.0
watches_gifts,PA,2017-10,239.20999999999998,3,3.0
watches_gifts,PA,2017-11,1364.59,10,3.5454545454545454
watches_gifts,PA,2017-12,1162.44,3,4.5
watches_gifts,PA,2018-01,1642.94,6,4.0
watches_gifts,PA,2018-02,1194.76,2,4.5
watches_gifts,PA,2018-03,1878.36,6,3.1666666666666665
watches_gifts,PA,2018-04,774.98,5,4.25
watches_gifts,PA,2018-05,147.9,1,5.0
watches_gifts,PA,2018-06,1237.0900000000001,6,4.833333333333333
watches_gifts,PA,2018-07,5853.79,9,4.555555555555555
watches_gifts,PA,2018-08,777.19,4,4.5
watches_gifts,PB,2017-04,275.23,1,4.0
watches_gifts,PB,2017-05,714.62,1,5.0
watches_gifts,PB,2017-07,321.98,1,5.0
watches_gifts,PB,2017-09,260.97,2,3.5
watches_gifts,PB,2017-10,180.82,1,5.0
watches_gifts,PB,2017-11,1055.79,3,2.0
watches_gifts,PB,2017-12,326.58000000000004,3,3.3333333333333335
watches_gifts,PB,2018-02,818.43,3,4.666666666666667
watches_gifts,PB,2018-03,1914.84,7,4.428571428571429
watches_gifts,PB,2018-04,355.96000000000004,2,2.0
watches_gifts,PB,2018-05,1948.9,8,4.375
watches_gifts,PB,2018-06,2695.93,6,3.6666666666666665
watches_gifts,PB,2018-07,2673.4,2,5.0
watches_gifts,PB,2018-08,1345.31,3,5.0
watches_gifts,PE,2017-04,556.89,3,4.333333333333333
watches_gifts,PE,2017-06,338.74,2,5.0
watches_gifts,PE,2017-07,466.3,2,4.714285714285714
watches_gifts,PE,2017-08,1884.18,9,4.4
watches_gifts,PE,2017-09,436.45,3,5.0
watches_gifts,PE,2017-10,2061.22,5,4.375
watches_gifts,PE,2017-11,3678.49,13,3.6666666666666665
watches_gifts,PE,2017-12,385.25,3,2.6666666666666665
watches_gifts,PE,2018-01,686.0799999999999,5,3.0
watches_gifts,PE,2018-02,2077.87,10,3.5
watches_gifts,PE,2018-03,8941.59,12,4.5
watches_gifts,PE,2018-04,3890.81,14,3.25
watches_gifts,PE,2018-05,4661.09,19,3.35
watches_gifts,PE,2018-06,2816.89,11,4.2727272727272725
watches_gifts,PE,2018-07,4675.72,21,3.5833333333333335
watches_gifts,PE,2018-08,2593.61,15,4.0
watches_gifts,PI,2017-02,49.74,1,3.0
watches_gifts,PI,2017-03,259.15,1,4.0
watches_gifts,PI,2017-04,383.71000000000004,2,4.5
watches_gifts,PI,2017-05,656.72,1,5.0
watches_gifts,PI,2017-06,174.68,1,5.0
watches_gifts,PI,2017-08,486.65,2,4.333333333333333
watches_gifts,PI,2017-09,243.91000000000003,2,3.5
watches_gifts,PI,2017-11,83.15,1,2.0
watches_gifts,PI,2017-12,193.56,2,4.0
watches_gifts,PI,2018-01,485.09000000000003,2,3.5
watches_gifts,PI,2018-02,1721.79,3,3.0
watches_gifts,PI,2018-03,223.7,1,5.0
watches_gifts,PI,2018-04,1139.14,3,5.0
watches_gifts,PI,2018-05,1478.64,5,3.6666666666666665
watches_gifts,PI,2018-06,1413.71,4,3.5
watches_gifts,PI,2018-07,953.3,4,3.3333333333333335
watches_gifts,PI,2018-08,416.13,3,3.6666666666666665
watches_gifts,PR,2017-01,460.22,1,4.0
watches_gifts,PR,2017-03,617.48,2,4.5
watches_gifts,PR,2017-04,501.40999999999997,3,4.6
watches_gifts,PR,2017-05,3075.58,6,3.625
watches_gifts,PR,2017-06,2105.28,10,4.2727272727272725
watches_gifts,PR,2017-07,801.9100000000001,5,4.0
watches_gifts,PR,2017-08,4486.5,14,4.25
watches_gifts,PR,2017-09,3294.96,12,3.9375
watches_gifts,PR,2017-10,1788.21,9,4.4
watches_gifts,PR,2017-11,4611.0,14,4.5
watches_gifts,PR,2017-12,3349.45,16,4.4375
watches_gifts,PR,2018-01,22298.81,13,2.3076923076923075
watches_gifts,PR,2018-02,3677.66,17,3.6666666666666665
watches_gifts,PR,2018-03,5957.67,16,3.380952380952381
watches_gifts,PR,2018-04,8724.75,33,3.923076923076923
watches_gifts,PR,2018-05,6500.38,29,3.870967741935484
watches_gifts,PR,2018-06,3861.62,16,4.647058823529412
watches_gifts,PR,2018-07,7212.18,34,4.076923076923077
watches_gifts,PR,2018-08,4963.53,24,4.32
watches_gifts,RJ,2016-10,1423.55,1,5.0
watches_gifts,RJ,2017-01,2207.27,3,2.3333333333333335
watches_gifts,RJ,2017-02,774.0,4,3.5
watches_gifts,RJ,2017-03,5750.05,16,4.3125
watches_gifts,RJ,2017-04,4923.43,12,3.9166666666666665
watches_gifts,RJ,2017-05,5779.92,19,3.8095238095238093
watches_gifts,RJ,2017-06,4457.61,17,3.611111111111111
watches_gifts,RJ,2017-07,9152.92,29,4.03125
watches_gifts,RJ,2017-08,4114.1900000000005,23,4.478260869565218
watches_gifts,RJ,2017-09,10921.08,46,4.183673469387755
watches_gifts,RJ,2017-10,8285.28,35,4.184210526315789
watches_gifts,RJ,2017-11,19141.19,59,3.272727272727273
watches_gifts,RJ,2017-12,11403.6,51,3.0961538461538463
watches_gifts,RJ,2018-01,12014.289999999999,45,3.9361702127659575
watches_gifts,RJ,2018-02,14684.35,48,3.0980392156862746
watches_gifts,RJ,2018-03,15185.0,61,2.8676470588235294
watches_gifts,RJ,2018-04,17488.6,70,4.064102564102564
watches_gifts,RJ,2018-05,28429.0,94,3.8703703703703702
watches_gifts,RJ,2018-06,20474.69,76,3.8875
watches_gifts,RJ,2018-07,12599.79,69,3.8676470588235294
watches_gifts,RJ,2018-08,9474.75,39,4.186046511627907
watches_gifts,RN,2017-03,259.15,1,5.0
watches_gifts,RN,2017-05,1373.98,3,4.666666666666667
watches_gifts,RN,2017-07,546.2,3,4.333333333333333
watches_gifts,RN,2017-09,995.79,3,2.6666666666666665
watches_gifts,RN,2017-10,311.28999999999996,2,3.6666666666666665
watches_gifts,RN,2017-11,176.34,1,4.0
watches_gifts,RN,2018-01,607.69,3,5.0
watches_gifts,RN,2018-02,882.98,6,4.166666666666667
watches_gifts,RN,2018-03,1479.04,6,3.1666666666666665
watches_gifts,RN,2018-04,1274.5500000000002,3,5.0
watches_gifts,RN,2018-05,342.13,3,4.666666666666667
watches_gifts,RN,2018-06,498.96000000000004,3,4.666666666666667
watches_gifts,RN,2018-07,2938.8,7,3.5714285714285716
watches_gifts,RN,2018-08,713.25,3,4.666666666666667
watches_gifts,RO,2017-04,150.36,1,2.0
watches_gifts,RO,2017-06,248.4,1,5.0
watches_gifts,RO,2017-07,262.38,1,5.0
watches_gifts,RO,2017-09,77.19,1,5.0
watches_gifts,RO,2017-10,180.82,1,5.0
watches_gifts,RO,2017-11,3035.5699999999997,3,4.0
watches_gifts,RO,2018-02,221.09,1,5.0
watches_gifts,RO,2018-03,277.08,1,5.0
watches_gifts,RO,2018-04,439.56,2,4.5
watches_gifts,RO,2018-05,110.0,1,5.0
watches_gifts,RO,2018-07,158.09,1,5.0
watches_gifts,RR,2018-03,287.45,1,5.0
watches_gifts,RS,2017-02,2780.26,3,5.0
watches_gifts,RS,2017-03,1489.6699999999998,4,3.75
watches_gifts,RS,2017-04,1400.33,1,3.0
watches_gifts,RS,2017-05,2620.96,8,4.5
watches_gifts,RS,2017-06,649.93,7,4.5
watches_gifts,RS,2017-07,1820.26,8,4.285714285714286
watches_gifts,RS,2017-08,2587.0699999999997,12,4.076923076923077
watches_gifts,RS,2017-09,2523.75,12,4.083333333333333
watches_gifts,RS,2017-10,4738.74,20,4.545454545454546
watches_gifts,RS,2017-11,4081.1200000000003,15,4.705882352941177
watches_gifts,RS,2017-12,2640.09,18,4.0
watches_gifts,RS,2018-01,3134.39,11,3.1666666666666665
watches_gifts,RS,2018-02,1488.32,12,3.909090909090909
watches_gifts,RS,2018-03,4178.88,21,3.652173913043478
watches_gifts,RS,2018-04,4296.78,17,3.789473684210526
watches_gifts,RS,2018-05,4298.0199999999995,16,3.5625
watches_gifts,RS,2018-06,2888.2000000000003,12,4.363636363636363
watches_gifts,RS,2018-07,2217.59,16,4.0588235294117645
watches_gifts,RS,2018-08,3791.5299999999997,14,3.7058823529411766
watches_gifts,SC,2017-02,335.77,1,4.0
watches_gifts,SC,2017-03,730.99,2,5.0
watches_gifts,SC,2017-04,464.28999999999996,2,4.0
watches_gifts,SC,2017-05,1155.84,5,4.333333333333333
watches_gifts,SC,2017-06,818.78,4,4.8
watches_gifts,SC,2017-07,299.08000000000004,4,3.75
watches_gifts,SC,2017-08,1502.8899999999999,5,4.285714285714286
watches_gifts,SC,2017-09,1505.07,5,4.6
watches_gifts,SC,2017-10,3281.7,12,3.8461538461538463
watches_gifts,SC,2017-11,3149.85,13,4.833333333333333
watches_gifts,SC,2017-12,2754.27,14,4.466666666666667
watches_gifts,SC,2018-01,2738.86,16,4.1875
watches_gifts,SC,2018-02,4451.66,15,3.4166666666666665
watches_gifts,SC,2018-03,4400.47,12,3.6153846153846154
watches_gifts,SC,2018-04,2789.23,13,4.133333333333334
watches_gifts,SC,2018-05,1214.12,9,4.111111111111111
watches_gifts,SC,2018-06,6435.07,12,4.714285714285714
watches_gifts,SC,2018-07,2018.23,10,4.5
watches_gifts,SC,2018-08,2443.41,10,4.0
watches_gifts,SE,2017-03,215.01999999999998,2,2.0
watches_gifts,SE,2017-05,69.07,1,5.0
watches_gifts,SE,2017-10,142.82,2,1.0
watches_gifts,SE,2017-11,901.83,2,1.0
watches_gifts,SE,2017-12,735.51,2,4.5
watches_gifts,SE,2018-01,77.69,1,5.0
watches_gifts,SE,2018-04,99.9,1,1.0
watches_gifts,SE,2018-05,100.84,1,5.0
watches_gifts,SE,2018-06,280.43,3,4.0
watches_gifts,SE,2018-07,357.88,3,5.0
watches_gifts,SE,2018-08,510.08000000000004,2,5.0
watches_gifts,SP,2016-10,698.85,2,4.5
watches_gifts,SP,2017-01,3256.4100000000003,2,5.0
watches_gifts,SP,2017-02,4952.4800000000005,17,4.2
watches_gifts,SP,2017-03,14620.39,27,4.161290322580645
watches_gifts,SP,2017-04,11161.16,37,4.0638297872340425
watches_gifts,SP,2017-05,14482.34,43,4.291666666666667
watches_gifts,SP,2017-06,12513.539999999999,48,4.173076923076923
watches_gifts,SP,2017-07,13996.1,54,3.923076923076923
watches_gifts,SP,2017-08,12373.41,73,4.48051948051948
watches_gifts,SP,2017-09,20897.65,101,4.3628318584070795
watches_gifts,SP,2017-10,30972.55,112,3.9545454545454546
watches_gifts,SP,2017-11,43359.2,170,4.021857923497268
watches_gifts,SP,2017-12,29558.13,139,4.185430463576159
watches_gifts,SP,2018-01,35726.69,136,4.068027210884353
watches_gifts,SP,2018-02,20848.9,101,3.5596330275229358
watches_gifts,SP,2018-03,36846.77,147,4.033112582781457
watches_gifts,SP,2018-04,38603.76,165,4.475138121546961
watches_gifts,SP,2018-05,61797.52,240,4.095785440613027
watches_gifts,SP,2018-06,35396.87,167,4.195767195767195
watches_gifts,SP,2018-07,33059.3,181,4.03125
watches_gifts,SP,2018-08,32925.1,173,4.101063829787234
watches_gifts,TO,2017-04,227.12,1,4.0
watches_gifts,TO,2017-05,142.97,1,5.0
watches_gifts,TO,2017-08,153.22,2,5.0
watches_gifts,TO,2017-09,417.23,2,5.0
watches_gifts,TO,2017-11,215.6,1,4.0
watches_gifts,TO,2017-12,460.31,2,4.5
watches_gifts,TO,2018-01,1863.01,3,3.6
watches_gifts,TO,2018-02,171.29,1,4.0
watches_gifts,TO,2018-03,278.37,1,2.0
watches_gifts,TO,2018-04,490.97,3,4.333333333333333
watches_gifts,TO,2018-05,1419.32,4,2.75
watches_gifts,TO,2018-06,956.74,2,5.0
watches_gifts,TO,2018-07,184.14999999999998,2,4.5
watches_gifts,TO,2018-08,293.96999999999997,2,3.5
