date,daily_gmv,daily_item_revenue,shipping_revenue,order_volume,avg_price,avg_freight_pct,avg_installments,is_installment_rate,sin_dayofweek,cos_dayofweek,sin_week,cos_week,sin_month,cos_month,sin_dayofyear,cos_dayofyear,year,quarter,month,is_weekend,is_returning_customer,cat_bed_bath_table,cat_health_beauty,cat_sports_leisure,cat_watches_gifts,cat_computers_accessories,cat_furniture_decor,cat_housewares,cat_telephony,cat_auto,cat_garden_tools,cat_other,state_SP,state_RJ,state_MG,state_other,is_black_friday,is_holiday_season
2016-09-15,324.48,143.46,8.49,3,44.99,6.29028673038453,2.0,0.0,0.43388373911755823,-0.900968867902419,-0.970941817426052,-0.23931566428755774,-1.0,-1.8369701987210297e-16,-0.9679377830240642,-0.25119006388481957,2016,3,9,0,0.0,0.0,1.0,0.0,0.0,0.0,0.0,0.0,0.0,0.0,0.0,0.0,1.0,0.0,0.0,0.0,0,0
2016-10-03,559.53,559.53,117.55000000000001,7,63.14,38.31189431091684,2.5714285714285716,0.5714285714285714,0.0,1.0,-0.992708874098054,0.1205366802553232,-0.8660254037844386,0.5000000000000001,-0.9984354211555643,0.05591699010060302,2016,4,10,0,0.14285714285714285,0.0,0.0,0.2857142857142857,0.14285714285714285,0.0,0.2857142857142857,0.0,0.0,0.0,0.0,0.2857142857142857,0.42857142857142855,0.0,0.14285714285714285,0.42857142857142855,0,0
2016-10-04,11982.08,10503.94,1360.75,70,130.61700000000002,25.165875938430872,3.8,0.6285714285714286,0.7818314824680298,0.6234898018587336,-0.992708874098054,0.1205366802553232,-0.8660254037844386,0.5000000000000001,-0.9973249731081555,0.07309512989807776,2016,4,10,0,0.014285714285714285,0.02857142857142857,0.14285714285714285,0.04285714285714286,0.0,0.014285714285714285,0.3,0.04285714285714286,0.014285714285714285,0.014285714285714285,0.014285714285714285,0.38571428571428573,0.32857142857142857,0.24285714285714285,0.12857142857142856,0.3,0,0
2016-10-05,13124.66,7423.12,1073.65,51,124.49941176470588,28.39624104829305,3.4313725490196076,0.5294117647058824,0.9749279121818236,-0.22252093395631434,-0.992708874098054,0.1205366802553232,-0.8660254037844386,0.5000000000000001,-0.9959189961471792,0.0902516100310407,2016,4,10,0,0.058823529411764705,0.0196078431372549,0.09803921568627451,0.0196078431372549,0.0,0.058823529411764705,0.1568627450980392,0.0,0.058823529411764705,0.058823529411764705,0.0,0.5294117647058824,0.23529411764705882,0.0784313725490196,0.17647058823529413,0.5098039215686274,0,0
2016-10-06,8323.57,6798.9,908.94,47,125.31829787234042,26.95435774092239,3.4893617021276597,0.6808510638297872,0.43388373911755823,-0.900968867902419,-0.992708874098054,0.1205366802553232,-0.8660254037844386,0.5000000000000001,-0.994217906893952,0.10738134666416306,2016,4,10,0,0.06382978723404255,0.02127659574468085,0.1276595744680851,0.06382978723404255,0.0425531914893617,0.02127659574468085,0.10638297872340426,0.0425531914893617,0.02127659574468085,0.02127659574468085,0.02127659574468085,0.5106382978723404,0.40425531914893614,0.14893617021276595,0.06382978723404255,0.3829787234042553,0,0
2016-10-07,8668.5,7240.14,784.81,45,143.45177777777778,21.478777988909467,3.8222222222222224,0.5333333333333333,-0.433883739117558,-0.9009688679024191,-0.992708874098054,0.1205366802553232,-0.8660254037844386,0.5000000000000001,-0.9922222094179324,0.12447926388678869,2016,4,10,0,0.022222222222222223,0.0,0.1111111111111111,0.022222222222222223,0.0,0.044444444444444446,0.13333333333333333,0.06666666666666667,0.022222222222222223,0.044444444444444446,0.022222222222222223,0.5333333333333333,0.4888888888888889,0.24444444444444444,0.08888888888888889,0.17777777777777778,0,0
2016-10-08,9597.67,8610.84,898.05,42,183.63785714285714,25.84008962677124,4.309523809523809,0.7380952380952381,-0.9749279121818236,-0.2225209339563146,-0.992708874098054,0.1205366802553232,-0.8660254037844386,0.5000000000000001,-0.989932495087353,0.141540295217043,2016,4,10,1,0.11904761904761904,0.0,0.14285714285714285,0.047619047619047616,0.023809523809523808,0.09523809523809523,0.30952380952380953,0.047619047619047616,0.0,0.0,0.023809523809523808,0.30952380952380953,0.35714285714285715,0.14285714285714285,0.07142857142857142,0.42857142857142855,0,0
2016-10-09,5180.9400000000005,3010.86,536.17,28,88.38178571428571,37.927736332462985,5.035714285714286,0.6428571428571429,-0.7818314824680299,0.6234898018587334,-0.992708874098054,0.1205366802553232,-0.8660254037844386,0.5000000000000001,-0.9873494423939864,0.15855938510313475,2016,4,10,1,0.07142857142857142,0.14285714285714285,0.14285714285714285,0.07142857142857142,0.0,0.07142857142857142,0.32142857142857145,0.03571428571428571,0.0,0.0,0.03571428571428571,0.17857142857142858,0.17857142857142858,0.14285714285714285,0.17857142857142858,0.5,0,0
2016-10-10,4748.87,4166.79,827.73,44,75.88772727272728,40.38154860517153,3.727272727272727,0.5227272727272727,0.0,1.0,-0.9709418174260521,0.23931566428755738,-0.8660254037844386,0.5000000000000001,-0.9844738167520923,0.17553149042142777,2016,4,10,0,0.18181818181818182,0.0,0.13636363636363635,0.06818181818181818,0.0,0.045454545454545456,0.29545454545454547,0.022727272727272728,0.045454545454545456,0.022727272727272728,0.0,0.36363636363636365,0.2727272727272727,0.13636363636363635,0.22727272727272727,0.36363636363636365,0,0
2016-12-23,19.62,19.62,8.72,1,10.9,77.93678217478487,1.0,0.0,-0.433883739117558,-0.9009688679024191,-0.12053668025532363,0.992708874098054,-2.4492935982947064e-16,1.0,-0.12020804489935275,0.9927487224577402,2016,4,12,0,1.0,0.0,0.0,0.0,0.0,0.0,0.0,0.0,0.0,0.0,0.0,1.0,0.0,0.0,0.0,1.0,0,1
2017-01-05,707.27,707.27,310.37,32,12.403125,75.50588893875153,1.0,0.0,0.43388373911755823,-0.900968867902419,0.12053668025532305,0.992708874098054,0.49999999999999994,0.8660254037844387,0.08596479873744647,0.9962981749346078,2017,1,1,0,0.65625,0.0,0.0,0.0,0.0,0.0,0.0,0.0,0.0,0.0625,0.03125,0.90625,0.03125,0.0,0.0,0.96875,0,0
2017-01-06,988.28,3655.1200000000003,194.74,8,432.5475,15.65386097035755,1.0,0.0,-0.433883739117558,-0.9009688679024191,0.12053668025532305,0.992708874098054,0.49999999999999994,0.8660254037844387,0.10310169744743485,0.9946708199115211,2017,1,1,0,0.0,0.0,0.625,0.0,0.0,0.0,0.0,0.0,0.0,0.0,0.0,0.375,0.125,0.0,0.25,0.625,0,0
2017-01-07,2294.5099999999998,1447.99,96.09,5,270.38,12.933703329370397,7.0,1.0,-0.9749279121818236,-0.2225209339563146,0.12053668025532305,0.992708874098054,0.49999999999999994,0.8660254037844387,0.1202080448993527,0.9927487224577402,2017,1,1,1,0.0,0.0,0.2,0.0,0.2,0.0,0.2,0.0,0.0,0.0,0.0,0.4,0.2,0.2,0.2,0.4,0,0
2017-01-08,507.85,507.85,58.07,4,112.445,29.12596719850716,3.0,0.5,-0.7818314824680299,0.6234898018587334,0.12053668025532305,0.992708874098054,0.49999999999999994,0.8660254037844387,0.13727877211326478,0.9905324521322229,2017,1,1,1,0.0,0.25,0.0,0.0,0.0,0.0,0.0,0.0,0.0,0.0,0.25,0.5,0.25,0.5,0.0,0.25,0,0
2017-01-09,882.63,774.51,100.72,6,112.29833333333333,33.35444787817362,4.333333333333333,0.6666666666666666,0.0,1.0,0.23931566428755774,0.970941817426052,0.49999999999999994,0.8660254037844387,0.15430882066428117,0.9880226656636976,2017,1,1,0,0.0,0.0,0.16666666666666666,0.16666666666666666,0.0,0.0,0.3333333333333333,0.0,0.0,0.0,0.0,0.3333333333333333,0.16666666666666666,0.5,0.16666666666666666,0.16666666666666666,0,0
2017-01-10,1571.17,1571.17,136.3,6,239.14499999999998,19.332032423799117,4.0,0.6666666666666666,0.7818314824680298,0.6234898018587336,0.23931566428755774,0.970941817426052,0.49999999999999994,0.8660254037844387,0.1712931441814776,0.9852201067560606,2017,1,1,0,0.0,0.3333333333333333,0.0,0.0,0.16666666666666666,0.0,0.16666666666666666,0.0,0.0,0.0,0.16666666666666666,0.16666666666666666,0.16666666666666666,0.3333333333333333,0.0,0.5,0,0
2017-01-11,2098.78,2098.78,243.51,10,185.527,24.548481034586406,3.1,0.4,0.9749279121818236,-0.22252093395631434,0.23931566428755774,0.970941817426052,0.49999999999999994,0.8660254037844387,0.1882267098432442,0.9821256058680006,2017,1,1,0,0.2,0.0,0.0,0.1,0.1,0.0,0.1,0.0,0.0,0.0,0.3,0.4,0.2,0.1,0.4,0.3,0,0
2017-01-12,2474.11,1720.3500000000001,241.76,14,105.61357142857142,30.658381126291335,4.571428571428571,0.7142857142857143,0.43388373911755823,-0.900968867902419,0.23931566428755774,0.970941817426052,0.49999999999999994,0.8660254037844387,0.2051044998686192,0.9787400799669153,2017,1,1,0,0.0,0.0,0.0,0.0,0.0,0.2857142857142857,0.35714285714285715,0.07142857142857142,0.07142857142857142,0.0,0.0,0.21428571428571427,0.42857142857142855,0.0,0.21428571428571427,0.35714285714285715,0,0
2017-01-13,2712.86,2712.86,262.18,10,245.06799999999998,14.350319762402545,3.7,0.6,-0.433883739117558,-0.9009688679024191,0.23931566428755774,0.970941817426052,0.49999999999999994,0.8660254037844387,0.2219215130041655,0.9750645322571948,2017,1,1,0,0.1,0.1,0.1,0.1,0.1,0.0,0.2,0.1,0.0,0.0,0.3,0.0,0.3,0.0,0.4,0.3,0,0
2017-01-14,1161.08,1153.29,276.40000000000003,16,54.805625,37.207020072811495,2.75,0.5,-0.9749279121818236,-0.2225209339563146,0.23931566428755774,0.970941817426052,0.49999999999999994,0.8660254037844387,0.2386727660059501,0.9711000518829505,2017,1,1,1,0.125,0.0,0.0,0.1875,0.0,0.0,0.5625,0.0,0.0,0.0,0.0,0.25,0.375,0.125,0.25,0.25,0,0
2017-01-15,3725.71,2720.57,371.1,22,106.7940909090909,31.274847270057748,2.4545454545454546,0.45454545454545453,-0.7818314824680299,0.6234898018587334,0.23931566428755774,0.970941817426052,0.49999999999999994,0.8660254037844387,0.255353295116187,0.9668478136052775,2017,1,1,1,0.18181818181818182,0.045454545454545456,0.045454545454545456,0.045454545454545456,0.0,0.0,0.5454545454545454,0.0,0.09090909090909091,0.0,0.09090909090909091,0.13636363636363635,0.18181818181818182,0.18181818181818182,0.13636363636363635,0.5,0,0
2017-01-16,5250.16,3664.54,389.52,23,142.39217391304348,27.279203341106243,3.0434782608695654,0.391304347826087,0.0,1.0,0.3546048870425356,0.9350162426854148,0.49999999999999994,0.8660254037844387,0.2719581575341055,0.9623090774541486,2017,1,1,0,0.21739130434782608,0.0,0.13043478260869565,0.043478260869565216,0.0,0.0,0.21739130434782608,0.0,0.043478260869565216,0.13043478260869565,0.0,0.43478260869565216,0.4782608695652174,0.08695652173913043,0.13043478260869565,0.30434782608695654,0,0
2017-01-17,4828.1900000000005,5615.63,958.3,59,78.93779661016949,28.72700138230245,2.2203389830508473,0.23728813559322035,0.7818314824680298,0.6234898018587336,0.3546048870425356,0.9350162426854148,0.49999999999999994,0.8660254037844387,0.288482432880609,0.9574851883550393,2017,1,1,0,0.4067796610169492,0.01694915254237288,0.01694915254237288,0.1016949152542373,0.01694915254237288,0.0,0.4915254237288136,0.0,0.0,0.01694915254237288,0.01694915254237288,0.3220338983050847,0.3050847457627119,0.5084745762711864,0.06779661016949153,0.11864406779661017,0,0
2017-01-18,4026.84,3936.86,626.38,34,97.36705882352942,34.04076273979701,2.1470588235294117,0.4411764705882353,0.9749279121818236,-0.22252093395631434,0.3546048870425356,0.9350162426854148,0.49999999999999994,0.8660254037844387,0.30492122465628907,0.9523775757303974,2017,1,1,0,0.14705882352941177,0.029411764705882353,0.08823529411764706,0.058823529411764705,0.029411764705882353,0.08823529411764706,0.20588235294117646,0.029411764705882353,0.0,0.029411764705882353,0.058823529411764705,0.38235294117647056,0.35294117647058826,0.20588235294117646,0.11764705882352941,0.3235294117647059,0,0
2017-01-19,5799.98,4140.16,586.21,35,101.54142857142857,30.22397553714685,3.142857142857143,0.4857142857142857,0.43388373911755823,-0.900968867902419,0.3546048870425356,0.9350162426854148,0.49999999999999994,0.8660254037844387,0.3212696616923644,0.9469877530760753,2017,1,1,0,0.22857142857142856,0.08571428571428572,0.02857142857142857,0.05714285714285714,0.0,0.02857142857142857,0.37142857142857144,0.05714285714285714,0.02857142857142857,0.08571428571428572,0.0,0.2571428571428571,0.42857142857142855,0.05714285714285714,0.34285714285714286,0.17142857142857143,0,0
2017-01-20,8264.44,4656.05,620.22,39,103.48282051282051,29.935353121961178,2.7948717948717947,0.46153846153846156,-0.433883739117558,-0.9009688679024191,0.3546048870425356,0.9350162426854148,0.49999999999999994,0.8660254037844387,0.3375228995941133,0.9413173175128471,2017,1,1,0,0.10256410256410256,0.02564102564102564,0.07692307692307693,0.15384615384615385,0.0,0.0,0.28205128205128205,0.0,0.0,0.05128205128205128,0.02564102564102564,0.38461538461538464,0.48717948717948717,0.05128205128205128,0.20512820512820512,0.2564102564102564,0,0
2017-01-21,6568.8,2991.71,611.1,35,68.01742857142858,39.19418623471412,2.4571428571428573,0.42857142857142855,-0.9749279121818236,-0.2225209339563146,0.3546048870425356,0.9350162426854148,0.49999999999999994,0.8660254037844387,0.3536761221763716,0.9353679493131483,2017,1,1,1,0.4,0.08571428571428572,0.02857142857142857,0.08571428571428572,0.0,0.02857142857142857,0.45714285714285713,0.0,0.0,0.02857142857142857,0.0,0.2857142857142857,0.37142857142857144,0.08571428571428572,0.17142857142857143,0.37142857142857144,0,0
2017-01-22,4953.25,4141.87,522.6,33,109.67484848484848,28.133482774609465,3.787878787878788,0.6060606060606061,-0.7818314824680299,0.6234898018587334,0.3546048870425356,0.9350162426854148,0.49999999999999994,0.8660254037844387,0.3697245428906731,0.9291414114031743,2017,1,1,1,0.030303030303030304,0.06060606060606061,0.18181818181818182,0.030303030303030304,0.0,0.0,0.2727272727272727,0.030303030303030304,0.0,0.0,0.12121212121212122,0.30303030303030304,0.45454545454545453,0.18181818181818182,0.12121212121212122,0.24242424242424243,0,0
2017-01-23,9818.8,7972.57,1003.65,55,126.70763636363637,33.28670900134444,2.909090909090909,0.45454545454545453,0.0,1.0,0.4647231720437685,0.8854560256532099,0.49999999999999994,0.8660254037844387,0.38566340624360707,0.9226395488404876,2017,1,1,0,0.12727272727272726,0.07272727272727272,0.12727272727272726,0.05454545454545454,0.0,0.03636363636363636,0.21818181818181817,0.03636363636363636,0.0,0.01818181818181818,0.12727272727272726,0.3090909090909091,0.38181818181818183,0.2727272727272727,0.09090909090909091,0.2545454545454545,0,0
2017-01-24,8789.44,6006.77,803.47,43,121.00697674418605,24.935136417274887,3.2790697674418605,0.5116279069767442,0.7818314824680298,0.6234898018587336,0.4647231720437685,0.8854560256532099,0.49999999999999994,0.8660254037844387,0.401487989205973,0.9158642882672872,2017,1,1,0,0.046511627906976744,0.046511627906976744,0.13953488372093023,0.06976744186046512,0.0,0.023255813953488372,0.11627906976744186,0.06976744186046512,0.0,0.11627906976744186,0.09302325581395349,0.32558139534883723,0.46511627906976744,0.046511627906976744,0.11627906976744186,0.37209302325581395,0,0
2017-01-25,9372.07,8689.68,1125.93,66,114.60227272727273,30.119458273960372,2.5,0.4393939393939394,0.9749279121818236,-0.22252093395631434,0.4647231720437685,0.8854560256532099,0.49999999999999994,0.8660254037844387,0.4171936026123168,0.9088176373395029,2017,1,1,0,0.030303030303030304,0.030303030303030304,0.18181818181818182,0.12121212121212122,0.0,0.045454545454545456,0.10606060606060606,0.030303030303030304,0.030303030303030304,0.030303030303030304,0.030303030303030304,0.3939393939393939,0.48484848484848486,0.12121212121212122,0.09090909090909091,0.30303030303030304,0,0
2017-01-26,19828.05,15758.01,2096.91,108,126.49166666666667,30.69407889331997,2.6481481481481484,0.4074074074074074,0.43388373911755823,-0.900968867902419,0.4647231720437685,0.8854560256532099,0.49999999999999994,0.8660254037844387,0.4327755925504312,0.901501684131884,2017,1,1,0,0.16666666666666666,0.037037037037037035,0.08333333333333333,0.2037037037037037,0.009259259259259259,0.009259259259259259,0.1388888888888889,0.046296296296296294,0.027777777777777776,0.018518518518518517,0.05555555555555555,0.37037037037037035,0.35185185185185186,0.10185185185185185,0.10185185185185185,0.4444444444444444,0,0
2017-01-27,15592.0,12995.48,1316.63,76,153.66907894736843,27.808917393388494,3.0921052631578947,0.4473684210526316,-0.433883739117558,-0.9009688679024191,0.4647231720437685,0.8854560256532099,0.49999999999999994,0.8660254037844387,0.4482293417404106,0.893918596519257,2017,1,1,0,0.05263157894736842,0.02631578947368421,0.07894736842105263,0.06578947368421052,0.013157894736842105,0.11842105263157894,0.11842105263157894,0.0,0.013157894736842105,0.0,0.013157894736842105,0.5526315789473685,0.5,0.039473684210526314,0.17105263157894737,0.2894736842105263,0,0
2017-01-28,5814.98,8042.51,852.0,40,179.76275,24.173690856768047,2.975,0.375,-0.9749279121818236,-0.2225209339563146,0.4647231720437685,0.8854560256532099,0.49999999999999994,0.8660254037844387,0.4635502709028509,0.886070621534138,2017,1,1,1,0.1,0.05,0.05,0.1,0.0,0.0,0.05,0.05,0.075,0.05,0.025,0.55,0.45,0.075,0.1,0.375,0,0
2017-01-29,8907.44,6593.76,627.0,44,135.60818181818183,20.020178602188942,2.8863636363636362,0.5909090909090909,-0.7818314824680299,0.6234898018587334,0.4647231720437685,0.8854560256532099,0.49999999999999994,0.8660254037844387,0.47873384011578846,0.8779600847008882,2017,1,1,1,0.09090909090909091,0.06818181818181818,0.06818181818181818,0.06818181818181818,0.022727272727272728,0.022727272727272728,0.1590909090909091,0.13636363636363635,0.0,0.0,0.022727272727272728,0.4318181818181818,0.38636363636363635,0.06818181818181818,0.06818181818181818,0.4772727272727273,0,0
2017-01-30,25881.78,11588.05,1104.0,74,141.67635135135134,20.14575392346031,4.675675675675675,0.6621621621621622,0.0,1.0,0.5680647467311558,0.8229838658936564,0.49999999999999994,0.8660254037844387,0.49377555015997715,0.869589389346611,2017,1,1,0,0.0945945945945946,0.0945945945945946,0.10810810810810811,0.05405405405405406,0.0,0.05405405405405406,0.08108108108108109,0.02702702702702703,0.06756756756756757,0.05405405405405406,0.22972972972972974,0.22972972972972974,0.32432432432432434,0.10810810810810811,0.16216216216216217,0.40540540540540543,0,0
2017-01-31,15461.63,12460.58,1408.02,84,131.57809523809524,27.713767939245702,2.8095238095238093,0.4523809523809524,0.7818314824680298,0.6234898018587336,0.5680647467311558,0.8229838658936564,0.49999999999999994,0.8660254037844387,0.5086709438521044,0.8609610158889943,2017,1,1,0,0.09523809523809523,0.08333333333333333,0.09523809523809523,0.07142857142857142,0.023809523809523808,0.011904761904761904,0.19047619047619047,0.011904761904761904,0.03571428571428571,0.023809523809523808,0.0,0.4523809523809524,0.38095238095238093,0.14285714285714285,0.14285714285714285,0.3333333333333333,0,0
2017-02-01,9571.24,9160.63,1330.47,68,115.14941176470587,30.391841379716638,2.514705882352941,0.35294117647058826,0.9749279121818236,-0.22252093395631434,0.5680647467311558,0.8229838658936564,0.8660254037844386,0.5000000000000001,0.5234156073655503,0.8520775211013093,2017,1,2,0,0.058823529411764705,0.07352941176470588,0.10294117647058823,0.058823529411764705,0.029411764705882353,0.10294117647058823,0.10294117647058823,0.0,0.029411764705882353,0.04411764705882353,0.04411764705882353,0.4117647058823529,0.36764705882352944,0.16176470588235295,0.1323529411764706,0.3382352941176471,0,0
2017-02-02,11520.56,10334.07,1520.42,74,119.10337837837838,29.134776373563398,2.5945945945945947,0.44594594594594594,0.43388373911755823,-0.900968867902419,0.5680647467311558,0.8229838658936564,0.8660254037844386,0.5000000000000001,0.5380051715382996,0.8429415373547828,2017,1,2,0,0.013513513513513514,0.013513513513513514,0.12162162162162163,0.06756756756756757,0.04054054054054054,0.02702702702702703,0.12162162162162163,0.0,0.0945945945945946,0.013513513513513514,0.04054054054054054,0.4594594594594595,0.25675675675675674,0.24324324324324326,0.16216216216216217,0.33783783783783783,0,0
2017-02-03,11570.43,11138.66,1233.04,62,159.76806451612904,28.776515518007496,3.1451612903225805,0.5483870967741935,-0.433883739117558,-0.9009688679024191,0.5680647467311558,0.8229838658936564,0.8660254037844386,0.5000000000000001,0.5524353131676196,0.8335557718385699,2017,1,2,0,0.04838709677419355,0.03225806451612903,0.12903225806451613,0.11290322580645161,0.016129032258064516,0.016129032258064516,0.14516129032258066,0.0,0.03225806451612903,0.016129032258064516,0.0,0.5,0.3064516129032258,0.08064516129032258,0.0967741935483871,0.5161290322580645,0,0
2017-02-04,17547.04,16753.96,2064.72,74,198.50324324324325,24.385106262117546,3.4054054054054053,0.6216216216216216,-0.9749279121818236,-0.2225209339563146,0.5680647467311558,0.8229838658936564,0.8660254037844386,0.5000000000000001,0.5667017562911176,0.8239230057575542,2017,1,2,1,0.02702702702702703,0.04054054054054054,0.1891891891891892,0.10810810810810811,0.013513513513513514,0.04054054054054054,0.10810810810810811,0.02702702702702703,0.02702702702702703,0.04054054054054054,0.04054054054054054,0.36486486486486486,0.2972972972972973,0.28378378378378377,0.0945945945945946,0.32432432432432434,0,0
2017-02-05,12023.21,10126.66,1640.27,83,102.2456626506024,30.789633000687456,2.8795180722891565,0.4939759036144578,-0.7818314824680299,0.6234898018587334,0.5680647467311558,0.8229838658936564,0.8660254037844386,0.5000000000000001,0.5808002734538009,0.8140460935082178,2017,1,2,1,0.0963855421686747,0.12048192771084337,0.12048192771084337,0.08433734939759036,0.012048192771084338,0.0,0.18072289156626506,0.0,0.060240963855421686,0.03614457831325301,0.024096385542168676,0.3614457831325301,0.37349397590361444,0.12048192771084337,0.12048192771084337,0.3855421686746988,0,0
2017-02-06,11462.01,10933.0,1507.25,85,110.89117647058823,29.112039484260382,2.9411764705882355,0.49411764705882355,0.0,1.0,0.6631226582407952,0.7485107481711011,0.8660254037844386,0.5000000000000001,0.5947266869607634,0.8039279618328213,2017,1,2,0,0.07058823529411765,0.11764705882352941,0.16470588235294117,0.10588235294117647,0.011764705882352941,0.011764705882352941,0.09411764705882353,0.047058823529411764,0.08235294117647059,0.058823529411764705,0.011764705882352941,0.29411764705882354,0.3411764705882353,0.18823529411764706,0.12941176470588237,0.3411764705882353,0,0
2017-02-07,21650.66,17583.07,2602.51,141,106.24510638297872,28.513523676844198,2.5673758865248226,0.3900709219858156,0.7818314824680298,0.6234898018587336,0.6631226582407952,0.7485107481711011,0.8660254037844386,0.5000000000000001,0.6084768701151261,0.7935716089521474,2017,1,2,0,0.1276595744680851,0.05673758865248227,0.05673758865248227,0.14184397163120568,0.02127659574468085,0.0425531914893617,0.10638297872340426,0.0,0.06382978723404255,0.05673758865248227,0.0070921985815602835,0.44680851063829785,0.3900709219858156,0.11347517730496454,0.2765957446808511,0.2198581560283688,0,0
2017-02-08,15435.76,14556.68,2099.4900000000002,97,128.42463917525774,32.159693180751724,2.268041237113402,0.3402061855670103,0.9749279121818236,-0.22252093395631434,0.6631226582407952,0.7485107481711011,0.8660254037844386,0.5000000000000001,0.6220467484408675,0.7829801036770629,2017,1,2,0,0.041237113402061855,0.07216494845360824,0.08247422680412371,0.1134020618556701,0.010309278350515464,0.030927835051546393,0.09278350515463918,0.030927835051546393,0.020618556701030927,0.05154639175257732,0.010309278350515464,0.4845360824742268,0.27835051546391754,0.16494845360824742,0.16494845360824742,0.3917525773195876,0,0
2017-02-09,11977.15,11576.49,1748.11,88,111.68613636363638,28.112632975908035,3.0113636363636362,0.4090909090909091,0.43388373911755823,-0.900968867902419,0.6631226582407952,0.7485107481711011,0.8660254037844386,0.5000000000000001,0.6354323008901774,0.7721565844991642,2017,1,2,0,0.11363636363636363,0.10227272727272728,0.09090909090909091,0.056818181818181816,0.0,0.045454545454545456,0.10227272727272728,0.07954545454545454,0.09090909090909091,0.07954545454545454,0.022727272727272728,0.32954545454545453,0.3522727272727273,0.2159090909090909,0.11363636363636363,0.3181818181818182,0,0
2017-02-10,16156.73,14876.07,1394.77,72,187.24027777777778,26.865161265536862,2.875,0.4583333333333333,-0.433883739117558,-0.9009688679024191,0.6631226582407952,0.7485107481711011,0.8660254037844386,0.5000000000000001,0.6486295610349814,0.7611042586607747,2017,1,2,0,0.05555555555555555,0.06944444444444445,0.06944444444444445,0.06944444444444445,0.027777777777777776,0.08333333333333333,0.08333333333333333,0.027777777777777776,0.041666666666666664,0.1111111111111111,0.041666666666666664,0.375,0.3888888888888889,0.1527777777777778,0.18055555555555555,0.2777777777777778,0,0
2017-02-11,6139.62,5233.15,925.59,51,84.46196078431373,33.921138962872654,3.156862745098039,0.47058823529411764,-0.9749279121818236,-0.2225209339563146,0.6631226582407952,0.7485107481711011,0.8660254037844386,0.5000000000000001,0.6616346182422783,0.7498264012045686,2017,1,2,1,0.0,0.058823529411764705,0.058823529411764705,0.11764705882352941,0.0,0.0784313725490196,0.17647058823529413,0.11764705882352941,0.058823529411764705,0.0,0.0,0.3333333333333333,0.39215686274509803,0.0784313725490196,0.13725490196078433,0.39215686274509803,0,0
2017-02-12,16918.9,16662.600000000002,1524.3799999999999,68,222.62088235294118,29.060880215460536,2.764705882352941,0.45588235294117646,-0.7818314824680299,0.6234898018587334,0.6631226582407952,0.7485107481711011,0.8660254037844386,0.5000000000000001,0.6744436188329455,0.7383263540031065,2017,1,2,1,0.0,0.08823529411764706,0.04411764705882353,0.08823529411764706,0.0,0.029411764705882353,0.07352941176470588,0.058823529411764705,0.029411764705882353,0.014705882352941176,0.058823529411764705,0.5147058823529411,0.38235294117647056,0.10294117647058823,0.17647058823529413,0.3382352941176471,0,0
2017-02-13,15214.949999999999,12516.97,2100.42,90,115.73944444444443,34.14924710863891,2.7,0.4222222222222222,0.0,1.0,0.7485107481711011,0.6631226582407953,0.8660254037844386,0.5000000000000001,0.6870527672236669,0.7266075247685656,2017,1,2,0,0.022222222222222223,0.1,0.05555555555555555,0.03333333333333333,0.0,0.05555555555555555,0.15555555555555556,0.022222222222222223,0.03333333333333333,0.06666666666666667,0.022222222222222223,0.45555555555555555,0.2222222222222222,0.17777777777777778,0.2,0.4,0,0
2017-02-14,17004.48,13319.19,1564.28,80,146.936375,26.41869379923751,3.1875,0.5375,0.7818314824680298,0.6234898018587336,0.7485107481711011,0.6631226582407953,0.8660254037844386,0.5000000000000001,0.699458327051647,0.7146733860429609,2017,1,2,0,0.1125,0.1625,0.0375,0.1,0.0,0.1,0.125,0.025,0.0375,0.025,0.05,0.3375,0.3,0.1125,0.2375,0.35,0,0
2017-02-15,8071.38,8053.81,1263.16,62,109.5266129032258,28.339898267196073,2.661290322580645,0.4838709677419355,0.9749279121818236,-0.22252093395631434,0.7485107481711011,0.6631226582407953,0.8660254037844386,0.5000000000000001,0.7116566222817746,0.7025274741691571,2017,1,2,0,0.04838709677419355,0.11290322580645161,0.08064516129032258,0.04838709677419355,0.0,0.016129032258064516,0.22580645161290322,0.016129032258064516,0.0,0.06451612903225806,0.0967741935483871,0.3387096774193548,0.4032258064516129,0.12903225806451613,0.1935483870967742,0.27419354838709675,0,0
2017-02-16,7686.5,6993.04,1063.1,56,105.89178571428572,29.924745481965065,2.8035714285714284,0.5535714285714286,0.43388373911755823,-0.900968867902419,0.7485107481711011,0.6631226582407953,0.8660254037844386,0.5000000000000001,0.7236440382959124,0.6901733882429719,2017,1,2,0,0.05357142857142857,0.10714285714285714,0.08928571428571429,0.05357142857142857,0.017857142857142856,0.08928571428571429,0.16071428571428573,0.07142857142857142,0.07142857142857142,0.017857142857142856,0.05357142857142857,0.26785714285714285,0.3392857142857143,0.16071428571428573,0.17857142857142858,0.32142857142857145,0,0
2017-02-17,11913.93,8320.44,1302.19,59,118.95338983050847,27.672882093037405,4.084745762711864,0.6271186440677966,-0.433883739117558,-0.9009688679024191,0.7485107481711011,0.6631226582407953,0.8660254037844386,0.5000000000000001,0.7354170229639855,0.6776147890466889,2017,1,2,0,0.05084745762711865,0.13559322033898305,0.0,0.03389830508474576,0.01694915254237288,0.05084745762711865,0.15254237288135594,0.0847457627118644,0.11864406779661017,0.05084745762711865,0.06779661016949153,0.288135593220339,0.3220338983050847,0.05084745762711865,0.13559322033898305,0.4915254237288136,0,0
2017-02-18,12637.960000000001,9103.82,1220.8,67,117.65701492537313,29.650168677863512,2.9402985074626864,0.4925373134328358,-0.9749279121818236,-0.2225209339563146,0.7485107481711011,0.6631226582407953,0.8660254037844386,0.5000000000000001,0.7469720876965552,0.6648553979642865,2017,1,2,1,0.08955223880597014,0.07462686567164178,0.04477611940298507,0.029850746268656716,0.0,0.07462686567164178,0.11940298507462686,0.029850746268656716,0.1044776119402985,0.04477611940298507,0.1044776119402985,0.373134328358209,0.3880597014925373,0.1791044776119403,0.08955223880597014,0.34328358208955223,0,0
2017-02-19,4631.44,4906.7,726.92,47,88.93148936170212,27.943294088049257,1.9787234042553192,0.3191489361702128,-0.7818314824680299,0.6234898018587334,0.7485107481711011,0.6631226582407953,0.8660254037844386,0.5000000000000001,0.7583058084785624,0.6518989958787126,2017,1,2,1,0.0851063829787234,0.1276595744680851,0.10638297872340426,0.06382978723404255,0.02127659574468085,0.0425531914893617,0.14893617021276595,0.0425531914893617,0.10638297872340426,0.06382978723404255,0.0,0.2765957446808511,0.5319148936170213,0.0,0.1276595744680851,0.3404255319148936,0,0
2017-02-20,9881.11,8406.7,1180.39,68,106.26926470588236,30.296400673508924,2.0441176470588234,0.3235294117647059,0.0,1.0,0.8229838658936564,0.5680647467311559,0.8660254037844386,0.5000000000000001,0.7694148268839378,0.6387494220515272,2017,1,2,0,0.04411764705882353,0.07352941176470588,0.14705882352941177,0.058823529411764705,0.014705882352941176,0.10294117647058823,0.11764705882352941,0.029411764705882353,0.08823529411764706,0.07352941176470588,0.04411764705882353,0.25,0.4852941176470588,0.10294117647058823,0.08823529411764706,0.3235294117647059,0,0
2017-02-21,9356.72,9054.43,987.28,43,187.60813953488372,36.484274274252996,2.2093023255813953,0.2558139534883721,0.7818314824680298,0.6234898018587336,0.8229838658936564,0.5680647467311559,0.8660254037844386,0.5000000000000001,0.7802958510707755,0.6254105729852463,2017,1,2,0,0.11627906976744186,0.06976744186046512,0.023255813953488372,0.06976744186046512,0.0,0.09302325581395349,0.09302325581395349,0.046511627906976744,0.11627906976744186,0.09302325581395349,0.023255813953488372,0.37209302325581395,0.27906976744186046,0.18604651162790697,0.11627906976744186,0.4186046511627907,0,0
2017-02-22,8370.27,7414.64,1154.05,62,100.97725806451614,34.266882550774355,2.8225806451612905,0.46774193548387094,0.9749279121818236,-0.22252093395631434,0.8229838658936564,0.5680647467311559,0.8660254037844386,0.5000000000000001,0.7909456567567772,0.6118864012687243,2017,1,2,0,0.12903225806451613,0.11290322580645161,0.12903225806451613,0.08064516129032258,0.03225806451612903,0.03225806451612903,0.24193548387096775,0.016129032258064516,0.016129032258064516,0.03225806451612903,0.04838709677419355,0.25806451612903225,0.41935483870967744,0.0967741935483871,0.1774193548387097,0.3064516129032258,0,0
2017-02-23,13679.17,8252.53,1563.39,72,92.90472222222223,33.305688607857924,2.888888888888889,0.4305555555555556,0.43388373911755823,-0.900968867902419,0.8229838658936564,0.5680647467311559,0.8660254037844386,0.5000000000000001,0.8013610881746766,0.5981809144059165,2017,1,2,0,0.1111111111111111,0.05555555555555555,0.08333333333333333,0.041666666666666664,0.0,0.09722222222222222,0.16666666666666666,0.1111111111111111,0.027777777777777776,0.041666666666666664,0.05555555555555555,0.3194444444444444,0.375,0.20833333333333334,0.08333333333333333,0.3333333333333333,0,0
2017-02-24,9617.62,10453.24,1528.27,89,100.2805617977528,27.302935834530288,2.247191011235955,0.3146067415730337,-0.433883739117558,-0.9009688679024191,0.8229838658936564,0.5680647467311559,0.8660254037844386,0.5000000000000001,0.8115390590073611,0.5842981736283684,2017,1,2,0,0.02247191011235955,0.10112359550561797,0.19101123595505617,0.0898876404494382,0.0449438202247191,0.07865168539325842,0.10112359550561797,0.056179775280898875,0.0449438202247191,0.02247191011235955,0.033707865168539325,0.23595505617977527,0.3707865168539326,0.16853932584269662,0.11235955056179775,0.34831460674157305,0,0
2017-02-25,6240.19,4398.61,785.02,44,82.12704545454545,31.81400576991575,2.8863636363636362,0.5681818181818182,-0.9749279121818236,-0.2225209339563146,0.8229838658936564,0.5680647467311559,0.8660254037844386,0.5000000000000001,0.8214765533024142,0.5702422926917871,2017,1,2,1,0.022727272727272728,0.1590909090909091,0.045454545454545456,0.09090909090909091,0.022727272727272728,0.022727272727272728,0.25,0.0,0.06818181818181818,0.022727272727272728,0.06818181818181818,0.25,0.45454545454545453,0.022727272727272728,0.18181818181818182,0.3409090909090909,0,0
2017-02-26,7163.16,6261.9800000000005,989.59,50,105.4478,37.70671413357025,2.84,0.5,-0.7818314824680299,0.6234898018587334,0.8229838658936564,0.5680647467311559,0.8660254037844386,0.5000000000000001,0.8311706263658079,0.5560174366570446,2017,1,2,1,0.02,0.04,0.04,0.08,0.04,0.02,0.28,0.04,0.1,0.02,0.02,0.32,0.4,0.08,0.14,0.38,0,0
2017-02-27,8696.18,8294.89,1181.07,56,127.0325,35.89334813403112,3.0357142857142856,0.5,0.0,1.0,0.8854560256532099,0.4647231720437686,0.8660254037844386,0.5000000000000001,0.8406184056344782,0.5416278206559814,2017,1,2,0,0.017857142857142856,0.10714285714285714,0.017857142857142856,0.08928571428571429,0.03571428571428571,0.017857142857142856,0.21428571428571427,0.017857142857142856,0.05357142857142857,0.0,0.07142857142857142,0.375,0.375,0.125,0.08928571428571429,0.4107142857142857,0,0
2017-02-28,15790.49,11992.41,1290.65,65,164.64246153846153,30.286996563727694,3.707692307692308,0.6923076923076923,0.7818314824680298,0.6234898018587336,0.8854560256532099,0.4647231720437686,0.8660254037844386,0.5000000000000001,0.8498170915275278,0.5270777086423722,2017,1,2,0,0.015384615384615385,0.09230769230769231,0.015384615384615385,0.1076923076923077,0.07692307692307693,0.03076923076923077,0.12307692307692308,0.06153846153846154,0.0,0.015384615384615385,0.0,0.47692307692307695,0.3076923076923077,0.06153846153846154,0.2153846153846154,0.4153846153846154,0,0
2017-03-01,18707.14,15549.76,2130.15,120,111.83008333333333,29.275277560292018,2.283333333333333,0.375,0.9749279121818236,-0.22252093395631434,0.8854560256532099,0.4647231720437686,1.0,6.123233995736766e-17,0.8587639582758029,0.5123714121284237,2017,1,3,0,0.08333333333333333,0.18333333333333332,0.058333333333333334,0.1,0.016666666666666666,0.041666666666666664,0.15,0.025,0.03333333333333333,0.025,0.016666666666666666,0.35,0.45,0.06666666666666667,0.13333333333333333,0.35,0,0
2017-03-02,13965.19,12896.22,1478.77,77,148.27857142857144,30.63911328117381,3.116883116883117,0.4935064935064935,0.43388373911755823,-0.900968867902419,0.8854560256532099,0.4647231720437686,1.0,6.123233995736766e-17,0.8674563547295969,0.49751328890718066,2017,1,3,0,0.06493506493506493,0.05194805194805195,0.07792207792207792,0.06493506493506493,0.03896103896103896,0.025974025974025976,0.23376623376623376,0.06493506493506493,0.07792207792207792,0.025974025974025976,0.03896103896103896,0.2987012987012987,0.2857142857142857,0.12987012987012986,0.2077922077922078,0.37662337662337664,0,0
2017-03-03,15842.289999999999,14061.96,1583.42,83,150.34385542168675,29.26074825158728,2.9759036144578315,0.4819277108433735,-0.433883739117558,-0.9009688679024191,0.8854560256532099,0.4647231720437686,1.0,6.123233995736766e-17,0.8758917051442429,0.48250774176121847,2017,1,3,0,0.13253012048192772,0.08433734939759036,0.024096385542168676,0.024096385542168676,0.024096385542168676,0.060240963855421686,0.21686746987951808,0.0963855421686747,0.03614457831325301,0.012048192771084338,0.04819277108433735,0.37349397590361444,0.43373493975903615,0.14457831325301204,0.12048192771084337,0.30120481927710846,0,0
2017-03-04,12417.39,10469.84,1546.8,84,106.22666666666667,31.04730452069545,3.1547619047619047,0.5238095238095238,-0.9749279121818236,-0.2225209339563146,0.8854560256532099,0.4647231720437686,1.0,6.123233995736766e-17,0.8840675099433636,0.4673592171580022,2017,1,3,1,0.08333333333333333,0.07142857142857142,0.047619047619047616,0.07142857142857142,0.03571428571428571,0.03571428571428571,0.2857142857142857,0.07142857142857142,0.011904761904761904,0.03571428571428571,0.0,0.3333333333333333,0.2976190476190476,0.2261904761904762,0.09523809523809523,0.38095238095238093,0,0
2017-03-05,10703.24,9100.3,1622.67,89,84.01831460674157,35.98480353184213,3.1797752808988764,0.5280898876404494,-0.7818314824680299,0.6234898018587334,0.8854560256532099,0.4647231720437686,1.0,6.123233995736766e-17,0.8919813464595485,0.45207220393230435,2017,1,3,1,0.10112359550561797,0.10112359550561797,0.11235955056179775,0.07865168539325842,0.0,0.056179775280898875,0.16853932584269662,0.0449438202247191,0.0449438202247191,0.0,0.0449438202247191,0.34831460674157305,0.25842696629213485,0.0898876404494382,0.16853932584269662,0.48314606741573035,0,0
2017-03-06,13024.49,11168.16,2039.32,113,80.78619469026549,33.88504049388231,2.6814159292035398,0.415929203539823,0.0,1.0,0.9350162426854148,0.35460488704253557,1.0,6.123233995736766e-17,0.8996308696522433,0.43665123195606403,2017,1,3,0,0.017699115044247787,0.05309734513274336,0.061946902654867256,0.035398230088495575,0.017699115044247787,0.061946902654867256,0.168141592920354,0.02654867256637168,0.05309734513274336,0.04424778761061947,0.04424778761061947,0.4336283185840708,0.3805309734513274,0.1592920353982301,0.17699115044247787,0.2831858407079646,0,0
2017-03-07,18466.51,13545.23,1892.22,102,114.24519607843138,31.447896368586008,2.6862745098039214,0.4215686274509804,0.7818314824680298,0.6234898018587336,0.9350162426854148,0.35460488704253557,1.0,6.123233995736766e-17,0.9070138128026359,0.4211008707960896,2017,1,3,0,0.0196078431372549,0.10784313725490197,0.049019607843137254,0.029411764705882353,0.0392156862745098,0.029411764705882353,0.06862745098039216,0.10784313725490197,0.0392156862745098,0.029411764705882353,0.0392156862745098,0.46078431372549017,0.29411764705882354,0.21568627450980393,0.13725490196078433,0.35294117647058826,0,0
2017-03-08,17571.75,15605.39,1682.28,87,160.03574712643677,25.38083896908031,2.839080459770115,0.47126436781609193,0.9749279121818236,-0.22252093395631434,0.9350162426854148,0.35460488704253557,1.0,6.123233995736766e-17,0.9141279881853337,0.40542572835999735,2017,1,3,0,0.022988505747126436,0.12643678160919541,0.04597701149425287,0.05747126436781609,0.022988505747126436,0.09195402298850575,0.09195402298850575,0.05747126436781609,0.034482758620689655,0.034482758620689655,0.04597701149425287,0.39080459770114945,0.3563218390804598,0.08045977011494253,0.16091954022988506,0.40229885057471265,0,0
2017-03-09,19016.27,18300.32,2619.78,137,114.45649635036497,28.16984321583124,2.240875912408759,0.34306569343065696,0.43388373911755823,-0.900968867902419,0.9350162426854148,0.35460488704253557,1.0,6.123233995736766e-17,0.9209712877166346,0.38963044953078796,2017,1,3,0,0.24817518248175183,0.0948905109489051,0.06569343065693431,0.10948905109489052,0.014598540145985401,0.08029197080291971,0.11678832116788321,0.029197080291970802,0.021897810218978103,0.014598540145985401,0.2116788321167883,0.24087591240875914,0.46715328467153283,0.11678832116788321,0.0948905109489051,0.32116788321167883,0,0
2017-03-10,16726.8,14552.65,2231.91,102,120.79156862745099,32.912238584742155,3.323529411764706,0.5686274509803921,-0.433883739117558,-0.9009688679024191,0.9350162426854148,0.35460488704253557,1.0,6.123233995736766e-17,0.9275416835791966,0.37371971479046906,2017,1,3,0,0.11764705882352941,0.06862745098039216,0.08823529411764706,0.06862745098039216,0.0196078431372549,0.13725490196078433,0.10784313725490197,0.06862745098039216,0.029411764705882353,0.0196078431372549,0.0392156862745098,0.35294117647058826,0.3627450980392157,0.13725490196078433,0.18627450980392157,0.3137254901960784,0,0
2017-03-11,14827.05,13528.42,1793.92,92,127.54891304347827,28.55874550802983,2.858695652173913,0.42391304347826086,-0.9749279121818236,-0.2225209339563146,0.9350162426854148,0.35460488704253557,1.0,6.123233995736766e-17,0.9338372288229252,0.35769823883312546,2017,1,3,1,0.18478260869565216,0.16304347826086957,0.05434782608695652,0.06521739130434782,0.03260869565217391,0.06521739130434782,0.021739130434782608,0.021739130434782608,0.10869565217391304,0.03260869565217391,0.15217391304347827,0.2826086956521739,0.5108695652173914,0.08695652173913043,0.13043478260869565,0.2717391304347826,0,0
2017-03-12,8673.49,7852.5,1248.47,73,90.46616438356165,32.80224454035111,2.6986301369863015,0.4246575342465753,-0.7818314824680299,0.6234898018587334,0.9350162426854148,0.35460488704253557,1.0,6.123233995736766e-17,0.9398560579418954,0.3415707691678556,2017,1,3,1,0.0821917808219178,0.0958904109589041,0.0410958904109589,0.0410958904109589,0.0136986301369863,0.0136986301369863,0.1095890410958904,0.1643835616438356,0.0547945205479452,0.0273972602739726,0.0136986301369863,0.4246575342465753,0.3698630136986301,0.1643835616438356,0.1917808219178082,0.273972602739726,0,0
2017-03-13,19895.3,19958.69,2408.13,119,147.48369747899162,26.77517761500484,2.8151260504201683,0.46218487394957986,0.0,1.0,0.970941817426052,0.23931566428755804,1.0,6.123233995736766e-17,0.9455963874271426,0.3253420847119801,2017,1,3,0,0.10084033613445378,0.07563025210084033,0.10084033613445378,0.058823529411764705,0.04201680672268908,0.05042016806722689,0.13445378151260504,0.008403361344537815,0.03361344537815126,0.008403361344537815,0.1092436974789916,0.37815126050420167,0.36134453781512604,0.16806722689075632,0.12605042016806722,0.3445378151260504,0,0
2017-03-14,21756.86,16954.44,2347.09,116,125.92543103448276,28.80618575393893,2.6810344827586206,0.41379310344827586,0.7818314824680298,0.6234898018587336,0.970941817426052,0.23931566428755804,1.0,6.123233995736766e-17,0.9510565162951535,0.30901699437494745,2017,1,3,0,0.02586206896551724,0.06896551724137931,0.10344827586206896,0.034482758620689655,0.008620689655172414,0.017241379310344827,0.1206896551724138,0.10344827586206896,0.02586206896551724,0.04310344827586207,0.017241379310344827,0.45689655172413796,0.3275862068965517,0.19827586206896552,0.11206896551724138,0.3620689655172414,0,0
2017-03-15,19969.12,18302.66,2418.22,133,119.43187969924813,28.58186133649005,2.827067669172932,0.42857142857142855,0.9749279121818236,-0.22252093395631434,0.970941817426052,0.23931566428755804,1.0,6.123233995736766e-17,0.9562348265919056,0.29260033563334836,2017,1,3,0,0.045112781954887216,0.06766917293233082,0.03759398496240601,0.045112781954887216,0.03759398496240601,0.03007518796992481,0.07518796992481203,0.19548872180451127,0.03759398496240601,0.022556390977443608,0.11278195488721804,0.3383458646616541,0.47368421052631576,0.07518796992481203,0.07518796992481203,0.37593984962406013,0,0
2017-03-16,24002.62,16463.94,2329.5,124,113.9874193548387,29.732651586980936,3.5,0.5887096774193549,0.43388373911755823,-0.900968867902419,0.970941817426052,0.23931566428755804,1.0,6.123233995736766e-17,0.9611297838723007,0.27609697309746883,2017,1,3,0,0.04032258064516129,0.10483870967741936,0.10483870967741936,0.056451612903225805,0.08870967741935484,0.056451612903225805,0.056451612903225805,0.06451612903225806,0.024193548387096774,0.008064516129032258,0.056451612903225805,0.3790322580645161,0.3951612903225806,0.10483870967741936,0.14516129032258066,0.3548387096774194,0,0
2017-03-17,16038.01,14626.31,1674.21,82,157.95243902439026,27.412298900184734,3.207317073170732,0.524390243902439,-0.433883739117558,-0.9009688679024191,0.970941817426052,0.23931566428755804,1.0,6.123233995736766e-17,0.9657399376548549,0.2595117970697999,2017,1,3,0,0.04878048780487805,0.13414634146341464,0.06097560975609756,0.10975609756097561,0.024390243902439025,0.012195121951219513,0.15853658536585366,0.036585365853658534,0.024390243902439025,0.0,0.07317073170731707,0.36585365853658536,0.35365853658536583,0.1951219512195122,0.12195121951219512,0.32926829268292684,0,0
2017-03-18,18880.73,23015.25,2024.33,79,265.7078481012658,25.4050908065737,3.3417721518987342,0.5189873417721519,-0.9749279121818236,-0.2225209339563146,0.970941817426052,0.23931566428755804,1.0,6.123233995736766e-17,0.9700639218515071,0.2428497220959356,2017,1,3,1,0.012658227848101266,0.11392405063291139,0.0379746835443038,0.11392405063291139,0.0379746835443038,0.0759493670886076,0.05063291139240506,0.05063291139240506,0.05063291139240506,0.0379746835443038,0.0759493670886076,0.35443037974683544,0.34177215189873417,0.189873417721519,0.0759493670886076,0.3924050632911392,0,0
2017-03-19,8395.68,7879.820000000001,1126.51,60,112.55516666666668,23.183040224291414,4.15,0.7166666666666667,-0.7818314824680299,0.6234898018587334,0.970941817426052,0.23931566428755804,1.0,6.123233995736766e-17,0.9741004551724205,0.22611568550828828,2017,1,3,1,0.03333333333333333,0.03333333333333333,0.03333333333333333,0.0,0.03333333333333333,0.03333333333333333,0.15,0.1,0.016666666666666666,0.016666666666666666,0.06666666666666667,0.5166666666666667,0.4666666666666667,0.2,0.1,0.23333333333333334,0,0
2017-03-20,22871.48,19453.63,2485.64,125,135.74392,28.10559723060514,3.336,0.552,0.0,1.0,0.992708874098054,0.120536680255323,1.0,6.123233995736766e-17,0.9778483415056568,0.20931464596304847,2017,1,3,0,0.088,0.104,0.144,0.088,0.016,0.024,0.072,0.064,0.04,0.0,0.04,0.408,0.368,0.168,0.12,0.344,0,0
2017-03-21,15288.5,13659.210000000001,1952.8700000000001,110,106.42127272727272,32.07829566469926,2.4272727272727272,0.4090909090909091,0.7818314824680298,0.6234898018587336,0.992708874098054,0.120536680255323,1.0,6.123233995736766e-17,0.9813064702716093,0.19245158197082998,2017,1,3,0,0.1,0.045454545454545456,0.06363636363636363,0.14545454545454545,0.01818181818181818,0.06363636363636363,0.08181818181818182,0.07272727272727272,0.06363636363636363,0.07272727272727272,0.00909090909090909,0.36363636363636365,0.45454545454545453,0.14545454545454545,0.10909090909090909,0.2909090909090909,0,0
2017-03-22,20659.92,17080.44,2347.85,130,113.32761538461538,33.546642994383085,3.3153846153846156,0.5461538461538461,0.9749279121818236,-0.22252093395631434,0.992708874098054,0.120536680255323,1.0,6.123233995736766e-17,0.9844738167520922,0.1755314904214282,2017,1,3,0,0.09230769230769231,0.17692307692307693,0.06923076923076923,0.05384615384615385,0.03076923076923077,0.08461538461538462,0.08461538461538462,0.08461538461538462,0.09230769230769231,0.023076923076923078,0.007692307692307693,0.2923076923076923,0.38461538461538464,0.1,0.19230769230769232,0.3230769230769231,0,0
2017-03-23,26472.16,18720.68,2407.0,133,122.65924812030076,31.02302799870095,3.2030075187969924,0.47368421052631576,0.43388373911755823,-0.900968867902419,0.992708874098054,0.120536680255323,1.0,6.123233995736766e-17,0.9873494423939864,0.15855938510313475,2017,1,3,0,0.06015037593984962,0.14285714285714285,0.09774436090225563,0.045112781954887216,0.015037593984962405,0.06766917293233082,0.06015037593984962,0.05263157894736842,0.06015037593984962,0.022556390977443608,0.09022556390977443,0.3458646616541353,0.42105263157894735,0.11278195488721804,0.19548872180451127,0.2706766917293233,0,0
2017-03-24,13301.66,11585.26,1470.79,84,120.41035714285714,32.94843061576775,3.130952380952381,0.4880952380952381,-0.433883739117558,-0.9009688679024191,0.992708874098054,0.120536680255323,1.0,6.123233995736766e-17,0.989932495087353,0.141540295217043,2017,1,3,0,0.07142857142857142,0.10714285714285714,0.03571428571428571,0.023809523809523808,0.023809523809523808,0.03571428571428571,0.07142857142857142,0.16666666666666666,0.10714285714285714,0.0,0.11904761904761904,0.30952380952380953,0.40476190476190477,0.21428571428571427,0.11904761904761904,0.2619047619047619,0,0
2017-03-25,15135.33,11758.98,1705.22,89,112.96359550561797,32.47270276168766,2.9101123595505616,0.5393258426966292,-0.9749279121818236,-0.2225209339563146,0.992708874098054,0.120536680255323,1.0,6.123233995736766e-17,0.9922222094179323,0.12447926388678915,2017,1,3,1,0.14606741573033707,0.06741573033707865,0.056179775280898875,0.06741573033707865,0.02247191011235955,0.033707865168539325,0.14606741573033707,0.06741573033707865,0.15730337078651685,0.02247191011235955,0.0449438202247191,0.3146067415730337,0.29213483146067415,0.3146067415730337,0.1348314606741573,0.25842696629213485,0,0
2017-03-26,8315.710000000001,8005.56,1349.94,74,89.9408108108108,29.87491803861364,2.7972972972972974,0.3783783783783784,-0.7818314824680299,0.6234898018587334,0.992708874098054,0.120536680255323,1.0,6.123233995736766e-17,0.994217906893952,0.10738134666416309,2017,1,3,1,0.05405405405405406,0.12162162162162163,0.013513513513513514,0.10810810810810811,0.013513513513513514,0.05405405405405406,0.10810810810810811,0.10810810810810811,0.04054054054054054,0.04054054054054054,0.05405405405405406,0.33783783783783783,0.4189189189189189,0.21621621621621623,0.04054054054054054,0.32432432432432434,0,0
2017-03-27,20530.48,18867.52,2413.45,121,135.98404958677685,30.716585652942914,2.8595041322314048,0.4793388429752066,0.0,1.0,1.0,-1.6081226496766366e-16,1.0,6.123233995736766e-17,0.995918996147179,0.09025161003104117,2017,1,3,0,0.04132231404958678,0.0743801652892562,0.0743801652892562,0.0743801652892562,0.03305785123966942,0.08264462809917356,0.09917355371900827,0.049586776859504134,0.09917355371900827,0.03305785123966942,0.024793388429752067,0.35537190082644626,0.34710743801652894,0.11570247933884298,0.11570247933884298,0.4214876033057851,0,0
2017-03-28,16659.66,13982.45,2203.46,115,102.426,32.56648329463491,2.626086956521739,0.41739130434782606,0.7818314824680298,0.6234898018587336,1.0,-1.6081226496766366e-16,1.0,6.123233995736766e-17,0.9973249731081555,0.07309512989807777,2017,1,3,0,0.05217391304347826,0.08695652173913043,0.06086956521739131,0.043478260869565216,0.017391304347826087,0.09565217391304348,0.06086956521739131,0.06086956521739131,0.06086956521739131,0.05217391304347826,0.043478260869565216,0.41739130434782606,0.4434782608695652,0.10434782608695652,0.16521739130434782,0.28695652173913044,0,0
2017-03-29,11952.47,9662.03,1497.89,83,98.36313253012048,31.91086025605778,3.3012048192771086,0.4578313253012048,0.9749279121818236,-0.22252093395631434,1.0,-1.6081226496766366e-16,1.0,6.123233995736766e-17,0.9984354211555643,0.055916990100603484,2017,1,3,0,0.10843373493975904,0.14457831325301204,0.0963855421686747,0.060240963855421686,0.012048192771084338,0.012048192771084338,0.08433734939759036,0.07228915662650602,0.0963855421686747,0.012048192771084338,0.03614457831325301,0.37349397590361444,0.4578313253012048,0.07228915662650602,0.18072289156626506,0.2891566265060241,0,0
2017-03-30,14364.16,11647.23,1491.73,89,114.1067415730337,30.895077696011136,2.561797752808989,0.449438202247191,0.43388373911755823,-0.900968867902419,1.0,-1.6081226496766366e-16,1.0,6.123233995736766e-17,0.9992500112396835,0.03872228089217446,2017,1,3,0,0.0898876404494382,0.16853932584269662,0.02247191011235955,0.10112359550561797,0.0,0.06741573033707865,0.056179775280898875,0.07865168539325842,0.056179775280898875,0.033707865168539325,0.0449438202247191,0.3707865168539326,0.33707865168539325,0.11235955056179775,0.19101123595505617,0.3595505617977528,0,0
2017-03-31,14335.98,13806.15,1565.47,73,167.6805479452055,30.19955477875629,3.6301369863013697,0.6164383561643836,-0.433883739117558,-0.9009688679024191,1.0,-1.6081226496766366e-16,1.0,6.123233995736766e-17,0.9997685019798909,0.021516097436222254,2017,1,3,0,0.0410958904109589,0.0547945205479452,0.0958904109589041,0.0684931506849315,0.0410958904109589,0.0821917808219178,0.0273972602739726,0.0273972602739726,0.0958904109589041,0.0410958904109589,0.0410958904109589,0.4246575342465753,0.3013698630136986,0.1780821917808219,0.136986301369863,0.3835616438356164,0,0
2017-04-01,19530.33,19519.120000000003,1370.85,70,259.261,26.65807067184129,3.1857142857142855,0.5142857142857142,-0.9749279121818236,-0.2225209339563146,1.0,-1.6081226496766366e-16,0.8660254037844387,-0.4999999999999998,0.9999907397361901,0.004303538296244289,2017,2,4,1,0.08571428571428572,0.21428571428571427,0.1,0.04285714285714286,0.02857142857142857,0.014285714285714285,0.05714285714285714,0.04285714285714286,0.07142857142857142,0.04285714285714286,0.014285714285714285,0.37142857142857144,0.44285714285714284,0.12857142857142856,0.12857142857142856,0.3,0,0
2017-04-02,18149.57,10658.87,1481.08,79,116.17455696202532,25.483767713413584,3.367088607594937,0.6329113924050633,-0.7818314824680299,0.6234898018587334,1.0,-1.6081226496766366e-16,0.8660254037844387,-0.4999999999999998,0.9999166586547379,-0.01291029607500882,2017,2,4,1,0.0759493670886076,0.20253164556962025,0.06329113924050633,0.05063291139240506,0.0759493670886076,0.02531645569620253,0.06329113924050633,0.0,0.0379746835443038,0.05063291139240506,0.0379746835443038,0.3924050632911392,0.3924050632911392,0.11392405063291139,0.24050632911392406,0.25316455696202533,0,0
2017-04-03,13479.31,11232.11,1623.05,89,107.96696629213483,30.392453150100526,3.258426966292135,0.449438202247191,0.0,1.0,0.992708874098054,-0.12053668025532288,0.8660254037844387,-0.4999999999999998,0.9995462806873573,-0.030120304846908114,2017,2,4,0,0.056179775280898875,0.16853932584269662,0.033707865168539325,0.056179775280898875,0.011235955056179775,0.02247191011235955,0.07865168539325842,0.10112359550561797,0.07865168539325842,0.011235955056179775,0.06741573033707865,0.3707865168539326,0.43820224719101125,0.11235955056179775,0.1348314606741573,0.3146067415730337,0,0
2017-04-04,17230.36,15696.64,1990.57,118,116.15313559322034,26.147128768295588,2.7966101694915255,0.4830508474576271,0.7818314824680298,0.6234898018587336,0.992708874098054,-0.12053668025532288,0.8660254037844387,-0.4999999999999998,0.9988797155850336,-0.04732138832243185,2017,2,4,0,0.07627118644067797,0.15254237288135594,0.05084745762711865,0.06779661016949153,0.01694915254237288,0.05084745762711865,0.09322033898305085,0.09322033898305085,0.06779661016949153,0.05084745762711865,0.01694915254237288,0.3389830508474576,0.4830508474576271,0.1271186440677966,0.11016949152542373,0.2796610169491525,0,0
2017-04-05,21062.71,21549.96,1877.32,105,187.35847619047618,25.63448473493831,3.257142857142857,0.5142857142857142,0.9749279121818236,-0.22252093395631434,0.992708874098054,-0.12053668025532288,0.8660254037844387,-0.4999999999999998,0.9979171608653922,-0.06450844944931623,2017,2,4,0,0.10476190476190476,0.17142857142857143,0.047619047619047616,0.08571428571428572,0.047619047619047616,0.01904761904761905,0.08571428571428572,0.047619047619047616,0.0380952380952381,0.009523809523809525,0.0380952380952381,0.4095238095238095,0.49523809523809526,0.1619047619047619,0.12380952380952381,0.21904761904761905,0,0
2017-04-06,22029.83,21817.01,2002.82,105,188.7065714285714,29.89492904677922,3.1809523809523808,0.5619047619047619,0.43388373911755823,-0.900968867902419,0.992708874098054,-0.12053668025532288,0.8660254037844387,-0.4999999999999998,0.9966589017541702,-0.08167639533042241,2017,2,4,0,0.10476190476190476,0.13333333333333333,0.06666666666666667,0.05714285714285714,0.02857142857142857,0.02857142857142857,0.047619047619047616,0.06666666666666667,0.0761904761904762,0.02857142857142857,0.02857142857142857,0.4380952380952381,0.3904761904761905,0.13333333333333333,0.12380952380952381,0.3523809523809524,0,0
2017-04-07,16369.27,16155.97,1773.98,97,148.2679381443299,28.42210295109262,2.6804123711340204,0.4536082474226804,-0.433883739117558,-0.9009688679024191,0.992708874098054,-0.12053668025532288,0.8660254037844387,-0.4999999999999998,0.9951053111006976,-0.09882013873287143,2017,2,4,0,0.09278350515463918,0.061855670103092786,0.09278350515463918,0.09278350515463918,0.061855670103092786,0.030927835051546393,0.041237113402061855,0.05154639175257732,0.05154639175257732,0.010309278350515464,0.05154639175257732,0.4536082474226804,0.44329896907216493,0.061855670103092786,0.15463917525773196,0.3402061855670103,0,0
2017-04-08,11086.199999999999,11135.88,1423.8700000000001,80,121.400125,28.834672465521322,2.9875,0.425,-0.9749279121818236,-0.2225209339563146,0.992708874098054,-0.12053668025532288,0.8660254037844387,-0.4999999999999998,0.9932568492674143,-0.11593459959550041,2017,2,4,1,0.05,0.0625,0.075,0.0375,0.1125,0.0125,0.075,0.1,0.0125,0.05,0.0375,0.425,0.3875,0.1,0.0625,0.45,0,0
2017-04-09,10406.13,9077.65,1361.8,73,105.69657534246576,32.18261987257429,3.410958904109589,0.5753424657534246,-0.7818314824680299,0.6234898018587334,0.992708874098054,-0.12053668025532288,0.8660254037844387,-0.4999999999999998,0.9911140639934547,-0.1330147065341959,2017,2,4,1,0.0958904109589041,0.0821917808219178,0.0410958904109589,0.1232876712328767,0.0684931506849315,0.0547945205479452,0.0958904109589041,0.0136986301369863,0.0547945205479452,0.0547945205479452,0.0684931506849315,0.3424657534246575,0.3150684931506849,0.1232876712328767,0.1095890410958904,0.4520547945205479,0,0
2017-04-10,14479.539999999999,13049.66,1671.15,92,123.67945652173913,27.783321690358925,2.630434782608696,0.43478260869565216,0.0,1.0,0.9709418174260521,-0.2393156642875575,0.8660254037844387,-0.4999999999999998,0.9886775902323405,-0.1500553983446526,2017,2,4,0,0.05434782608695652,0.08695652173913043,0.10869565217391304,0.06521739130434782,0.010869565217391304,0.05434782608695652,0.11956521739130435,0.021739130434782608,0.043478260869565216,0.043478260869565216,0.03260869565217391,0.41304347826086957,0.391304347826087,0.15217391304347827,0.14130434782608695,0.31521739130434784,0,0
2017-04-11,10196.91,9866.45,1614.94,91,90.67593406593407,29.054435300948395,2.7362637362637363,0.43956043956043955,0.7818314824680298,0.6234898018587336,0.9709418174260521,-0.2393156642875575,0.8660254037844387,-0.4999999999999998,0.9859481499638304,-0.16705162550211924,2017,2,4,0,0.06593406593406594,0.16483516483516483,0.06593406593406594,0.07692307692307693,0.0,0.06593406593406594,0.054945054945054944,0.04395604395604396,0.054945054945054944,0.04395604395604396,0.07692307692307693,0.3516483516483517,0.34065934065934067,0.24175824175824176,0.10989010989010989,0.3076923076923077,0,0
2017-04-12,9450.03,9000.65,1149.54,65,120.78630769230769,28.691707455699152,2.476923076923077,0.4,0.9749279121818236,-0.22252093395631434,0.9709418174260521,-0.2393156642875575,0.8660254037844387,-0.4999999999999998,0.9829265519799822,-0.18399835165768005,2017,2,4,0,0.03076923076923077,0.046153846153846156,0.09230769230769231,0.1076923076923077,0.015384615384615385,0.046153846153846156,0.0,0.07692307692307693,0.046153846153846156,0.046153846153846156,0.03076923076923077,0.49230769230769234,0.5692307692307692,0.09230769230769231,0.015384615384615385,0.3230769230769231,0,0
2017-04-13,12476.96,11258.97,1538.55,65,149.54492307692308,29.833802001594517,3.6307692307692307,0.6923076923076923,0.43388373911755823,-0.900968867902419,0.9709418174260521,-0.2393156642875575,0.8660254037844387,-0.4999999999999998,0.9796136916454901,-0.20089055513063506,2017,2,4,0,0.09230769230769231,0.046153846153846156,0.07692307692307693,0.03076923076923077,0.03076923076923077,0.07692307692307693,0.046153846153846156,0.046153846153846156,0.015384615384615385,0.06153846153846154,0.09230769230769231,0.47692307692307695,0.2923076923076923,0.13846153846153847,0.12307692307692308,0.4461538461538462,0,0
2017-04-14,8937.08,7950.88,1246.69,54,124.15166666666666,32.63388820397689,4.222222222222222,0.7407407407407407,-0.433883739117558,-0.9009688679024191,0.9709418174260521,-0.2393156642875575,0.8660254037844387,-0.4999999999999998,0.9760105506323683,-0.21772323039653177,2017,2,4,0,0.05555555555555555,0.07407407407407407,0.05555555555555555,0.1111111111111111,0.09259259259259259,0.037037037037037035,0.07407407407407407,0.037037037037037035,0.07407407407407407,0.018518518518518517,0.09259259259259259,0.3333333333333333,0.3148148148148148,0.1111111111111111,0.1111111111111111,0.46296296296296297,0,0
2017-04-15,9813.8,9328.02,1056.03,54,153.185,31.71597364721674,3.2962962962962963,0.6111111111111112,-0.9749279121818236,-0.2225209339563146,0.9709418174260521,-0.2393156642875575,0.8660254037844387,-0.4999999999999998,0.9721181966290613,-0.23449138957040985,2017,2,4,1,0.05555555555555555,0.12962962962962962,0.037037037037037035,0.037037037037037035,0.0,0.05555555555555555,0.037037037037037035,0.07407407407407407,0.037037037037037035,0.1111111111111111,0.09259259259259259,0.3888888888888889,0.3888888888888889,0.09259259259259259,0.14814814814814814,0.37037037037037035,0,0
2017-04-16,6719.37,6151.11,1035.25,51,100.31098039215685,32.9522060733208,3.372549019607843,0.5490196078431373,-0.7818314824680299,0.6234898018587334,0.9709418174260521,-0.2393156642875575,0.8660254037844387,-0.4999999999999998,0.9679377830240642,-0.25119006388481935,2017,2,4,1,0.0196078431372549,0.09803921568627451,0.058823529411764705,0.17647058823529413,0.058823529411764705,0.0392156862745098,0.0784313725490196,0.058823529411764705,0.058823529411764705,0.058823529411764705,0.0392156862745098,0.27450980392156865,0.27450980392156865,0.0784313725490196,0.058823529411764705,0.5882352941176471,0,0
2017-04-17,9334.48,8773.21,1233.84,63,119.67253968253968,27.149855426127623,2.984126984126984,0.5555555555555556,0.0,1.0,0.9350162426854148,-0.35460488704253545,0.8660254037844387,-0.4999999999999998,0.9634705485641488,-0.2678143051621742,2017,2,4,0,0.06349206349206349,0.047619047619047616,0.09523809523809523,0.047619047619047616,0.047619047619047616,0.06349206349206349,0.07936507936507936,0.047619047619047616,0.047619047619047616,0.031746031746031744,0.06349206349206349,0.42857142857142855,0.31746031746031744,0.12698412698412698,0.1111111111111111,0.4444444444444444,0,0
2017-04-18,26631.78,28582.2,2499.29,94,277.4777659574468,26.36953626610214,3.4361702127659575,0.4787234042553192,0.7818314824680298,0.6234898018587336,0.9350162426854148,-0.35460488704253545,0.8660254037844387,-0.4999999999999998,0.9587178169872964,-0.2843591872810034,2017,2,4,0,0.0425531914893617,0.20212765957446807,0.010638297872340425,0.031914893617021274,0.0,0.0851063829787234,0.031914893617021274,0.031914893617021274,0.031914893617021274,0.0,0.06382978723404255,0.5106382978723404,0.3617021276595745,0.09574468085106383,0.0425531914893617,0.5,0,0
2017-04-19,17114.55,13972.69,1840.65,112,108.32178571428572,27.631251669144223,2.6339285714285716,0.4375,0.9749279121818236,-0.22252093395631434,0.9350162426854148,-0.35460488704253545,0.8660254037844387,-0.4999999999999998,0.9536809966304457,-0.30081980763566735,2017,2,4,0,0.07142857142857142,0.11607142857142858,0.0625,0.07142857142857142,0.07142857142857142,0.03571428571428571,0.09821428571428571,0.026785714285714284,0.044642857142857144,0.044642857142857144,0.017857142857142856,0.4107142857142857,0.35714285714285715,0.23214285714285715,0.11607142857142858,0.29464285714285715,0,0
2017-04-20,18021.43,16003.84,2350.55,118,115.70584745762713,32.5371489544235,3.389830508474576,0.4915254237288136,0.43388373911755823,-0.900968867902419,0.9350162426854148,-0.35460488704253545,0.8660254037844387,-0.4999999999999998,0.9483615800121715,-0.3171912885891061,2017,2,4,0,0.1271186440677966,0.17796610169491525,0.06779661016949153,0.11016949152542373,0.0423728813559322,0.09322033898305085,0.0847457627118644,0.06779661016949153,0.025423728813559324,0.01694915254237288,0.05084745762711865,0.2627118644067797,0.3135593220338983,0.1440677966101695,0.13559322033898305,0.4067796610169492,0,0
2017-04-21,12671.09,11503.48,1856.32,89,108.39505617977528,34.12877041563148,2.730337078651685,0.449438202247191,-0.433883739117558,-0.9009688679024191,0.9350162426854148,-0.35460488704253545,0.8660254037844387,-0.4999999999999998,0.9427611433904207,-0.3334687789181868,2017,2,4,0,0.033707865168539325,0.19101123595505617,0.033707865168539325,0.056179775280898875,0.011235955056179775,0.033707865168539325,0.1797752808988764,0.033707865168539325,0.033707865168539325,0.033707865168539325,0.02247191011235955,0.3707865168539326,0.3258426966292135,0.1797752808988764,0.056179775280898875,0.43820224719101125,0,0
2017-04-22,17905.86,15244.18,2084.84,100,131.5934,30.05577283447066,3.58,0.65,-0.9749279121818236,-0.2225209339563146,0.9350162426854148,-0.35460488704253545,0.8660254037844387,-0.4999999999999998,0.9368813462954315,-0.3496474552512284,2017,2,4,1,0.06,0.1,0.12,0.1,0.04,0.04,0.1,0.02,0.11,0.02,0.02,0.33,0.35,0.14,0.11,0.4,0,0
2017-04-23,12245.96,11834.92,1619.88,90,113.50044444444445,26.805301092406534,2.8555555555555556,0.4222222222222222,-0.7818314824680299,0.6234898018587334,0.9350162426854148,-0.35460488704253545,0.8660254037844387,-0.4999999999999998,0.9307239310379795,-0.36572252349726897,2017,2,4,1,0.05555555555555555,0.1,0.1111111111111111,0.07777777777777778,0.03333333333333333,0.05555555555555555,0.03333333333333333,0.06666666666666667,0.05555555555555555,0.022222222222222223,0.011111111111111112,0.43333333333333335,0.45555555555555555,0.15555555555555556,0.13333333333333333,0.25555555555555554,0,0
2017-04-24,18154.06,16969.73,2562.09,137,105.16525547445255,29.268793788193047,2.897810218978102,0.5109489051094891,0.0,1.0,0.8854560256532099,-0.4647231720437685,0.8660254037844387,-0.4999999999999998,0.9242907221930933,-0.3816892202666588,2017,2,4,0,0.072992700729927,0.10218978102189781,0.08759124087591241,0.06569343065693431,0.029197080291970802,0.058394160583941604,0.08759124087591241,0.051094890510948905,0.029197080291970802,0.072992700729927,0.021897810218978103,0.39416058394160586,0.45985401459854014,0.145985401459854,0.13138686131386862,0.26277372262773724,0,0
2017-04-25,19318.13,16371.64,2424.2,120,116.22866666666667,31.202369996960208,2.65,0.4166666666666667,0.7818314824680298,0.6234898018587336,0.8854560256532099,-0.4647231720437685,0.8660254037844387,-0.4999999999999998,0.9175836260593937,-0.39754281428255595,2017,2,4,0,0.041666666666666664,0.05,0.058333333333333334,0.09166666666666666,0.025,0.09166666666666666,0.075,0.15,0.1,0.025,0.041666666666666664,0.2916666666666667,0.375,0.2,0.10833333333333334,0.31666666666666665,0,0
2017-04-26,20971.99,18669.61,2749.26,141,112.91028368794326,29.687395360353335,3.3120567375886525,0.5390070921985816,0.9749279121818236,-0.22252093395631434,0.8854560256532099,-0.4647231720437685,0.8660254037844387,-0.4999999999999998,0.9106046300942162,-0.4132786077829042,2017,2,4,0,0.06382978723404255,0.09219858156028368,0.07092198581560284,0.11347517730496454,0.02127659574468085,0.02127659574468085,0.06382978723404255,0.07801418439716312,0.05673758865248227,0.02127659574468085,0.04964539007092199,0.41134751773049644,0.3900709219858156,0.1347517730496454,0.09929078014184398,0.375886524822695,0,0
2017-04-27,14965.97,11678.9,2011.27,100,96.6763,39.416651300032,3.39,0.53,0.43388373911755823,-0.900968867902419,0.8854560256532099,-0.4647231720437685,0.8660254037844387,-0.4999999999999998,0.9033558023246845,-0.4288919379124835,2017,2,4,0,0.04,0.03,0.02,0.05,0.04,0.09,0.02,0.27,0.05,0.01,0.02,0.4,0.39,0.13,0.14,0.34,0,0
2017-04-28,20871.67,18571.71,2274.63,108,150.89888888888888,27.9530294073885,3.3981481481481484,0.5648148148148148,-0.433883739117558,-0.9009688679024191,0.8854560256532099,-0.4647231720437685,0.8660254037844387,-0.4999999999999998,0.895839290734909,-0.4443781781046132,2017,2,4,0,0.018518518518518517,0.06481481481481481,0.05555555555555555,0.09259259259259259,0.09259259259259259,0.046296296296296294,0.08333333333333333,0.06481481481481481,0.06481481481481481,0.027777777777777776,0.027777777777777776,0.37962962962962965,0.3055555555555556,0.17592592592592593,0.1111111111111111,0.4074074074074074,0,0
2017-04-29,17494.55,13452.59,1756.97,85,137.59552941176472,29.394252334932062,4.2823529411764705,0.6941176470588235,-0.9749279121818236,-0.2225209339563146,0.8854560256532099,-0.4647231720437685,0.8660254037844387,-0.4999999999999998,0.8880573226294932,-0.45973273945210397,2017,2,4,1,0.08235294117647059,0.10588235294117647,0.10588235294117647,0.08235294117647059,0.023529411764705882,0.09411764705882353,0.07058823529411765,0.047058823529411764,0.07058823529411765,0.047058823529411764,0.011764705882352941,0.3411764705882353,0.29411764705882354,0.17647058823529413,0.10588235294117647,0.4235294117647059,0,0
2017-04-30,9931.39,9449.81,1348.55,70,115.73228571428572,26.40476926591722,3.8714285714285714,0.7,-0.7818314824680299,0.6234898018587334,0.8854560256532099,-0.4647231720437685,0.8660254037844387,-0.4999999999999998,0.8800122039735357,-0.47495107206704995,2017,2,4,1,0.02857142857142857,0.1,0.08571428571428572,0.1,0.04285714285714286,0.04285714285714286,0.12857142857142856,0.02857142857142857,0.05714285714285714,0.014285714285714285,0.07142857142857142,0.32857142857142857,0.3142857142857143,0.14285714285714285,0.11428571428571428,0.42857142857142855,0,0
2017-05-01,16177.59,15071.41,2419.68,141,89.72858156028369,33.83072190747881,3.1631205673758864,0.5531914893617021,0.0,1.0,0.8229838658936565,-0.5680647467311557,0.49999999999999994,-0.8660254037844387,0.8717063187093218,-0.4900286664290592,2017,2,5,0,0.1276595744680851,0.1347517730496454,0.07801418439716312,0.04964539007092199,0.0,0.03546099290780142,0.09219858156028368,0.07092198581560284,0.11347517730496454,0.02127659574468085,0.03546099290780142,0.36879432624113473,0.3900709219858156,0.16312056737588654,0.11347517730496454,0.3333333333333333,0,0
2017-05-02,22647.79,21619.85,2743.71,140,134.82957142857143,28.480779799654762,3.914285714285714,0.5714285714285714,0.7818314824680298,0.6234898018587336,0.8229838658936565,-0.5680647467311557,0.49999999999999994,-0.8660254037844387,0.8631421280499114,-0.5049610547215204,2017,2,5,0,0.05,0.06428571428571428,0.07142857142857142,0.10714285714285714,0.02857142857142857,0.05714285714285714,0.04285714285714286,0.07857142857142857,0.07142857142857142,0.014285714285714285,0.06428571428571428,0.4,0.3357142857142857,0.10714285714285714,0.12857142857142856,0.42857142857142855,0,0
2017-05-03,13551.57,13127.44,2202.91,118,92.58076271186441,30.50714103052022,3.0847457627118646,0.559322033898305,0.9749279121818236,-0.22252093395631434,0.8229838658936565,-0.5680647467311557,0.49999999999999994,-0.8660254037844387,0.854322169749827,-0.5197438121555155,2017,2,5,0,0.05084745762711865,0.11016949152542373,0.07627118644067797,0.07627118644067797,0.00847457627118644,0.06779661016949153,0.06779661016949153,0.05084745762711865,0.05084745762711865,0.0423728813559322,0.00847457627118644,0.4406779661016949,0.3050847457627119,0.1271186440677966,0.1694915254237288,0.3983050847457627,0,0
2017-05-04,20047.57,15877.31,2303.76,122,111.25860655737705,26.07028698774469,3.319672131147541,0.5573770491803278,0.43388373911755823,-0.900968867902419,0.8229838658936565,-0.5680647467311557,0.49999999999999994,-0.8660254037844387,0.8452490573530633,-0.5343725582809786,2017,2,5,0,0.05737704918032787,0.05737704918032787,0.10655737704918032,0.11475409836065574,0.00819672131147541,0.04918032786885246,0.04918032786885246,0.09836065573770492,0.04918032786885246,0.00819672131147541,0.03278688524590164,0.4262295081967213,0.36885245901639346,0.16393442622950818,0.07377049180327869,0.39344262295081966,0,0
2017-05-05,18485.21,17193.65,2494.58,128,114.836484375,30.403857926386948,3.171875,0.5703125,-0.433883739117558,-0.9009688679024191,0.8229838658936565,-0.5680647467311557,0.49999999999999994,-0.8660254037844387,0.8359254794186372,-0.548842958284719,2017,2,5,0,0.0625,0.109375,0.0859375,0.046875,0.03125,0.0546875,0.0703125,0.078125,0.0390625,0.0390625,0.046875,0.3984375,0.25,0.171875,0.1484375,0.4296875,0,0
2017-05-06,20328.46,18174.489999999998,2426.71,131,120.2120610687023,30.85950102144253,3.732824427480916,0.6412213740458015,-0.9749279121818236,-0.2225209339563146,0.8229838658936565,-0.5680647467311557,0.49999999999999994,-0.8660254037844387,0.8263541987239096,-0.5631507242749186,2017,2,5,1,0.1297709923664122,0.08396946564885496,0.061068702290076333,0.1297709923664122,0.03816793893129771,0.030534351145038167,0.07633587786259542,0.0916030534351145,0.015267175572519083,0.030534351145038167,0.0916030534351145,0.3511450381679389,0.3511450381679389,0.20610687022900764,0.09923664122137404,0.3435114503816794,0,0
2017-05-07,20048.06,18975.95,2454.89,117,141.20564102564103,32.71747214297174,3.4444444444444446,0.5811965811965812,-0.7818314824680299,0.6234898018587334,0.8229838658936565,-0.5680647467311557,0.49999999999999994,-0.8660254037844387,0.8165380514459161,-0.5772916165517272,2017,2,5,1,0.1111111111111111,0.07692307692307693,0.07692307692307693,0.08547008547008547,0.02564102564102564,0.07692307692307693,0.10256410256410256,0.05982905982905983,0.05128205128205128,0.03418803418803419,0.05982905982905983,0.3504273504273504,0.36752136752136755,0.10256410256410256,0.19658119658119658,0.3333333333333333,0,0
2017-05-08,25387.41,18929.09,2894.25,144,111.35305555555556,29.281126463810715,3.4375,0.6458333333333334,0.0,1.0,0.7485107481711013,-0.663122658240795,0.49999999999999994,-0.8660254037844387,0.8064799463209448,-0.5912614448635781,2017,2,5,0,0.04861111111111111,0.0763888888888889,0.0625,0.04861111111111111,0.041666666666666664,0.05555555555555555,0.08333333333333333,0.09722222222222222,0.034722222222222224,0.027777777777777776,0.05555555555555555,0.4166666666666667,0.3680555555555556,0.1388888888888889,0.08333333333333333,0.4097222222222222,0,0
2017-05-09,38083.72,24023.57,3108.36,158,132.37474683544303,29.28910324023249,2.7911392405063293,0.43670886075949367,0.7818314824680298,0.6234898018587336,0.7485107481711013,-0.663122658240795,0.49999999999999994,-0.8660254037844387,0.7961828637826158,-0.6050560696488488,2017,2,5,0,0.0949367088607595,0.10126582278481013,0.06962025316455696,0.05063291139240506,0.0379746835443038,0.18354430379746836,0.03164556962025317,0.056962025316455694,0.06329113924050633,0.02531645569620253,0.02531645569620253,0.35443037974683544,0.2974683544303797,0.12658227848101267,0.12658227848101267,0.44936708860759494,0,0
2017-05-10,32460.84,23711.83,2346.52,125,170.92248,23.470676314340693,3.28,0.584,0.9749279121818236,-0.22252093395631434,0.7485107481711013,-0.663122658240795,0.49999999999999994,-0.8660254037844387,0.7856498550787147,-0.6186714032625031,2017,2,5,0,0.12,0.08,0.064,0.08,0.064,0.12,0.048,0.032,0.032,0.008,0.064,0.408,0.384,0.136,0.088,0.392,0,0
2017-05-11,25799.7,22162.62,3155.37,144,131.99479166666666,27.115977464877712,3.5069444444444446,0.5694444444444444,0.43388373911755823,-0.900968867902419,0.7485107481711013,-0.663122658240795,0.49999999999999994,-0.8660254037844387,0.7748840413670407,-0.6321034111873487,2017,2,5,0,0.10416666666666667,0.0763888888888889,0.0763888888888889,0.09722222222222222,0.034722222222222224,0.10416666666666667,0.05555555555555555,0.027777777777777776,0.041666666666666664,0.0,0.027777777777777776,0.4583333333333333,0.3958333333333333,0.13194444444444445,0.09027777777777778,0.3819444444444444,0,0
2017-05-12,16162.31,16118.210000000001,2624.46,138,97.78079710144928,28.908867598231573,2.86231884057971,0.4420289855072464,-0.433883739117558,-0.9009688679024191,0.7485107481711013,-0.663122658240795,0.49999999999999994,-0.8660254037844387,0.7638886127905428,-0.6453481132295501,2017,2,5,0,0.07246376811594203,0.2246376811594203,0.07971014492753623,0.050724637681159424,0.014492753623188406,0.06521739130434782,0.08695652173913043,0.057971014492753624,0.043478260869565216,0.050724637681159424,0.007246376811594203,0.3188405797101449,0.5072463768115942,0.06521739130434782,0.08695652173913043,0.34057971014492755,0,0
2017-05-13,11234.869999999999,10102.1,1485.64,80,107.70575000000001,28.222631395799503,3.0625,0.5375,-0.9749279121818236,-0.2225209339563146,0.7485107481711013,-0.663122658240795,0.49999999999999994,-0.8660254037844387,0.7526668275320085,-0.6584015846980488,2017,2,5,1,0.1625,0.075,0.025,0.05,0.0,0.0875,0.1625,0.025,0.0875,0.0375,0.0375,0.4125,0.5125,0.0875,0.1,0.3,0,0
2017-05-14,19246.62,17927.05,2396.47,130,119.466,30.562238393584312,3.5307692307692307,0.6,-0.7818314824680299,0.6234898018587334,0.7485107481711013,-0.663122658240795,0.49999999999999994,-0.8660254037844387,0.7412220108485958,-0.6712599575675313,2017,2,5,1,0.06153846153846154,0.1,0.11538461538461539,0.06923076923076923,0.046153846153846156,0.07692307692307693,0.06923076923076923,0.03076923076923077,0.05384615384615385,0.038461538461538464,0.03076923076923077,0.36923076923076925,0.4,0.1076923076923077,0.06923076923076923,0.4230769230769231,0,0
2017-05-15,28009.06,24352.32,3763.38,189,108.93619047619048,31.17904377512801,2.634920634920635,0.42328042328042326,0.0,1.0,0.6631226582407952,-0.7485107481711012,0.49999999999999994,-0.8660254037844387,0.7295575540864875,-0.6839194216246106,2017,2,5,0,0.08994708994708994,0.06878306878306878,0.042328042328042326,0.08994708994708994,0.031746031746031744,0.07407407407407407,0.15873015873015872,0.0582010582010582,0.05291005291005291,0.021164021164021163,0.037037037037037035,0.36507936507936506,0.38095238095238093,0.14814814814814814,0.07936507936507936,0.3915343915343915,0,0
2017-05-16,30893.32,26359.72,3426.83,189,121.33804232804232,25.8448660942165,3.566137566137566,0.5396825396825397,0.7818314824680298,0.6234898018587336,0.6631226582407952,-0.7485107481711012,0.49999999999999994,-0.8660254037844387,0.717676913675962,-0.6963762255968722,2017,2,5,0,0.15343915343915343,0.13227513227513227,0.06349206349206349,0.09523809523809523,0.037037037037037035,0.06878306878306878,0.047619047619047616,0.10052910052910052,0.05291005291005291,0.021164021164021163,0.026455026455026454,0.3544973544973545,0.4021164021164021,0.1746031746031746,0.09523809523809523,0.328042328042328,0,0
2017-05-17,23774.31,24546.75,3271.41,172,123.69383720930233,29.572655026793047,2.9244186046511627,0.5290697674418605,0.9749279121818236,-0.22252093395631434,0.6631226582407952,-0.7485107481711012,0.49999999999999994,-0.8660254037844387,0.705583610107178,-0.7086266782644596,2017,2,5,0,0.0755813953488372,0.05813953488372093,0.040697674418604654,0.05813953488372093,0.011627906976744186,0.08139534883720931,0.13372093023255813,0.12209302325581395,0.05232558139534884,0.01744186046511628,0.03488372093023256,0.38953488372093026,0.5290697674418605,0.0872093023255814,0.08139534883720931,0.3023255813953488,0,0
2017-05-18,27556.66,21169.83,2653.91,143,129.48195804195805,25.823496062328246,3.839160839160839,0.6223776223776224,0.43388373911755823,-0.900968867902419,0.6631226582407952,-0.7485107481711012,0.49999999999999994,-0.8660254037844387,0.6932812268869777,-0.7206671495538609,2017,2,5,0,0.11188811188811189,0.04895104895104895,0.04195804195804196,0.08391608391608392,0.06993006993006994,0.06993006993006994,0.04195804195804196,0.06993006993006994,0.06993006993006994,0.027972027972027972,0.03496503496503497,0.4405594405594406,0.4195804195804196,0.1258741258741259,0.16083916083916083,0.2937062937062937,0,0
2017-05-19,31798.829999999998,23150.61,3352.68,186,106.44048387096774,29.68874782478179,3.263440860215054,0.543010752688172,-0.433883739117558,-0.9009688679024191,0.6631226582407952,-0.7485107481711012,0.49999999999999994,-0.8660254037844387,0.6807734094770161,-0.7324940716135789,2017,2,5,0,0.20967741935483872,0.08064516129032258,0.08064516129032258,0.04838709677419355,0.021505376344086023,0.11290322580645161,0.15053763440860216,0.08602150537634409,0.016129032258064516,0.03225806451612903,0.03225806451612903,0.3387096774193548,0.41935483870967744,0.13440860215053763,0.16129032258064516,0.2849462365591398,0,0
2017-05-20,13955.82,13596.85,1766.55,82,144.27195121951218,27.40202787353773,3.073170731707317,0.5609756097560976,-0.9749279121818236,-0.2225209339563146,0.6631226582407952,-0.7485107481711012,0.49999999999999994,-0.8660254037844387,0.6680638642135335,-0.7441039398713607,2017,2,5,1,0.0975609756097561,0.08536585365853659,0.0,0.10975609756097561,0.024390243902439025,0.07317073170731707,0.036585365853658534,0.07317073170731707,0.036585365853658534,0.012195121951219513,0.012195121951219513,0.5365853658536586,0.4146341463414634,0.12195121951219512,0.14634146341463414,0.3170731707317073,0,0
2017-05-21,22767.78,20625.1,3006.49,167,105.50065868263474,31.964809487960867,3.37125748502994,0.562874251497006,-0.7818314824680299,0.6234898018587334,0.6631226582407952,-0.7485107481711012,0.49999999999999994,-0.8660254037844387,0.6551563572090853,-0.7554933140726803,2017,2,5,1,0.1497005988023952,0.1317365269461078,0.0718562874251497,0.0718562874251497,0.023952095808383235,0.07784431137724551,0.04790419161676647,0.0718562874251497,0.03592814371257485,0.04790419161676647,0.011976047904191617,0.40718562874251496,0.33532934131736525,0.16766467065868262,0.15568862275449102,0.3413173652694611,0,0
2017-05-22,31123.27,29046.54,3504.82,174,146.79149425287358,29.3422791826583,3.4770114942528734,0.5402298850574713,0.0,1.0,0.5680647467311558,-0.8229838658936564,0.49999999999999994,-0.8660254037844387,0.6420547132365637,-0.766658819300159,2017,2,5,0,0.08045977011494253,0.12643678160919541,0.10344827586206896,0.1206896551724138,0.005747126436781609,0.08045977011494253,0.05172413793103448,0.08045977011494253,0.05747126436781609,0.005747126436781609,0.05747126436781609,0.3103448275862069,0.43103448275862066,0.13793103448275862,0.05747126436781609,0.3735632183908046,0,0
2017-05-23,23286.83,20487.19,2748.71,141,125.80482269503545,27.35859032009114,3.425531914893617,0.5460992907801419,0.7818314824680298,0.6234898018587336,0.5680647467311558,-0.8229838658936564,0.49999999999999994,-0.8660254037844387,0.6287628145958344,-0.7775971469736269,2017,2,5,0,0.02127659574468085,0.12056737588652482,0.06382978723404255,0.07092198581560284,0.014184397163120567,0.07801418439716312,0.09219858156028368,0.07092198581560284,0.0425531914893617,0.02127659574468085,0.02127659574468085,0.40425531914893614,0.4397163120567376,0.1276595744680851,0.09219858156028368,0.3404255319148936,0,0
2017-05-24,30735.98,27668.92,3402.87,166,146.18102409638553,30.36166082941244,3.4879518072289155,0.5542168674698795,0.9749279121818236,-0.22252093395631434,0.5680647467311558,-0.8229838658936564,0.49999999999999994,-0.8660254037844387,0.6152845999633276,-0.7883050558305255,2017,2,5,0,0.12048192771084337,0.03614457831325301,0.03614457831325301,0.04216867469879518,0.0783132530120482,0.07228915662650602,0.04819277108433735,0.04216867469879518,0.08433734939759036,0.03614457831325301,0.030120481927710843,0.4939759036144578,0.3614457831325301,0.21084337349397592,0.04216867469879518,0.3855421686746988,0,0
2017-05-25,21071.21,19641.23,2578.54,129,132.26891472868215,31.011278107905095,3.2093023255813953,0.4883720930232558,0.43388373911755823,-0.900968867902419,0.5680647467311558,-0.8229838658936564,0.49999999999999994,-0.8660254037844387,0.6016240632249226,-0.7987793728863649,2017,2,5,0,0.06976744186046512,0.08527131782945736,0.03875968992248062,0.10077519379844961,0.06201550387596899,0.06201550387596899,0.03875968992248062,0.15503875968992248,0.03875968992248062,0.015503875968992248,0.046511627906976744,0.35658914728682173,0.37209302325581395,0.14728682170542637,0.17054263565891473,0.31007751937984496,0,0
2017-05-26,15157.06,12494.08,1883.2,95,111.69347368421052,34.824238954769854,3.694736842105263,0.6526315789473685,-0.433883739117558,-0.9009688679024191,0.5680647467311558,-0.8229838658936564,0.49999999999999994,-0.8660254037844387,0.5877852522924732,-0.8090169943749473,2017,2,5,0,0.042105263157894736,0.11578947368421053,0.07368421052631578,0.17894736842105263,0.021052631578947368,0.021052631578947368,0.06315789473684211,0.05263157894736842,0.06315789473684211,0.042105263157894736,0.010526315789473684,0.35789473684210527,0.3263157894736842,0.21052631578947367,0.14736842105263157,0.3157894736842105,0,0
2017-05-27,21969.37,16118.91,1952.29,94,150.70872340425532,26.40650049109446,3.882978723404255,0.6063829787234043,-0.9749279121818236,-0.2225209339563146,0.5680647467311558,-0.8229838658936564,0.49999999999999994,-0.8660254037844387,0.5737722679043246,-0.8190148866680801,2017,2,5,1,0.20212765957446807,0.18085106382978725,0.11702127659574468,0.0425531914893617,0.06382978723404255,0.02127659574468085,0.0425531914893617,0.02127659574468085,0.031914893617021274,0.06382978723404255,0.010638297872340425,0.40425531914893614,0.40425531914893614,0.031914893617021274,0.07446808510638298,0.48936170212765956,0,0
2017-05-28,12767.72,11859.73,1957.42,111,89.21,28.552676968716835,3.4504504504504503,0.6216216216216216,-0.7818314824680299,0.6234898018587334,0.5680647467311558,-0.8229838658936564,0.49999999999999994,-0.8660254037844387,0.5595892624101765,-0.8287700871745038,2017,2,5,1,0.04504504504504504,0.1891891891891892,0.04504504504504504,0.07207207207207207,0.036036036036036036,0.09009009009009009,0.06306306306306306,0.09009009009009009,0.036036036036036036,0.04504504504504504,0.02702702702702703,0.3063063063063063,0.4144144144144144,0.09009009009009009,0.12612612612612611,0.36936936936936937,0,0
2017-05-29,23629.34,31626.81,3307.67,192,147.49552083333333,27.09706602931645,2.515625,0.4322916666666667,0.0,1.0,0.46472317204376906,-0.8854560256532096,0.49999999999999994,-0.8660254037844387,0.545240438540651,-0.8382797052177744,2017,2,5,0,0.052083333333333336,0.08333333333333333,0.078125,0.03125,0.020833333333333332,0.026041666666666668,0.06770833333333333,0.109375,0.0625,0.046875,0.026041666666666668,0.4479166666666667,0.4791666666666667,0.10416666666666667,0.09895833333333333,0.3177083333333333,0,0
2017-05-30,23197.68,16944.93,2431.9,125,116.10424,28.95800012744622,2.944,0.464,0.7818314824680298,0.6234898018587336,0.46472317204376906,-0.8854560256532096,0.49999999999999994,-0.8660254037844387,0.5307300481619334,-0.8475409228928311,2017,2,5,0,0.096,0.072,0.048,0.032,0.04,0.136,0.096,0.08,0.048,0.04,0.016,0.392,0.368,0.128,0.096,0.408,0,0
2017-05-31,25686.94,22181.81,2762.25,137,141.74861313868615,27.951750810037876,3.562043795620438,0.5620437956204379,0.9749279121818236,-0.22252093395631434,0.46472317204376906,-0.8854560256532096,0.49999999999999994,-0.8660254037844387,0.5160623910158528,-0.8565509959010036,2017,2,5,0,0.051094890510948905,0.08759124087591241,0.13138686131386862,0.021897810218978103,0.0364963503649635,0.0948905109489051,0.043795620437956206,0.0948905109489051,0.043795620437956206,0.014598540145985401,0.029197080291970802,0.40145985401459855,0.31386861313868614,0.13138686131386862,0.16058394160583941,0.39416058394160586,0,0
2017-06-01,23547.44,23027.29,2693.69,149,136.4671140939597,28.20654675216947,3.053691275167785,0.4429530201342282,0.43388373911755823,-0.900968867902419,0.46472317204376906,-0.8854560256532096,1.2246467991473532e-16,-1.0,0.5012418134457758,-0.865307254363206,2017,2,6,0,0.08053691275167785,0.08053691275167785,0.10067114093959731,0.040268456375838924,0.03355704697986577,0.053691275167785234,0.08053691275167785,0.06711409395973154,0.053691275167785234,0.006711409395973154,0.040268456375838924,0.4429530201342282,0.4966442953020134,0.087248322147651,0.08053691275167785,0.33557046979865773,0,0
2017-06-02,22258.21,24583.86,2586.74,145,151.70427586206895,25.52512621543862,3.013793103448276,0.5655172413793104,-0.433883739117558,-0.9009688679024191,0.46472317204376906,-0.8854560256532096,1.2246467991473532e-16,-1.0,0.48627270710868997,-0.8738071036110808,2017,2,6,0,0.13793103448275862,0.08275862068965517,0.04827586206896552,0.08275862068965517,0.041379310344827586,0.07586206896551724,0.041379310344827586,0.041379310344827586,0.0896551724137931,0.0,0.020689655172413793,0.47586206896551725,0.35172413793103446,0.1103448275862069,0.14482758620689656,0.3931034482758621,0,0
2017-06-03,18629.41,12594.55,1848.41,105,102.34419047619048,29.012589258507564,3.1809523809523808,0.5523809523809524,-0.9749279121818236,-0.2225209339563146,0.46472317204376906,-0.8854560256532096,1.2246467991473532e-16,-1.0,0.4711595076738638,-0.8820480249558537,2017,2,6,1,0.02857142857142857,0.05714285714285714,0.13333333333333333,0.06666666666666667,0.01904761904761905,0.0761904761904762,0.05714285714285714,0.09523809523809523,0.02857142857142857,0.01904761904761905,0.0380952380952381,0.4095238095238095,0.41904761904761906,0.11428571428571428,0.10476190476190476,0.3619047619047619,0,0
2017-06-04,16456.51,16026.6,2095.46,109,127.808623853211,26.75484290324316,3.5137614678899083,0.5779816513761468,-0.7818314824680299,0.6234898018587334,0.46472317204376906,-0.8854560256532096,1.2246467991473532e-16,-1.0,0.4559066935084588,-0.8900275764346767,2017,2,6,1,0.09174311926605505,0.08256880733944955,0.09174311926605505,0.11009174311926606,0.027522935779816515,0.07339449541284404,0.09174311926605505,0.09174311926605505,0.01834862385321101,0.03669724770642202,0.01834862385321101,0.3577981651376147,0.3761467889908257,0.1559633027522936,0.11009174311926606,0.3577981651376147,0,0
2017-06-05,29963.51,27360.75,3084.66,176,137.93232954545454,26.596288823568724,2.965909090909091,0.48295454545454547,0.0,1.0,0.35460488704253584,-0.9350162426854147,1.2246467991473532e-16,-1.0,0.440518784350495,-0.8977433935342337,2017,2,6,0,0.125,0.1534090909090909,0.03977272727272727,0.0625,0.028409090909090908,0.05113636363636364,0.07954545454545454,0.07386363636363637,0.05113636363636364,0.03409090909090909,0.03409090909090909,0.39204545454545453,0.36363636363636365,0.13068181818181818,0.0625,0.4431818181818182,0,0
2017-06-06,19886.82,16365.75,2624.21,150,91.61026666666667,32.66327084008842,3.5533333333333332,0.6066666666666667,0.7818314824680298,0.6234898018587336,0.35460488704253584,-0.9350162426854147,1.2246467991473532e-16,-1.0,0.42500033996955416,-0.9051931898913974,2017,2,6,0,0.16666666666666666,0.23333333333333334,0.08666666666666667,0.08666666666666667,0.04,0.06666666666666667,0.06666666666666667,0.05333333333333334,0.03333333333333333,0.05333333333333334,0.02666666666666667,0.25333333333333335,0.46,0.1,0.12666666666666668,0.31333333333333335,0,0
2017-06-07,16947.94,17569.84,3137.12,165,87.4710303030303,30.66112065259946,2.757575757575758,0.4727272727272727,0.9749279121818236,-0.22252093395631434,0.35460488704253584,-0.9350162426854147,1.2246467991473532e-16,-1.0,0.4093559588156213,-0.9123747579707273,2017,2,6,0,0.07878787878787878,0.22424242424242424,0.048484848484848485,0.09696969696969697,0.012121212121212121,0.04242424242424243,0.01818181818181818,0.06060606060606061,0.024242424242424242,0.04242424242424243,0.030303030303030304,0.4,0.45454545454545453,0.07878787878787878,0.09090909090909091,0.37575757575757573,0,0
2017-06-08,30864.2,23416.75,3839.63,164,119.37268292682926,29.739929849681953,3.2865853658536586,0.5,0.43388373911755823,-0.900968867902419,0.35460488704253584,-0.9350162426854147,1.2246467991473532e-16,-1.0,0.39359027665646673,-0.9192859697186104,2017,2,6,0,0.1524390243902439,0.06707317073170732,0.08536585365853659,0.06707317073170732,0.042682926829268296,0.08536585365853659,0.012195121951219513,0.09146341463414634,0.04878048780487805,0.042682926829268296,0.08536585365853659,0.3719512195121951,0.35365853658536583,0.11585365853658537,0.10365853658536585,0.4268292682926829,0,0
2017-06-09,21673.59,19421.9,2572.23,129,130.6175968992248,34.662713028313185,2.8372093023255816,0.5038759689922481,-0.433883739117558,-0.9009688679024191,0.35460488704253584,-0.9350162426854147,1.2246467991473532e-16,-1.0,0.3777079652039649,-0.9259247771938498,2017,2,6,0,0.13953488372093023,0.07751937984496124,0.05426356589147287,0.046511627906976744,0.03875968992248062,0.10852713178294573,0.1937984496124031,0.015503875968992248,0.10077519379844961,0.023255813953488372,0.023255813953488372,0.3178294573643411,0.46511627906976744,0.14728682170542637,0.10077519379844961,0.2868217054263566,0,0
2017-06-10,10476.84,9804.34,1600.44,83,98.8421686746988,30.232498851608103,3.566265060240964,0.5542168674698795,-0.9749279121818236,-0.2225209339563146,0.35460488704253584,-0.9350162426854147,1.2246467991473532e-16,-1.0,0.36171373072976765,-0.9322892131745133,2017,2,6,1,0.14457831325301204,0.060240963855421686,0.04819277108433735,0.060240963855421686,0.060240963855421686,0.08433734939759036,0.03614457831325301,0.08433734939759036,0.07228915662650602,0.024096385542168676,0.04819277108433735,0.42168674698795183,0.39759036144578314,0.1927710843373494,0.08433734939759036,0.3253012048192771,0,0
2017-06-11,20382.25,21083.39,2632.65,142,129.93478873239437,28.05320523575902,3.1338028169014085,0.49295774647887325,-0.7818314824680299,0.6234898018587334,0.35460488704253584,-0.9350162426854147,1.2246467991473532e-16,-1.0,0.3456123126707335,-0.9383773917408641,2017,2,6,1,0.09154929577464789,0.056338028169014086,0.02112676056338028,0.07746478873239436,0.07042253521126761,0.06338028169014084,0.04225352112676056,0.11971830985915492,0.06338028169014084,0.014084507042253521,0.014084507042253521,0.45774647887323944,0.4154929577464789,0.11267605633802817,0.11267605633802817,0.3591549295774648,0,0
2017-06-12,28252.22,17476.71,2602.06,152,97.85953947368421,30.349984381262043,2.5723684210526314,0.3881578947368421,0.0,1.0,0.23931566428755768,-0.970941817426052,1.2246467991473532e-16,-1.0,0.3294084822245304,-0.9441875088341993,2017,2,6,0,0.039473684210526314,0.09868421052631579,0.039473684210526314,0.03289473684210526,0.039473684210526314,0.10526315789473684,0.02631578947368421,0.1513157894736842,0.09868421052631579,0.02631578947368421,0.02631578947368421,0.35526315789473684,0.3881578947368421,0.17105263157894737,0.1118421052631579,0.32894736842105265,0,0
2017-06-13,18419.94,16872.07,2618.08,144,98.98604166666667,30.981702395500836,3.2083333333333335,0.5833333333333334,0.7818314824680298,0.6234898018587336,0.23931566428755768,-0.970941817426052,1.2246467991473532e-16,-1.0,0.3131070409358269,-0.9497178427914316,2017,2,6,0,0.05555555555555555,0.0625,0.0763888888888889,0.125,0.013888888888888888,0.09722222222222222,0.10416666666666667,0.04861111111111111,0.034722222222222224,0.006944444444444444,0.020833333333333332,0.4097222222222222,0.3541666666666667,0.09722222222222222,0.125,0.4236111111111111,0,0
2017-06-14,28429.01,23428.83,2931.99,149,137.56268456375838,31.316410217116225,3.1543624161073827,0.5637583892617449,0.9749279121818236,-0.22252093395631434,0.23931566428755768,-0.970941817426052,1.2246467991473532e-16,-1.0,0.29671281927349075,-0.9549667548552551,2017,2,6,0,0.12080536912751678,0.1476510067114094,0.06040268456375839,0.11409395973154363,0.020134228187919462,0.06040268456375839,0.06040268456375839,0.04697986577181208,0.040268456375838924,0.03355704697986577,0.03355704697986577,0.3825503355704698,0.35570469798657717,0.174496644295302,0.1342281879194631,0.33557046979865773,0,0
2017-06-15,17915.14,14807.43,2227.13,128,98.28359375000001,31.70620931930089,3.0078125,0.6015625,0.43388373911755823,-0.900968867902419,0.23931566428755768,-0.970941817426052,1.2246467991473532e-16,-1.0,0.28023067519921585,-0.9599326896597447,2017,2,6,0,0.171875,0.2265625,0.0390625,0.078125,0.015625,0.0546875,0.03125,0.0859375,0.046875,0.03125,0.0546875,0.3359375,0.4140625,0.15625,0.1015625,0.328125,0,0
2017-06-16,15793.55,15286.56,1976.37,111,119.91162162162162,30.726184438791947,3.2882882882882885,0.5135135135135135,-0.433883739117558,-0.9009688679024191,0.23931566428755768,-0.970941817426052,1.2246467991473532e-16,-1.0,0.26366549272800704,-0.9646141756912435,2017,2,6,0,0.036036036036036036,0.09009009009009009,0.09009009009009009,0.05405405405405406,0.04504504504504504,0.12612612612612611,0.018018018018018018,0.04504504504504504,0.04504504504504504,0.02702702702702703,0.07207207207207207,0.38738738738738737,0.34234234234234234,0.06306306306306306,0.10810810810810811,0.4864864864864865,0,0
2017-06-17,14526.23,13995.22,1730.72,93,131.8763440860215,29.220670026084168,3.6236559139784945,0.5483870967741935,-0.9749279121818236,-0.2225209339563146,0.23931566428755768,-0.970941817426052,1.2246467991473532e-16,-1.0,0.24702218048093552,-0.9690098257244062,2017,2,6,1,0.07526881720430108,0.0967741935483871,0.0967741935483871,0.0967741935483871,0.043010752688172046,0.15053763440860216,0.03225806451612903,0.06451612903225806,0.043010752688172046,0.03225806451612903,0.021505376344086023,0.3225806451612903,0.45161290322580644,0.1827956989247312,0.053763440860215055,0.3118279569892473,0,0
2017-06-18,19474.55,18185.16,1960.09,104,156.01028846153847,30.943284280588355,3.5288461538461537,0.5576923076923077,-0.7818314824680299,0.6234898018587334,0.23931566428755768,-0.970941817426052,1.2246467991473532e-16,-1.0,0.23030567023061221,-0.9731183372332619,2017,2,6,1,0.20192307692307693,0.11538461538461539,0.07692307692307693,0.08653846153846154,0.028846153846153848,0.04807692307692308,0.04807692307692308,0.125,0.028846153846153848,0.0673076923076923,0.028846153846153848,0.34615384615384615,0.5,0.09615384615384616,0.11538461538461539,0.28846153846153844,0,0
2017-06-19,30359.55,26485.95,3250.58,185,125.59659459459459,27.61203591320502,3.145945945945946,0.5621621621621622,0.0,1.0,0.12053668025532308,-0.992708874098054,1.2246467991473532e-16,-1.0,0.21352091543979612,-0.9769384927771817,2017,2,6,0,0.10270270270270271,0.10810810810810811,0.0918918918918919,0.07567567567567568,0.04864864864864865,0.07567567567567568,0.07567567567567568,0.08648648648648649,0.021621621621621623,0.032432432432432434,0.016216216216216217,0.3675675675675676,0.3945945945945946,0.10270270270270271,0.15135135135135136,0.35135135135135137,0,0
2017-06-20,22598.25,14214.06,3046.03,108,103.40768518518519,32.58026806944848,2.935185185185185,0.48148148148148145,0.7818314824680298,0.6234898018587336,0.12053668025532308,-0.992708874098054,1.2246467991473532e-16,-1.0,0.19667288979357647,-0.980469160361632,2017,2,6,0,0.09259259259259259,0.07407407407407407,0.10185185185185185,0.046296296296296294,0.06481481481481481,0.08333333333333333,0.12037037037037036,0.12037037037037036,0.046296296296296294,0.05555555555555555,0.009259259259259259,0.2777777777777778,0.4722222222222222,0.09259259259259259,0.09259259259259259,0.3425925925925926,0,0
2017-06-21,7759.38,7305.96,1140.31,38,162.25394736842105,37.29498923163985,2.8947368421052633,0.5,0.9749279121818236,-0.22252093395631434,0.12053668025532308,-0.992708874098054,1.2246467991473532e-16,-1.0,0.1797665857255624,-0.9837092937736097,2017,2,6,0,0.05263157894736842,0.05263157894736842,0.07894736842105263,0.02631578947368421,0.0,0.18421052631578946,0.02631578947368421,0.18421052631578946,0.0,0.07894736842105263,0.02631578947368421,0.34210526315789475,0.5789473684210527,0.10526315789473684,0.13157894736842105,0.18421052631578946,0,0
2017-06-22,11519.81,10243.13,1713.77,94,90.73787234042554,31.71872110588062,2.851063829787234,0.574468085106383,0.43388373911755823,-0.900968867902419,0.12053668025532308,-0.992708874098054,1.2246467991473532e-16,-1.0,0.16280701293851715,-0.986657932891657,2017,2,6,0,0.11702127659574468,0.1276595744680851,0.07446808510638298,0.07446808510638298,0.0425531914893617,0.05319148936170213,0.0851063829787234,0.14893617021276595,0.02127659574468085,0.010638297872340425,0.05319148936170213,0.30851063829787234,0.4574468085106383,0.18085106382978725,0.14893617021276595,0.2127659574468085,0,0
2017-06-23,16500.85,15109.56,2369.52,114,111.75473684210527,31.488271842146858,3.043859649122807,0.5175438596491229,-0.433883739117558,-0.9009688679024191,0.12053668025532308,-0.992708874098054,1.2246467991473532e-16,-1.0,0.1457991969198751,-0.9893142039703663,2017,2,6,0,0.06140350877192982,0.10526315789473684,0.08771929824561403,0.07894736842105263,0.03508771929824561,0.08771929824561403,0.043859649122807015,0.12280701754385964,0.03508771929824561,0.043859649122807015,0.03508771929824561,0.32456140350877194,0.41228070175438597,0.14912280701754385,0.11403508771929824,0.32456140350877194,0,0
2017-06-24,11541.98,9943.65,1647.0,80,103.708125,30.028075856664223,2.95,0.6,-0.9749279121818236,-0.2225209339563146,0.12053668025532308,-0.992708874098054,1.2246467991473532e-16,-1.0,0.12874817745258132,-0.99167731989929,2017,2,6,1,0.075,0.2,0.0625,0.075,0.0375,0.0375,0.0625,0.125,0.0625,0.025,0.0,0.3125,0.3875,0.1625,0.1375,0.3125,0,0
2017-06-25,21102.94,20703.75,2968.78,111,159.7745045045045,28.27633071922578,3.720720720720721,0.6396396396396397,-0.7818314824680299,0.6234898018587334,0.12053668025532308,-0.992708874098054,1.2246467991473532e-16,-1.0,0.11165900712169512,-0.993746580436178,2017,2,6,1,0.09009009009009009,0.06306306306306306,0.08108108108108109,0.04504504504504504,0.036036036036036036,0.05405405405405406,0.09009009009009009,0.0990990990990991,0.036036036036036036,0.009009009009009009,0.009009009009009009,0.4774774774774775,0.4144144144144144,0.16216216216216217,0.07207207207207207,0.35135135135135137,0,0
2017-06-26,18104.87,14929.46,1717.8,82,161.1178048780488,29.294754396295207,3.0121951219512195,0.5975609756097561,0.0,1.0,-3.216245299353273e-16,-1.0,1.2246467991473532e-16,-1.0,0.09453674981719912,-0.9955213724144752,2017,2,6,0,0.13414634146341464,0.06097560975609756,0.0975609756097561,0.06097560975609756,0.036585365853658534,0.07317073170731707,0.06097560975609756,0.07317073170731707,0.024390243902439025,0.012195121951219513,0.07317073170731707,0.4268292682926829,0.4146341463414634,0.0975609756097561,0.15853658536585366,0.32926829268292684,0,0
2017-06-27,22780.75,20026.11,2981.02,158,107.8803164556962,29.459097462860882,3.1582278481012658,0.5,0.7818314824680298,0.6234898018587336,-3.216245299353273e-16,-1.0,1.2246467991473532e-16,-1.0,0.07738647923346301,-0.9970011699250151,2017,2,6,0,0.04430379746835443,0.10759493670886076,0.06329113924050633,0.06962025316455696,0.012658227848101266,0.05063291139240506,0.05063291139240506,0.1962025316455696,0.04430379746835443,0.03164556962025317,0.012658227848101266,0.36075949367088606,0.4177215189873418,0.13924050632911392,0.10759493670886076,0.33544303797468356,0,0
2017-06-28,21779.63,17216.52,2428.78,128,115.52921875,29.743381126893944,3.25,0.5859375,0.9749279121818236,-0.22252093395631434,-3.216245299353273e-16,-1.0,1.2246467991473532e-16,-1.0,0.06021327736579302,-0.9981855344718586,2017,2,6,0,0.0546875,0.140625,0.09375,0.1015625,0.015625,0.0390625,0.1015625,0.1328125,0.015625,0.046875,0.015625,0.296875,0.4140625,0.125,0.0859375,0.375,0,0
2017-06-29,16427.88,14966.58,2271.58,130,97.65384615384616,30.15914236303109,3.269230769230769,0.5230769230769231,0.43388373911755823,-0.900968867902419,-3.216245299353273e-16,-1.0,1.2246467991473532e-16,-1.0,0.04302223300453059,-0.99907411510223,2017,2,6,0,0.15384615384615385,0.13076923076923078,0.06923076923076923,0.11538461538461539,0.007692307692307693,0.05384615384615385,0.06923076923076923,0.12307692307692308,0.038461538461538464,0.06153846153846154,0.015384615384615385,0.3153846153846154,0.5230769230769231,0.06153846153846154,0.11538461538461539,0.3,0,0
2017-06-30,15850.65,15624.55,2075.19,101,134.1520792079208,26.811975401047658,3.1881188118811883,0.5643564356435643,-0.433883739117558,-0.9009688679024191,-3.216245299353273e-16,-1.0,1.2246467991473532e-16,-1.0,0.02581844022713308,-0.9996666485105112,2017,2,6,0,0.0297029702970297,0.09900990099009901,0.0891089108910891,0.07920792079207921,0.04950495049504951,0.019801980198019802,0.07920792079207921,0.07920792079207921,0.0297029702970297,0.0297029702970297,0.039603960396039604,0.40594059405940597,0.4158415841584158,0.09900990099009901,0.1485148514851485,0.33663366336633666,0,0
2017-07-01,17580.64,13960.18,2020.64,96,124.37020833333334,30.604434527821834,3.59375,0.5416666666666666,-0.9749279121818236,-0.2225209339563146,-3.216245299353273e-16,-1.0,-0.4999999999999997,-0.8660254037844388,0.008606996888688698,-0.9999629591162655,2017,3,7,1,0.0625,0.10416666666666667,0.07291666666666667,0.09375,0.0625,0.03125,0.09375,0.041666666666666664,0.020833333333333332,0.041666666666666664,0.03125,0.40625,0.2916666666666667,0.125,0.125,0.4583333333333333,0,0
2017-07-02,15771.7,15153.960000000001,2349.73,129,99.25759689922481,28.812210388651142,2.9767441860465116,0.5271317829457365,-0.7818314824680299,0.6234898018587334,-3.216245299353273e-16,-1.0,-0.4999999999999997,-0.8660254037844388,-0.008606996888688009,-0.9999629591162655,2017,3,7,1,0.06201550387596899,0.11627906976744186,0.06201550387596899,0.07751937984496124,0.03875968992248062,0.03875968992248062,0.10077519379844961,0.08527131782945736,0.03875968992248062,0.0,0.007751937984496124,0.43410852713178294,0.4186046511627907,0.11627906976744186,0.13178294573643412,0.3333333333333333,0,0
2017-07-03,21416.33,18258.53,2572.19,127,123.51448818897637,28.763608107830187,3.8897637795275593,0.5669291338582677,0.0,1.0,-0.12053668025532283,-0.992708874098054,-0.4999999999999997,-0.8660254037844388,-0.02581844022713239,-0.9996666485105112,2017,3,7,0,0.10236220472440945,0.14960629921259844,0.031496062992125984,0.15748031496062992,0.015748031496062992,0.047244094488188976,0.10236220472440945,0.06299212598425197,0.015748031496062992,0.015748031496062992,0.023622047244094488,0.3779527559055118,0.3937007874015748,0.2204724409448819,0.05511811023622047,0.33070866141732286,0,0
2017-07-04,19193.72,18256.76,2497.1,138,114.2004347826087,30.437264556723314,3.239130434782609,0.5,0.7818314824680298,0.6234898018587336,-0.12053668025532283,-0.992708874098054,-0.4999999999999997,-0.8660254037844388,-0.04302223300453034,-0.99907411510223,2017,3,7,0,0.13043478260869565,0.18115942028985507,0.07971014492753623,0.057971014492753624,0.014492753623188406,0.07971014492753623,0.07971014492753623,0.050724637681159424,0.036231884057971016,0.036231884057971016,0.036231884057971016,0.34782608695652173,0.39855072463768115,0.15217391304347827,0.13043478260869565,0.3188405797101449,0,0
2017-07-05,28310.88,24995.07,3542.13,177,121.20305084745762,31.603235389967985,3.2429378531073447,0.5423728813559322,0.9749279121818236,-0.22252093395631434,-0.12053668025532283,-0.992708874098054,-0.4999999999999997,-0.8660254037844388,-0.060213277365792774,-0.9981855344718586,2017,3,7,0,0.1638418079096045,0.14124293785310735,0.05084745762711865,0.11864406779661017,0.05084745762711865,0.05649717514124294,0.0847457627118644,0.07909604519774012,0.01694915254237288,0.01694915254237288,0.03389830508474576,0.3502824858757062,0.423728813559322,0.15254237288135594,0.0903954802259887,0.3333333333333333,0,0
2017-07-06,29027.51,25809.16,3537.42,170,131.01023529411765,26.8917369131484,3.4647058823529413,0.5823529411764706,0.43388373911755823,-0.900968867902419,-0.12053668025532283,-0.992708874098054,-0.4999999999999997,-0.8660254037844388,-0.07738647923346322,-0.9970011699250151,2017,3,7,0,0.09411764705882353,0.12941176470588237,0.06470588235294118,0.09411764705882353,0.0058823529411764705,0.09411764705882353,0.047058823529411764,0.052941176470588235,0.047058823529411764,0.01764705882352941,0.052941176470588235,0.3941176470588235,0.40588235294117647,0.13529411764705881,0.13529411764705881,0.3235294117647059,0,0
2017-07-07,19720.82,20237.760000000002,3639.79,161,103.09298136645964,29.663399186269146,2.9254658385093166,0.45962732919254656,-0.433883739117558,-0.9009688679024191,-0.12053668025532283,-0.992708874098054,-0.4999999999999997,-0.8660254037844388,-0.09453674981719933,-0.9955213724144752,2017,3,7,0,0.018633540372670808,0.14285714285714285,0.055900621118012424,0.043478260869565216,0.024844720496894408,0.13043478260869565,0.08695652173913043,0.055900621118012424,0.024844720496894408,0.018633540372670808,0.006211180124223602,0.40993788819875776,0.2981366459627329,0.14906832298136646,0.06832298136645963,0.484472049689441,0,0
2017-07-08,12966.1,12665.76,1779.22,96,113.40145833333334,23.56498436817434,3.3125,0.5520833333333334,-0.9749279121818236,-0.2225209339563146,-0.12053668025532283,-0.992708874098054,-0.4999999999999997,-0.8660254037844388,-0.11165900712169444,-0.9937465804361781,2017,3,7,1,0.041666666666666664,0.15625,0.125,0.0625,0.020833333333333332,0.041666666666666664,0.08333333333333333,0.07291666666666667,0.03125,0.010416666666666666,0.0,0.3958333333333333,0.3645833333333333,0.1875,0.09375,0.3541666666666667,0,0
2017-07-09,11379.8,10212.47,1989.01,100,82.23460000000001,35.28931456740958,3.27,0.58,-0.7818314824680299,0.6234898018587334,-0.12053668025532283,-0.992708874098054,-0.4999999999999997,-0.8660254037844388,-0.12874817745258066,-0.99167731989929,2017,3,7,1,0.06,0.12,0.07,0.1,0.02,0.04,0.12,0.03,0.05,0.02,0.04,0.39,0.43,0.09,0.07,0.41,0,0
2017-07-10,27070.01,21225.62,3165.45,162,111.48253086419754,29.893328750389166,2.9753086419753085,0.5123456790123457,0.0,1.0,-0.23931566428755743,-0.9709418174260521,-0.4999999999999997,-0.8660254037844388,-0.14579919691987442,-0.9893142039703664,2017,3,7,0,0.1111111111111111,0.14814814814814814,0.08024691358024691,0.11728395061728394,0.030864197530864196,0.06790123456790123,0.04938271604938271,0.05555555555555555,0.018518518518518517,0.06172839506172839,0.043209876543209874,0.3271604938271605,0.41358024691358025,0.12962962962962962,0.1419753086419753,0.3148148148148148,0,0
2017-07-11,28733.17,23662.739999999998,3721.36,191,104.40513089005236,27.76299536520063,3.2931937172774868,0.5602094240837696,0.7818314824680298,0.6234898018587336,-0.23931566428755743,-0.9709418174260521,-0.4999999999999997,-0.8660254037844388,-0.16280701293851646,-0.9866579328916572,2017,3,7,0,0.08376963350785341,0.09947643979057591,0.041884816753926704,0.06282722513089005,0.03664921465968586,0.07329842931937172,0.08900523560209424,0.07329842931937172,0.041884816753926704,0.015706806282722512,0.015706806282722512,0.450261780104712,0.47643979057591623,0.09947643979057591,0.09947643979057591,0.32460732984293195,0,0
2017-07-12,25401.73,22784.01,3398.41,169,114.7076923076923,30.031032095885838,2.8816568047337277,0.47928994082840237,0.9749279121818236,-0.22252093395631434,-0.23931566428755743,-0.9709418174260521,-0.4999999999999997,-0.8660254037844388,-0.17976658572556214,-0.9837092937736098,2017,3,7,0,0.05917159763313609,0.13609467455621302,0.07692307692307693,0.13609467455621302,0.023668639053254437,0.07692307692307693,0.0650887573964497,0.05325443786982249,0.023668639053254437,0.011834319526627219,0.005917159763313609,0.3905325443786982,0.35502958579881655,0.1952662721893491,0.09467455621301775,0.35502958579881655,0,0
2017-07-13,22881.010000000002,22143.08,4169.68,182,98.75494505494507,29.76015249920792,2.4945054945054945,0.4010989010989011,0.43388373911755823,-0.900968867902419,-0.23931566428755743,-0.9709418174260521,-0.4999999999999997,-0.8660254037844388,-0.19667288979357622,-0.9804691603616321,2017,3,7,0,0.08241758241758242,0.13186813186813187,0.04945054945054945,0.04945054945054945,0.03296703296703297,0.054945054945054944,0.04395604395604396,0.027472527472527472,0.016483516483516484,0.01098901098901099,0.02197802197802198,0.5604395604395604,0.36813186813186816,0.18681318681318682,0.06593406593406594,0.3791208791208791,0,0
2017-07-14,25552.37,22064.11,3134.06,171,110.70204678362573,29.457836640527397,3.181286549707602,0.6198830409356725,-0.433883739117558,-0.9009688679024191,-0.23931566428755743,-0.9709418174260521,-0.4999999999999997,-0.8660254037844388,-0.2135209154397959,-0.9769384927771817,2017,3,7,0,0.1111111111111111,0.13450292397660818,0.07017543859649122,0.07017543859649122,0.06432748538011696,0.0935672514619883,0.029239766081871343,0.05263157894736842,0.023391812865497075,0.005847953216374269,0.04093567251461988,0.4152046783625731,0.43859649122807015,0.11695906432748537,0.0935672514619883,0.3508771929824561,0,0
2017-07-15,16087.56,13342.08,2221.92,113,98.40849557522124,30.54757998298731,3.5575221238938055,0.6106194690265486,-0.9749279121818236,-0.2225209339563146,-0.23931566428755743,-0.9709418174260521,-0.4999999999999997,-0.8660254037844388,-0.23030567023061196,-0.973118337233262,2017,3,7,1,0.05309734513274336,0.1415929203539823,0.07964601769911504,0.05309734513274336,0.04424778761061947,0.05309734513274336,0.08849557522123894,0.07079646017699115,0.02654867256637168,0.05309734513274336,0.05309734513274336,0.336283185840708,0.37168141592920356,0.11504424778761062,0.08849557522123894,0.4247787610619469,0,0
2017-07-16,22461.62,15177.79,2488.16,144,88.12243055555557,36.27223349505518,3.5347222222222223,0.6805555555555556,-0.7818314824680299,0.6234898018587334,-0.23931566428755743,-0.9709418174260521,-0.4999999999999997,-0.8660254037844388,-0.24702218048093527,-0.9690098257244063,2017,3,7,1,0.0625,0.09722222222222222,0.20833333333333334,0.08333333333333333,0.04861111111111111,0.034722222222222224,0.05555555555555555,0.006944444444444444,0.013888888888888888,0.06944444444444445,0.0,0.3819444444444444,0.4861111111111111,0.09722222222222222,0.125,0.2916666666666667,0,0
2017-07-17,33372.77,25831.25,3886.71,201,109.17681592039801,25.95616380328859,3.5024875621890548,0.6467661691542289,0.0,1.0,-0.3546048870425356,-0.9350162426854148,-0.4999999999999997,-0.8660254037844388,-0.2636654927280072,-0.9646141756912435,2017,3,7,0,0.0945273631840796,0.14427860696517414,0.0945273631840796,0.06965174129353234,0.03482587064676617,0.06965174129353234,0.06965174129353234,0.05970149253731343,0.014925373134328358,0.024875621890547265,0.03980099502487562,0.3781094527363184,0.44776119402985076,0.08955223880597014,0.14427860696517414,0.31840796019900497,0,0
2017-07-18,41020.83,35414.44,4365.16,239,129.91330543933054,26.127914314509724,3.1129707112970713,0.49372384937238495,0.7818314824680298,0.6234898018587336,-0.3546048870425356,-0.9350162426854148,-0.4999999999999997,-0.8660254037844388,-0.2802306751992161,-0.9599326896597445,2017,3,7,0,0.09623430962343096,0.13807531380753138,0.0502092050209205,0.08786610878661087,0.04602510460251046,0.08786610878661087,0.0502092050209205,0.0502092050209205,0.02510460251046025,0.016736401673640166,0.11715481171548117,0.3305439330543933,0.4309623430962343,0.1799163179916318,0.100418410041841,0.28870292887029286,0,0
2017-07-19,28887.64,20942.35,3427.51,181,96.76707182320442,27.64894702613481,3.591160220994475,0.5524861878453039,0.9749279121818236,-0.22252093395631434,-0.3546048870425356,-0.9350162426854148,-0.4999999999999997,-0.8660254037844388,-0.2967128192734901,-0.9549667548552553,2017,3,7,0,0.09944751381215469,0.14917127071823205,0.08287292817679558,0.0718232044198895,0.027624309392265192,0.09392265193370165,0.03314917127071823,0.027624309392265192,0.03314917127071823,0.016574585635359115,0.1270718232044199,0.3370165745856354,0.39226519337016574,0.20994475138121546,0.11049723756906077,0.287292817679558,0,0
2017-07-20,28721.55,24236.54,3709.8,197,104.1966497461929,27.85373218318337,3.1065989847715736,0.5025380710659898,0.43388373911755823,-0.900968867902419,-0.3546048870425356,-0.9350162426854148,-0.4999999999999997,-0.8660254037844388,-0.3131070409358267,-0.9497178427914317,2017,3,7,0,0.06091370558375635,0.18781725888324874,0.050761421319796954,0.03553299492385787,0.03553299492385787,0.04568527918781726,0.05583756345177665,0.06598984771573604,0.030456852791878174,0.04060913705583756,0.06598984771573604,0.38578680203045684,0.38578680203045684,0.17258883248730963,0.15736040609137056,0.28426395939086296,0,0
2017-07-21,25243.0,16258.61,2486.57,140,98.37171428571429,28.368068488995693,2.442857142857143,0.4142857142857143,-0.433883739117558,-0.9009688679024191,-0.3546048870425356,-0.9350162426854148,-0.4999999999999997,-0.8660254037844388,-0.3294084822245302,-0.9441875088341994,2017,3,7,0,0.1,0.1357142857142857,0.05,0.09285714285714286,0.07857142857142857,0.06428571428571428,0.03571428571428571,0.02142857142857143,0.0,0.05,0.09285714285714286,0.37857142857142856,0.44285714285714284,0.1,0.09285714285714286,0.36428571428571427,0,0
2017-07-22,17638.99,13503.85,1906.84,104,111.50971153846154,28.115689758993803,3.4326923076923075,0.5769230769230769,-0.9749279121818236,-0.2225209339563146,-0.3546048870425356,-0.9350162426854148,-0.4999999999999997,-0.8660254037844388,-0.3456123126707333,-0.9383773917408642,2017,3,7,1,0.15384615384615385,0.20192307692307693,0.04807692307692308,0.028846153846153848,0.009615384615384616,0.08653846153846154,0.07692307692307693,0.09615384615384616,0.10576923076923077,0.0,0.028846153846153848,0.3173076923076923,0.38461538461538464,0.125,0.125,0.36538461538461536,0,0
2017-07-23,14345.51,14733.34,1899.43,110,116.6719090909091,26.152983485138922,2.9272727272727272,0.5363636363636364,-0.7818314824680299,0.6234898018587334,-0.3546048870425356,-0.9350162426854148,-0.4999999999999997,-0.8660254037844388,-0.3617137307297674,-0.9322892131745134,2017,3,7,1,0.07272727272727272,0.11818181818181818,0.05454545454545454,0.07272727272727272,0.03636363636363636,0.05454545454545454,0.05454545454545454,0.05454545454545454,0.03636363636363636,0.045454545454545456,0.00909090909090909,0.4636363636363636,0.4727272727272727,0.12727272727272726,0.07272727272727272,0.32727272727272727,0,0
2017-07-24,26227.79,22329.86,3347.87,188,100.96803191489363,29.44401889072069,2.9627659574468086,0.5212765957446809,0.0,1.0,-0.46472317204376806,-0.8854560256532101,-0.4999999999999997,-0.8660254037844388,-0.37770796520396466,-0.9259247771938499,2017,3,7,0,0.12234042553191489,0.11702127659574468,0.05319148936170213,0.15425531914893617,0.026595744680851064,0.09574468085106383,0.0425531914893617,0.05851063829787234,0.03723404255319149,0.02127659574468085,0.02127659574468085,0.3723404255319149,0.42021276595744683,0.18617021276595744,0.10106382978723404,0.2925531914893617,0,0
2017-07-25,25596.25,21227.8,3140.55,172,105.15843023255815,29.64744850146642,3.2093023255813953,0.5755813953488372,0.7818314824680298,0.6234898018587336,-0.46472317204376806,-0.8854560256532101,-0.4999999999999997,-0.8660254037844388,-0.39359027665646645,-0.9192859697186105,2017,3,7,0,0.08139534883720931,0.11046511627906977,0.0755813953488372,0.13953488372093023,0.05232558139534884,0.0755813953488372,0.040697674418604654,0.0755813953488372,0.03488372093023256,0.029069767441860465,0.023255813953488372,0.3430232558139535,0.436046511627907,0.0755813953488372,0.11046511627906977,0.37790697674418605,0,0
2017-07-26,18537.74,14585.880000000001,2762.2,154,76.77714285714286,33.64722899604995,2.9935064935064934,0.5194805194805194,0.9749279121818236,-0.22252093395631434,-0.46472317204376806,-0.8854560256532101,-0.4999999999999997,-0.8660254037844388,-0.4093559588156211,-0.9123747579707274,2017,3,7,0,0.19480519480519481,0.14935064935064934,0.045454545454545456,0.07792207792207792,0.01948051948051948,0.1038961038961039,0.07142857142857142,0.1038961038961039,0.03896103896103896,0.025974025974025976,0.025974025974025976,0.33766233766233766,0.3246753246753247,0.09090909090909091,0.07792207792207792,0.5064935064935064,0,0
2017-07-27,23152.15,19314.3,3243.17,149,107.85993288590605,32.67617090517081,3.3624161073825505,0.5436241610738255,0.43388373911755823,-0.900968867902419,-0.46472317204376806,-0.8854560256532101,-0.4999999999999997,-0.8660254037844388,-0.42500033996955394,-0.9051931898913975,2017,3,7,0,0.1342281879194631,0.10067114093959731,0.053691275167785234,0.0738255033557047,0.04697986577181208,0.08053691275167785,0.1342281879194631,0.053691275167785234,0.04697986577181208,0.053691275167785234,0.026845637583892617,0.3288590604026846,0.40939597315436244,0.20134228187919462,0.0738255033557047,0.31543624161073824,0,0
2017-07-28,30185.23,22709.02,3143.86,150,130.4344,27.39243026326236,3.013333333333333,0.5466666666666666,-0.433883739117558,-0.9009688679024191,-0.46472317204376806,-0.8854560256532101,-0.4999999999999997,-0.8660254037844388,-0.4405187843504952,-0.8977433935342336,2017,3,7,0,0.1,0.08666666666666667,0.08666666666666667,0.12666666666666668,0.02666666666666667,0.04666666666666667,0.10666666666666667,0.08666666666666667,0.013333333333333334,0.02,0.04666666666666667,0.35333333333333333,0.35333333333333333,0.16666666666666666,0.12,0.36,0,0
2017-07-29,21858.88,19163.03,2582.68,143,115.94650349650348,26.687412088238396,3.832167832167832,0.6573426573426573,-0.9749279121818236,-0.2225209339563146,-0.46472317204376806,-0.8854560256532101,-0.4999999999999997,-0.8660254037844388,-0.455906693508459,-0.8900275764346766,2017,3,7,1,0.0979020979020979,0.13286713286713286,0.04895104895104895,0.03496503496503497,0.06293706293706294,0.027972027972027972,0.11188811188811189,0.06993006993006994,0.13286713286713286,0.02097902097902098,0.0,0.35664335664335667,0.46853146853146854,0.07692307692307693,0.14685314685314685,0.3076923076923077,0,0
2017-07-30,18057.05,19293.33,2519.38,144,116.4857638888889,29.14452889683017,3.625,0.6041666666666666,-0.7818314824680299,0.6234898018587334,-0.46472317204376806,-0.8854560256532101,-0.4999999999999997,-0.8660254037844388,-0.47115950767386394,-0.8820480249558535,2017,3,7,1,0.09027777777777778,0.1111111111111111,0.0625,0.11805555555555555,0.034722222222222224,0.13194444444444445,0.11805555555555555,0.06944444444444445,0.027777777777777776,0.020833333333333332,0.027777777777777776,0.2777777777777778,0.4444444444444444,0.14583333333333334,0.09027777777777778,0.3194444444444444,0,0
2017-07-31,24046.33,21172.16,3323.26,173,103.1728323699422,30.98802522963069,3.2485549132947975,0.6011560693641619,0.0,1.0,-0.5680647467311556,-0.8229838658936566,-0.4999999999999997,-0.8660254037844388,-0.4862727071086902,-0.8738071036110807,2017,3,7,0,0.1329479768786127,0.07514450867052024,0.046242774566473986,0.08092485549132948,0.028901734104046242,0.08670520231213873,0.07514450867052024,0.11560693641618497,0.046242774566473986,0.011560693641618497,0.046242774566473986,0.3872832369942196,0.4161849710982659,0.10982658959537572,0.15606936416184972,0.3179190751445087,0,0
2017-08-01,33978.32,26840.69,3713.56,187,123.67449197860964,27.87926789011806,3.4759358288770055,0.6203208556149733,0.7818314824680298,0.6234898018587336,-0.5680647467311556,-0.8229838658936566,-0.8660254037844385,-0.5000000000000004,-0.5012418134457756,-0.8653072543632061,2017,3,8,0,0.06417112299465241,0.058823529411764705,0.11229946524064172,0.09090909090909091,0.0427807486631016,0.0427807486631016,0.08021390374331551,0.053475935828877004,0.03208556149732621,0.0855614973262032,0.03208556149732621,0.3689839572192513,0.46524064171123,0.0748663101604278,0.06951871657754011,0.39037433155080214,0,0
2017-08-02,26132.920000000002,21232.329999999998,2978.96,172,106.12424418604651,29.18324175127022,3.1686046511627906,0.5174418604651163,0.9749279121818236,-0.22252093395631434,-0.5680647467311556,-0.8229838658936566,-0.8660254037844385,-0.5000000000000004,-0.5160623910158526,-0.8565509959010037,2017,3,8,0,0.029069767441860465,0.13953488372093023,0.09302325581395349,0.05813953488372093,0.040697674418604654,0.09302325581395349,0.05813953488372093,0.0872093023255814,0.029069767441860465,0.023255813953488372,0.03488372093023256,0.3430232558139535,0.43023255813953487,0.18023255813953487,0.09302325581395349,0.29651162790697677,0,0
2017-08-03,24937.079999999998,22684.68,3140.46,170,114.96600000000001,27.196454708489558,3.7588235294117647,0.6235294117647059,0.43388373911755823,-0.900968867902419,-0.5680647467311556,-0.8229838658936566,-0.8660254037844385,-0.5000000000000004,-0.5307300481619331,-0.8475409228928312,2017,3,8,0,0.12941176470588237,0.08823529411764706,0.06470588235294118,0.06470588235294118,0.052941176470588235,0.1,0.12352941176470589,0.047058823529411764,0.047058823529411764,0.023529411764705882,0.058823529411764705,0.32941176470588235,0.4117647058823529,0.16470588235294117,0.07647058823529412,0.34705882352941175,0,0
2017-08-04,25719.25,21378.4,3284.18,163,111.0074846625767,29.27144123010198,3.754601226993865,0.588957055214724,-0.433883739117558,-0.9009688679024191,-0.5680647467311556,-0.8229838658936566,-0.8660254037844385,-0.5000000000000004,-0.5452404385406507,-0.8382797052177745,2017,3,8,0,0.08588957055214724,0.07975460122699386,0.04294478527607362,0.09202453987730061,0.049079754601226995,0.10429447852760736,0.09202453987730061,0.06748466257668712,0.04294478527607362,0.04294478527607362,0.018404907975460124,0.36809815950920244,0.3128834355828221,0.1165644171779141,0.09815950920245399,0.4723926380368098,0,0
2017-08-05,16092.99,15800.39,2668.57,133,98.73548872180451,31.55366757219909,3.6240601503759398,0.6390977443609023,-0.9749279121818236,-0.2225209339563146,-0.5680647467311556,-0.8229838658936566,-0.8660254037844385,-0.5000000000000004,-0.5595892624101763,-0.828770087174504,2017,3,8,1,0.09774436090225563,0.06766917293233082,0.05263157894736842,0.12030075187969924,0.06766917293233082,0.06015037593984962,0.06766917293233082,0.045112781954887216,0.022556390977443608,0.06015037593984962,0.045112781954887216,0.39097744360902253,0.2631578947368421,0.13533834586466165,0.12030075187969924,0.48120300751879697,0,0
2017-08-06,17843.170000000002,15487.34,2461.41,122,106.76991803278689,32.677349038216704,3.319672131147541,0.639344262295082,-0.7818314824680299,0.6234898018587334,-0.5680647467311556,-0.8229838658936566,-0.8660254037844385,-0.5000000000000004,-0.5737722679043243,-0.8190148866680802,2017,3,8,1,0.05737704918032787,0.08196721311475409,0.06557377049180328,0.05737704918032787,0.07377049180327869,0.04918032786885246,0.18032786885245902,0.09016393442622951,0.01639344262295082,0.04918032786885246,0.040983606557377046,0.29508196721311475,0.3524590163934426,0.1721311475409836,0.11475409836065574,0.36065573770491804,0,0
2017-08-07,33104.27,28718.27,3636.43,196,127.96857142857142,26.527342225650454,3.163265306122449,0.5204081632653061,0.0,1.0,-0.663122658240795,-0.7485107481711013,-0.8660254037844385,-0.5000000000000004,-0.5877852522924734,-0.8090169943749472,2017,3,8,0,0.08673469387755102,0.09693877551020408,0.10204081632653061,0.10204081632653061,0.05102040816326531,0.061224489795918366,0.09183673469387756,0.07142857142857142,0.025510204081632654,0.02040816326530612,0.07653061224489796,0.3010204081632653,0.41836734693877553,0.10204081632653061,0.11224489795918367,0.3673469387755102,0,0
2017-08-08,25051.65,25419.48,4031.75,227,94.21907488986784,33.87821183646314,2.797356828193833,0.3964757709251101,0.7818314824680298,0.6234898018587336,-0.663122658240795,-0.7485107481711013,-0.8660254037844385,-0.5000000000000004,-0.6016240632249227,-0.7987793728863648,2017,3,8,0,0.31718061674008813,0.31718061674008813,0.030837004405286344,0.07929515418502203,0.022026431718061675,0.07048458149779736,0.05726872246696035,0.13215859030837004,0.004405286343612335,0.013215859030837005,0.013215859030837005,0.2599118942731278,0.5022026431718062,0.12334801762114538,0.10572687224669604,0.2687224669603524,0,0
2017-08-09,32608.62,24433.24,3282.47,166,127.41427710843374,26.889439298011236,3.3433734939759034,0.5421686746987951,0.9749279121818236,-0.22252093395631434,-0.663122658240795,-0.7485107481711013,-0.8660254037844385,-0.5000000000000004,-0.6152845999633277,-0.7883050558305253,2017,3,8,0,0.018072289156626505,0.0783132530120482,0.04216867469879518,0.1566265060240964,0.04819277108433735,0.03614457831325301,0.060240963855421686,0.05421686746987952,0.024096385542168676,0.04216867469879518,0.03614457831325301,0.42168674698795183,0.39759036144578314,0.1746987951807229,0.10843373493975904,0.3192771084337349,0,0
2017-08-10,28613.63,24777.5,3532.16,191,111.23214659685864,28.2703583052144,2.979057591623037,0.5078534031413613,0.43388373911755823,-0.900968867902419,-0.663122658240795,-0.7485107481711013,-0.8660254037844385,-0.5000000000000004,-0.6287628145958345,-0.7775971469736268,2017,3,8,0,0.12041884816753927,0.16230366492146597,0.08900523560209424,0.07853403141361257,0.041884816753926704,0.07329842931937172,0.05759162303664921,0.06806282722513089,0.031413612565445025,0.005235602094240838,0.05759162303664921,0.33507853403141363,0.44502617801047123,0.1256544502617801,0.08900523560209424,0.3403141361256545,0,0
2017-08-11,28069.06,23738.17,3321.0099999999998,170,120.10094117647058,29.813993415219322,3.0941176470588236,0.5235294117647059,-0.433883739117558,-0.9009688679024191,-0.663122658240795,-0.7485107481711013,-0.8660254037844385,-0.5000000000000004,-0.6420547132365636,-0.7666588193001592,2017,3,8,0,0.08235294117647059,0.14705882352941177,0.047058823529411764,0.07058823529411765,0.0058823529411764705,0.09411764705882353,0.08235294117647059,0.052941176470588235,0.01764705882352941,0.01764705882352941,0.058823529411764705,0.40588235294117647,0.3764705882352941,0.11176470588235295,0.17647058823529413,0.3352941176470588,0,0
2017-08-12,19412.079999999998,14900.34,2216.87,108,117.43953703703703,30.642756001750968,3.611111111111111,0.6018518518518519,-0.9749279121818236,-0.2225209339563146,-0.663122658240795,-0.7485107481711013,-0.8660254037844385,-0.5000000000000004,-0.655156357209085,-0.7554933140726804,2017,3,8,1,0.10185185185185185,0.1388888888888889,0.09259259259259259,0.09259259259259259,0.046296296296296294,0.037037037037037035,0.09259259259259259,0.009259259259259259,0.046296296296296294,0.027777777777777776,0.018518518518518517,0.39814814814814814,0.37037037037037035,0.1388888888888889,0.1388888888888889,0.35185185185185186,0,0
2017-08-13,19576.6,14647.58,2158.29,109,114.58064220183488,32.387588764278156,2.9724770642201834,0.5045871559633027,-0.7818314824680299,0.6234898018587334,-0.663122658240795,-0.7485107481711013,-0.8660254037844385,-0.5000000000000004,-0.6680638642135333,-0.7441039398713608,2017,3,8,1,0.045871559633027525,0.13761467889908258,0.07339449541284404,0.027522935779816515,0.01834862385321101,0.08256880733944955,0.045871559633027525,0.05504587155963303,0.027522935779816515,0.009174311926605505,0.027522935779816515,0.4954128440366973,0.3669724770642202,0.11926605504587157,0.1651376146788991,0.3486238532110092,0,0
2017-08-14,25640.87,22098.11,3485.37,181,102.83281767955802,28.159564683117168,3.265193370165746,0.5966850828729282,0.0,1.0,-0.7485107481711011,-0.6631226582407952,-0.8660254037844385,-0.5000000000000004,-0.6807734094770159,-0.7324940716135792,2017,3,8,0,0.11049723756906077,0.143646408839779,0.08839779005524862,0.09392265193370165,0.055248618784530384,0.06077348066298342,0.08287292817679558,0.049723756906077346,0.0055248618784530384,0.03314917127071823,0.03867403314917127,0.34806629834254144,0.49171270718232046,0.11049723756906077,0.10497237569060773,0.292817679558011,0,0
2017-08-15,31604.32,29597.13,4303.35,214,118.19523364485981,26.791751589688655,3.2523364485981308,0.5887850467289719,0.7818314824680298,0.6234898018587336,-0.7485107481711011,-0.6631226582407952,-0.8660254037844385,-0.5000000000000004,-0.6932812268869771,-0.7206671495538615,2017,3,8,0,0.10747663551401869,0.1261682242990654,0.07476635514018691,0.09813084112149532,0.018691588785046728,0.0794392523364486,0.09345794392523364,0.04672897196261682,0.018691588785046728,0.014018691588785047,0.07476635514018691,0.35514018691588783,0.4205607476635514,0.14018691588785046,0.06542056074766354,0.37383177570093457,0,0
2017-08-16,35000.51,25466.51,4080.54,208,102.81716346153847,32.35225472195883,3.4086538461538463,0.5625,0.9749279121818236,-0.22252093395631434,-0.7485107481711011,-0.6631226582407952,-0.8660254037844385,-0.5000000000000004,-0.7055836101071774,-0.70862667826446,2017,3,8,0,0.11538461538461539,0.12980769230769232,0.04326923076923077,0.08653846153846154,0.03365384615384615,0.10576923076923077,0.0673076923076923,0.04807692307692308,0.04326923076923077,0.028846153846153848,0.07211538461538461,0.34134615384615385,0.36538461538461536,0.10576923076923077,0.1346153846153846,0.3942307692307692,0,0
2017-08-17,25077.36,21860.06,3375.15,171,108.0988888888889,27.39575387640763,2.9064327485380117,0.5321637426900585,0.43388373911755823,-0.900968867902419,-0.7485107481711011,-0.6631226582407952,-0.8660254037844385,-0.5000000000000004,-0.7176769136759615,-0.6963762255968726,2017,3,8,0,0.08187134502923976,0.15789473684210525,0.06432748538011696,0.1111111111111111,0.029239766081871343,0.06432748538011696,0.06432748538011696,0.03508771929824561,0.029239766081871343,0.06432748538011696,0.04093567251461988,0.3391812865497076,0.42105263157894735,0.07602339181286549,0.13450292397660818,0.3684210526315789,0,0
2017-08-18,23017.38,20468.98,2937.51,165,106.25133333333333,27.94910996200658,2.6484848484848484,0.47878787878787876,-0.433883739117558,-0.9009688679024191,-0.7485107481711011,-0.6631226582407952,-0.8660254037844385,-0.5000000000000004,-0.7295575540864876,-0.6839194216246105,2017,3,8,0,0.10303030303030303,0.07272727272727272,0.09090909090909091,0.09090909090909091,0.04242424242424243,0.09090909090909091,0.07272727272727272,0.09090909090909091,0.024242424242424242,0.04242424242424243,0.07272727272727272,0.3090909090909091,0.4909090909090909,0.12727272727272726,0.12121212121212122,0.2606060606060606,0,0
2017-08-19,19156.76,15294.630000000001,2212.04,125,104.66072,29.638230463630233,3.032,0.528,-0.9749279121818236,-0.2225209339563146,-0.7485107481711011,-0.6631226582407952,-0.8660254037844385,-0.5000000000000004,-0.7412220108485957,-0.6712599575675315,2017,3,8,1,0.056,0.128,0.08,0.104,0.048,0.08,0.08,0.072,0.024,0.032,0.08,0.272,0.368,0.12,0.136,0.376,0,0
2017-08-20,17907.53,15418.529999999999,2195.05,126,104.94825396825397,30.548180647893428,2.9365079365079363,0.5555555555555556,-0.7818314824680299,0.6234898018587334,-0.7485107481711011,-0.6631226582407952,-0.8660254037844385,-0.5000000000000004,-0.7526668275320083,-0.6584015846980489,2017,3,8,1,0.1349206349206349,0.10317460317460317,0.07142857142857142,0.047619047619047616,0.031746031746031744,0.047619047619047616,0.19047619047619047,0.031746031746031744,0.03968253968253968,0.05555555555555555,0.031746031746031744,0.3492063492063492,0.4126984126984127,0.1349206349206349,0.07936507936507936,0.373015873015873,0,0
2017-08-21,35402.44,26646.56,3946.94,221,102.71321266968326,30.891675252692664,3.262443438914027,0.5927601809954751,0.0,1.0,-0.8229838658936564,-0.5680647467311559,-0.8660254037844385,-0.5000000000000004,-0.7638886127905429,-0.64534811322955,2017,3,8,0,0.1085972850678733,0.09049773755656108,0.08144796380090498,0.04524886877828054,0.08144796380090498,0.06334841628959276,0.1085972850678733,0.01809954751131222,0.02262443438914027,0.00904977375565611,0.03619909502262444,0.4434389140271493,0.416289592760181,0.10407239819004525,0.09502262443438914,0.38461538461538464,0,0
2017-08-22,24033.08,20345.84,3289.83,167,102.13179640718562,33.576395258846496,2.7724550898203595,0.47904191616766467,0.7818314824680298,0.6234898018587336,-0.8229838658936564,-0.5680647467311559,-0.8660254037844385,-0.5000000000000004,-0.7748840413670406,-0.6321034111873488,2017,3,8,0,0.08383233532934131,0.041916167664670656,0.0718562874251497,0.12574850299401197,0.017964071856287425,0.04790419161676647,0.1377245508982036,0.04790419161676647,0.04790419161676647,0.011976047904191617,0.023952095808383235,0.4251497005988024,0.437125748502994,0.1317365269461078,0.11377245508982035,0.31736526946107785,0,0
2017-08-23,74614.45,19345.48,2953.39,165,99.346,25.65998286408441,3.4363636363636365,0.5757575757575758,0.9749279121818236,-0.22252093395631434,-0.8229838658936564,-0.5680647467311559,-0.8660254037844385,-0.5000000000000004,-0.7856498550787144,-0.6186714032625032,2017,3,8,0,0.13333333333333333,0.07878787878787878,0.024242424242424242,0.10909090909090909,0.030303030303030304,0.11515151515151516,0.13333333333333333,0.024242424242424242,0.012121212121212121,0.15151515151515152,0.030303030303030304,0.2909090909090909,0.40606060606060607,0.10303030303030303,0.04242424242424243,0.4484848484848485,0,0
2017-08-24,18613.19,15979.78,2646.93,145,91.95068965517241,29.896121051682083,2.731034482758621,0.5379310344827586,0.43388373911755823,-0.900968867902419,-0.8229838658936564,-0.5680647467311559,-0.8660254037844385,-0.5000000000000004,-0.7961828637826154,-0.6050560696488494,2017,3,8,0,0.06206896551724138,0.09655172413793103,0.08275862068965517,0.10344827586206896,0.034482758620689655,0.08275862068965517,0.07586206896551724,0.04827586206896552,0.027586206896551724,0.041379310344827586,0.027586206896551724,0.3793103448275862,0.4689655172413793,0.09655172413793103,0.10344827586206896,0.3310344827586207,0,0
2017-08-25,19387.5,16895.15,2213.94,135,108.74970370370372,27.37846515722826,2.888888888888889,0.4666666666666667,-0.433883739117558,-0.9009688679024191,-0.8229838658936564,-0.5680647467311559,-0.8660254037844385,-0.5000000000000004,-0.8064799463209447,-0.5912614448635782,2017,3,8,0,0.16296296296296298,0.17777777777777778,0.08888888888888889,0.05185185185185185,0.044444444444444446,0.07407407407407407,0.07407407407407407,0.1037037037037037,0.044444444444444446,0.044444444444444446,0.014814814814814815,0.2814814814814815,0.4148148148148148,0.1259259259259259,0.1037037037037037,0.35555555555555557,0,0
2017-08-26,12893.17,12443.14,1966.84,102,102.70882352941176,31.120318935260155,2.4215686274509802,0.4215686274509804,-0.9749279121818236,-0.2225209339563146,-0.8229838658936564,-0.5680647467311559,-0.8660254037844385,-0.5000000000000004,-0.8165380514459157,-0.5772916165517278,2017,3,8,1,0.029411764705882353,0.17647058823529413,0.049019607843137254,0.049019607843137254,0.049019607843137254,0.09803921568627451,0.0784313725490196,0.0784313725490196,0.029411764705882353,0.0196078431372549,0.0392156862745098,0.3333333333333333,0.3431372549019608,0.12745098039215685,0.11764705882352941,0.4117647058823529,0,0
2017-08-27,19001.91,16174.48,2650.98,147,91.99659863945578,33.18085606555584,2.9523809523809526,0.5170068027210885,-0.7818314824680299,0.6234898018587334,-0.8229838658936564,-0.5680647467311559,-0.8660254037844385,-0.5000000000000004,-0.8263541987239094,-0.5631507242749187,2017,3,8,1,0.07482993197278912,0.09523809523809523,0.08163265306122448,0.11564625850340136,0.047619047619047616,0.061224489795918366,0.10204081632653061,0.04081632653061224,0.02040816326530612,0.006802721088435374,0.05442176870748299,0.3741496598639456,0.3673469387755102,0.11564625850340136,0.1360544217687075,0.38095238095238093,0,0
2017-08-28,29364.14,27344.81,3609.38,182,130.41445054945055,27.69220860624004,2.7967032967032965,0.5164835164835165,0.0,1.0,-0.8854560256532096,-0.4647231720437691,-0.8660254037844385,-0.5000000000000004,-0.8359254794186365,-0.5488429582847199,2017,3,8,0,0.10989010989010989,0.07692307692307693,0.07142857142857142,0.08791208791208792,0.027472527472527472,0.08241758241758242,0.13186813186813187,0.07692307692307693,0.016483516483516484,0.02197802197802198,0.0989010989010989,0.3076923076923077,0.4010989010989011,0.13736263736263737,0.0989010989010989,0.3626373626373626,0,0
2017-08-29,41387.18,37250.2,3294.03,158,214.91246835443036,26.894984817415775,3.4683544303797467,0.5379746835443038,0.7818314824680298,0.6234898018587336,-0.8854560256532096,-0.4647231720437691,-0.8660254037844385,-0.5000000000000004,-0.8452490573530634,-0.5343725582809785,2017,3,8,0,0.06962025316455696,0.08227848101265822,0.0949367088607595,0.0759493670886076,0.04430379746835443,0.012658227848101266,0.12658227848101267,0.06962025316455696,0.0189873417721519,0.02531645569620253,0.03164556962025317,0.4177215189873418,0.41139240506329117,0.11392405063291139,0.13291139240506328,0.34177215189873417,0,0
2017-08-30,37385.1,34859.92,4373.79,208,146.5679326923077,28.314297224855636,3.2788461538461537,0.5192307692307693,0.9749279121818236,-0.22252093395631434,-0.8854560256532096,-0.4647231720437691,-0.8660254037844385,-0.5000000000000004,-0.8543221697498269,-0.5197438121555157,2017,3,8,0,0.15865384615384615,0.09134615384615384,0.09134615384615384,0.04326923076923077,0.052884615384615384,0.052884615384615384,0.052884615384615384,0.04807692307692308,0.02403846153846154,0.02403846153846154,0.11538461538461539,0.40384615384615385,0.3173076923076923,0.18269230769230768,0.11057692307692307,0.3894230769230769,0,0
2017-08-31,29984.55,23311.2,2989.34,173,117.46739884393064,28.26869003856196,3.3121387283236996,0.4797687861271676,0.43388373911755823,-0.900968867902419,-0.8854560256532096,-0.4647231720437691,-0.8660254037844385,-0.5000000000000004,-0.8631421280499115,-0.5049610547215202,2017,3,8,0,0.04046242774566474,0.046242774566473986,0.06358381502890173,0.07514450867052024,0.06936416184971098,0.09248554913294797,0.06358381502890173,0.10982658959537572,0.023121387283236993,0.023121387283236993,0.04046242774566474,0.3930635838150289,0.4046242774566474,0.15028901734104047,0.10404624277456648,0.34104046242774566,0,0
2017-09-01,38077.89,34634.7,4060.64,192,159.23989583333335,28.5496606164841,3.4322916666666665,0.5625,-0.433883739117558,-0.9009688679024191,-0.8854560256532096,-0.4647231720437691,-1.0,-1.8369701987210297e-16,-0.8717063187093217,-0.4900286664290594,2017,3,9,0,0.11979166666666667,0.046875,0.08854166666666667,0.125,0.057291666666666664,0.041666666666666664,0.13541666666666666,0.041666666666666664,0.03125,0.010416666666666666,0.046875,0.375,0.3697916666666667,0.13020833333333334,0.13020833333333334,0.3697916666666667,0,0
2017-09-02,24634.68,22634.82,2481.46,125,161.22688,29.676877446159356,3.24,0.544,-0.9749279121818236,-0.2225209339563146,-0.8854560256532096,-0.4647231720437691,-1.0,-1.8369701987210297e-16,-0.8800122039735356,-0.4749510720670502,2017,3,9,1,0.088,0.168,0.064,0.056,0.016,0.04,0.072,0.088,0.048,0.016,0.08,0.352,0.448,0.096,0.096,0.36,0,0
2017-09-03,43784.34,31943.38,3265.47,147,195.0878231292517,23.686911565801534,3.707482993197279,0.6190476190476191,-0.7818314824680299,0.6234898018587334,-0.8854560256532096,-0.4647231720437691,-1.0,-1.8369701987210297e-16,-0.888057322629493,-0.4597327394521046,2017,3,9,1,0.04081632653061224,0.10884353741496598,0.05442176870748299,0.05442176870748299,0.1360544217687075,0.04081632653061224,0.034013605442176874,0.061224489795918366,0.05442176870748299,0.013605442176870748,0.027210884353741496,0.41496598639455784,0.3401360544217687,0.19727891156462585,0.1292517006802721,0.3333333333333333,0,0
2017-09-04,31582.690000000002,29970.86,3636.71,172,153.10552325581395,24.935901126057345,3.13953488372093,0.45930232558139533,0.0,1.0,-0.9350162426854147,-0.3546048870425359,-1.0,-1.8369701987210297e-16,-0.8958392907349089,-0.4443781781046134,2017,3,9,0,0.12209302325581395,0.09883720930232558,0.0872093023255814,0.06976744186046512,0.10465116279069768,0.046511627906976744,0.08139534883720931,0.011627906976744186,0.05813953488372093,0.011627906976744186,0.046511627906976744,0.38372093023255816,0.4069767441860465,0.14534883720930233,0.0872093023255814,0.36046511627906974,0,0
2017-09-05,31560.13,27381.760000000002,4074.6,204,114.25078431372549,29.060629575274685,2.156862745098039,0.35784313725490197,0.7818314824680298,0.6234898018587336,-0.9350162426854147,-0.3546048870425359,-1.0,-1.8369701987210297e-16,-0.9033558023246842,-0.4288919379124841,2017,3,9,0,0.13725490196078433,0.09313725490196079,0.08823529411764706,0.06862745098039216,0.05392156862745098,0.049019607843137254,0.058823529411764705,0.12254901960784313,0.03431372549019608,0.0196078431372549,0.0392156862745098,0.37254901960784315,0.4166666666666667,0.08823529411764706,0.12254901960784313,0.37254901960784315,0,0
2017-09-06,33840.91,35995.18,3586.77,169,191.7657396449704,28.154470690663914,3.2189349112426036,0.5384615384615384,0.9749279121818236,-0.22252093395631434,-0.9350162426854147,-0.3546048870425359,-1.0,-1.8369701987210297e-16,-0.9106046300942162,-0.41327860778290443,2017,3,9,0,0.0650887573964497,0.10059171597633136,0.08875739644970414,0.13609467455621302,0.05917159763313609,0.03550295857988166,0.10059171597633136,0.029585798816568046,0.07692307692307693,0.023668639053254437,0.029585798816568046,0.31952662721893493,0.3727810650887574,0.08875739644970414,0.09467455621301775,0.4437869822485207,0,0
2017-09-07,22057.34,20958.39,2331.3,110,169.33718181818182,28.093034955137604,3.290909090909091,0.5545454545454546,0.43388373911755823,-0.900968867902419,-0.9350162426854147,-0.3546048870425359,-1.0,-1.8369701987210297e-16,-0.9175836260593934,-0.3975428142825566,2017,3,9,0,0.09090909090909091,0.1,0.05454545454545454,0.02727272727272727,0.02727272727272727,0.1,0.11818181818181818,0.045454545454545456,0.03636363636363636,0.0,0.09090909090909091,0.4,0.37272727272727274,0.18181818181818182,0.10909090909090909,0.33636363636363636,0,0
2017-09-08,20486.63,14240.92,2636.43,132,87.91280303030302,30.999335038483725,2.8636363636363638,0.5151515151515151,-0.433883739117558,-0.9009688679024191,-0.9350162426854147,-0.3546048870425359,-1.0,-1.8369701987210297e-16,-0.9242907221930934,-0.3816892202666586,2017,3,9,0,0.12878787878787878,0.05303030303030303,0.09090909090909091,0.07575757575757576,0.03787878787878788,0.08333333333333333,0.06060606060606061,0.06060606060606061,0.03787878787878788,0.022727272727272728,0.05303030303030303,0.42424242424242425,0.3333333333333333,0.21212121212121213,0.09090909090909091,0.36363636363636365,0,0
2017-09-09,21651.91,17419.69,2561.37,119,124.8598319327731,31.271497155317665,3.226890756302521,0.4957983193277311,-0.9749279121818236,-0.2225209339563146,-0.9350162426854147,-0.3546048870425359,-1.0,-1.8369701987210297e-16,-0.9307239310379793,-0.3657225234972692,2017,3,9,1,0.08403361344537816,0.11764705882352941,0.11764705882352941,0.06722689075630252,0.04201680672268908,0.03361344537815126,0.14285714285714285,0.025210084033613446,0.07563025210084033,0.025210084033613446,0.025210084033613446,0.3277310924369748,0.3949579831932773,0.15126050420168066,0.09243697478991597,0.36134453781512604,0,0
2017-09-10,23712.61,22328.08,3165.9,164,116.84256097560976,25.2561443702072,2.8963414634146343,0.49390243902439024,-0.7818314824680299,0.6234898018587334,-0.9350162426854147,-0.3546048870425359,-1.0,-1.8369701987210297e-16,-0.9368813462954315,-0.34964745525122826,2017,3,9,1,0.04878048780487805,0.14634146341463414,0.06097560975609756,0.10975609756097561,0.06097560975609756,0.07317073170731707,0.06097560975609756,0.04878048780487805,0.024390243902439025,0.012195121951219513,0.054878048780487805,0.3475609756097561,0.39634146341463417,0.15853658536585366,0.1402439024390244,0.3048780487804878,0,0
2017-09-11,30487.36,28450.73,3807.92,206,119.62529126213593,26.274564072825935,2.966019417475728,0.49029126213592233,0.0,1.0,-0.970941817426052,-0.23931566428755774,-1.0,-1.8369701987210297e-16,-0.9427611433904206,-0.33346877891818705,2017,3,9,0,0.03398058252427184,0.10194174757281553,0.09223300970873786,0.10194174757281553,0.03398058252427184,0.05825242718446602,0.06310679611650485,0.0825242718446602,0.019417475728155338,0.019417475728155338,0.04854368932038835,0.3786407766990291,0.3446601941747573,0.13106796116504854,0.11650485436893204,0.4077669902912621,0,0
2017-09-12,60174.13,32358.56,5275.99,250,108.33028,28.818038123797,2.88,0.512,0.7818314824680298,0.6234898018587336,-0.970941817426052,-0.23931566428755774,-1.0,-1.8369701987210297e-16,-0.9483615800121716,-0.31719128858910595,2017,3,9,0,0.072,0.108,0.084,0.06,0.048,0.088,0.068,0.024,0.056,0.016,0.076,0.372,0.344,0.1,0.14,0.416,0,0
2017-09-13,37097.81,33951.13,4432.1,234,126.14970085470085,28.771400136403592,2.9914529914529915,0.5299145299145299,0.9749279121818236,-0.22252093395631434,-0.970941817426052,-0.23931566428755774,-1.0,-1.8369701987210297e-16,-0.9536809966304455,-0.300819807635668,2017,3,9,0,0.09401709401709402,0.12393162393162394,0.07692307692307693,0.10683760683760683,0.05128205128205128,0.03418803418803419,0.03418803418803419,0.0641025641025641,0.042735042735042736,0.004273504273504274,0.042735042735042736,0.4188034188034188,0.358974358974359,0.13675213675213677,0.14102564102564102,0.36324786324786323,0,0
2017-09-14,34077.19,26567.46,4017.32,204,110.5399019607843,29.304733333695648,3.049019607843137,0.5098039215686274,0.43388373911755823,-0.900968867902419,-0.970941817426052,-0.23931566428755774,-1.0,-1.8369701987210297e-16,-0.9587178169872964,-0.2843591872810036,2017,3,9,0,0.0784313725490196,0.09803921568627451,0.08333333333333333,0.11274509803921569,0.0392156862745098,0.06862745098039216,0.08333333333333333,0.06862745098039216,0.029411764705882353,0.029411764705882353,0.03431372549019608,0.35294117647058826,0.3382352941176471,0.12745098039215685,0.08333333333333333,0.45098039215686275,0,0
2017-09-15,24198.35,21539.51,3206.54,167,109.7782634730539,31.679857576686125,2.7005988023952097,0.5089820359281437,-0.433883739117558,-0.9009688679024191,-0.970941817426052,-0.23931566428755774,-1.0,-1.8369701987210297e-16,-0.9634705485641486,-0.26781430516217486,2017,3,9,0,0.0718562874251497,0.15568862275449102,0.0658682634730539,0.08982035928143713,0.041916167664670656,0.04790419161676647,0.04790419161676647,0.10179640718562874,0.05389221556886228,0.023952095808383235,0.059880239520958084,0.31137724550898205,0.38323353293413176,0.1497005988023952,0.1317365269461078,0.33532934131736525,0,0
2017-09-16,23837.33,22209.96,2855.96,138,140.2463768115942,26.62302983898237,3.13768115942029,0.5362318840579711,-0.9749279121818236,-0.2225209339563146,-0.970941817426052,-0.23931566428755774,-1.0,-1.8369701987210297e-16,-0.9679377830240642,-0.25119006388481957,2017,3,9,1,0.10144927536231885,0.17391304347826086,0.09420289855072464,0.13043478260869565,0.050724637681159424,0.028985507246376812,0.050724637681159424,0.021739130434782608,0.014492753623188406,0.007246376811594203,0.028985507246376812,0.39855072463768115,0.3188405797101449,0.17391304347826086,0.16666666666666666,0.34057971014492755,0,0
2017-09-17,25075.85,23654.94,3021.44,143,144.2902097902098,27.211901451691993,3.5034965034965033,0.5874125874125874,-0.7818314824680299,0.6234898018587334,-0.970941817426052,-0.23931566428755774,-1.0,-1.8369701987210297e-16,-0.9721181966290612,-0.23449138957041052,2017,3,9,1,0.14685314685314685,0.14685314685314685,0.09090909090909091,0.07692307692307693,0.09090909090909091,0.055944055944055944,0.06993006993006994,0.07692307692307693,0.013986013986013986,0.013986013986013986,0.013986013986013986,0.34965034965034963,0.2727272727272727,0.16083916083916083,0.16783216783216784,0.3986013986013986,0,0
2017-09-18,44172.66,31948.74,4007.14,223,125.29865470852017,25.232300528004018,2.8520179372197307,0.48878923766816146,0.0,1.0,-0.992708874098054,-0.12053668025532357,-1.0,-1.8369701987210297e-16,-0.9760105506323682,-0.21772323039653224,2017,3,9,0,0.09417040358744394,0.16591928251121077,0.06278026905829596,0.09417040358744394,0.03139013452914798,0.08071748878923767,0.03587443946188341,0.06278026905829596,0.0,0.04035874439461883,0.03587443946188341,0.3901345291479821,0.452914798206278,0.16591928251121077,0.13452914798206278,0.24663677130044842,0,0
2017-09-19,31217.93,24229.35,3528.18,187,110.7014438502674,27.383323358675966,2.7433155080213902,0.45454545454545453,0.7818314824680298,0.6234898018587336,-0.992708874098054,-0.12053668025532357,-1.0,-1.8369701987210297e-16,-0.9796136916454901,-0.20089055513063528,2017,3,9,0,0.06951871657754011,0.09090909090909091,0.053475935828877004,0.0962566844919786,0.053475935828877004,0.053475935828877004,0.09090909090909091,0.03208556149732621,0.0481283422459893,0.0213903743315508,0.08021390374331551,0.37967914438502676,0.3315508021390374,0.19786096256684493,0.058823529411764705,0.4117647058823529,0,0
2017-09-20,30117.65,26505.55,4054.5,193,116.32668393782383,27.95994610158545,3.316062176165803,0.5077720207253886,0.9749279121818236,-0.22252093395631434,-0.992708874098054,-0.12053668025532357,-1.0,-1.8369701987210297e-16,-0.9829265519799822,-0.18399835165767986,2017,3,9,0,0.09844559585492228,0.16062176165803108,0.06217616580310881,0.08808290155440414,0.04145077720207254,0.046632124352331605,0.11398963730569948,0.025906735751295335,0.010362694300518135,0.031088082901554404,0.015544041450777202,0.40414507772020725,0.39378238341968913,0.13471502590673576,0.10362694300518134,0.36787564766839376,0,0
2017-09-21,26894.079999999998,21771.87,3286.65,173,106.85098265895954,29.478317628141085,3.0578034682080926,0.5953757225433526,0.43388373911755823,-0.900968867902419,-0.992708874098054,-0.12053668025532357,-1.0,-1.8369701987210297e-16,-0.9859481499638303,-0.1670516255021195,2017,3,9,0,0.057803468208092484,0.17341040462427745,0.10404624277456648,0.16184971098265896,0.08092485549132948,0.011560693641618497,0.09826589595375723,0.028901734104046242,0.023121387283236993,0.017341040462427744,0.03468208092485549,0.2658959537572254,0.35260115606936415,0.10404624277456648,0.12138728323699421,0.42196531791907516,0,0
2017-09-22,28333.39,20493.57,3081.22,168,103.64494047619047,26.909449526885677,3.5535714285714284,0.5535714285714286,-0.433883739117558,-0.9009688679024191,-0.992708874098054,-0.12053668025532357,-1.0,-1.8369701987210297e-16,-0.9886775902323404,-0.15005539834465262,2017,3,9,0,0.10119047619047619,0.1130952380952381,0.07738095238095238,0.08333333333333333,0.08333333333333333,0.05952380952380952,0.047619047619047616,0.05357142857142857,0.02976190476190476,0.017857142857142856,0.07142857142857142,0.3630952380952381,0.5119047619047619,0.17261904761904762,0.1130952380952381,0.20238095238095238,0,0
2017-09-23,14518.75,15386.449999999999,2676.22,134,94.85246268656716,33.24483517262576,2.455223880597015,0.417910447761194,-0.9749279121818236,-0.2225209339563146,-0.992708874098054,-0.12053668025532357,-1.0,-1.8369701987210297e-16,-0.9911140639934546,-0.13301470653419636,2017,3,9,1,0.08208955223880597,0.07462686567164178,0.05970149253731343,0.09701492537313433,0.029850746268656716,0.029850746268656716,0.08208955223880597,0.022388059701492536,0.022388059701492536,0.029850746268656716,0.0,0.5522388059701493,0.27611940298507465,0.41044776119402987,0.05223880597014925,0.26119402985074625,0,0
2017-09-24,19955.88,16414.06,2703.06,132,103.87121212121212,27.54991101937635,2.772727272727273,0.5075757575757576,-0.7818314824680299,0.6234898018587334,-0.992708874098054,-0.12053668025532357,-1.0,-1.8369701987210297e-16,-0.9932568492674143,-0.11593459959550066,2017,3,9,1,0.12878787878787878,0.14393939393939395,0.13636363636363635,0.07575757575757576,0.08333333333333333,0.015151515151515152,0.06060606060606061,0.045454545454545456,0.015151515151515152,0.015151515151515152,0.022727272727272728,0.38636363636363635,0.3712121212121212,0.14393939393939395,0.09848484848484848,0.38636363636363635,0,0
2017-09-25,25623.19,20837.65,2980.06,156,114.47173076923077,29.66259255790519,3.1538461538461537,0.4935897435897436,0.0,1.0,-1.0,-1.8369701987210297e-16,-1.0,-1.8369701987210297e-16,-0.9951053111006974,-0.09882013873287211,2017,3,9,0,0.0641025641025641,0.14102564102564102,0.08974358974358974,0.08974358974358974,0.057692307692307696,0.07051282051282051,0.08333333333333333,0.038461538461538464,0.019230769230769232,0.019230769230769232,0.038461538461538464,0.3525641025641026,0.38461538461538464,0.14743589743589744,0.07051282051282051,0.3974358974358974,0,0
2017-09-26,27900.63,25448.05,3616.87,199,109.70442211055277,27.68881659504468,3.5678391959798996,0.5376884422110553,0.7818314824680298,0.6234898018587336,-1.0,-1.8369701987210297e-16,-1.0,-1.8369701987210297e-16,-0.99665890175417,-0.08167639533042288,2017,3,9,0,0.07537688442211055,0.08040201005025126,0.08542713567839195,0.09547738693467336,0.04522613065326633,0.035175879396984924,0.09045226130653267,0.02512562814070352,0.04522613065326633,0.010050251256281407,0.07035175879396985,0.41708542713567837,0.4271356783919598,0.11055276381909548,0.12562814070351758,0.33668341708542715,0,0
2017-09-27,35526.28,25523.78,3524.07,179,122.90340782122905,27.87002389554624,3.0335195530726256,0.5363128491620112,0.9749279121818236,-0.22252093395631434,-1.0,-1.8369701987210297e-16,-1.0,-1.8369701987210297e-16,-0.9979171608653922,-0.06450844944931625,2017,3,9,0,0.1005586592178771,0.0446927374301676,0.0670391061452514,0.11173184357541899,0.07262569832402235,0.0782122905027933,0.05027932960893855,0.05027932960893855,0.0223463687150838,0.0670391061452514,0.061452513966480445,0.3743016759776536,0.3575418994413408,0.19553072625698323,0.08379888268156424,0.36312849162011174,0,0
2017-09-28,39650.2,27049.94,3185.42,171,139.55859649122806,27.77442720864626,3.192982456140351,0.49122807017543857,0.43388373911755823,-0.900968867902419,-1.0,-1.8369701987210297e-16,-1.0,-1.8369701987210297e-16,-0.9988797155850335,-0.04732138832243232,2017,3,9,0,0.04678362573099415,0.08187134502923976,0.12280701754385964,0.06432748538011696,0.07017543859649122,0.04678362573099415,0.03508771929824561,0.05847953216374269,0.017543859649122806,0.03508771929824561,0.029239766081871343,0.43859649122807015,0.32748538011695905,0.13450292397660818,0.14619883040935672,0.391812865497076,0,0
2017-09-29,137179.37,31194.38,2703.98,130,219.15692307692308,26.886841799519793,3.023076923076923,0.47692307692307695,-0.433883739117558,-0.9009688679024191,-1.0,-1.8369701987210297e-16,-1.0,-1.8369701987210297e-16,-0.9995462806873573,-0.03012030484690836,2017,3,9,0,0.06923076923076923,0.13076923076923078,0.038461538461538464,0.06923076923076923,0.03076923076923077,0.046153846153846156,0.03076923076923077,0.03076923076923077,0.06923076923076923,0.05384615384615385,0.038461538461538464,0.46153846153846156,0.3230769230769231,0.14615384615384616,0.08461538461538462,0.4461538461538462,0,0
2017-09-30,15898.91,13854.98,2079.68,119,98.95210084033613,29.56476016013985,3.0756302521008405,0.5714285714285714,-0.9749279121818236,-0.2225209339563146,-1.0,-1.8369701987210297e-16,-1.0,-1.8369701987210297e-16,-0.9999166586547379,-0.012910296075008843,2017,3,9,1,0.025210084033613446,0.05042016806722689,0.04201680672268908,0.15966386554621848,0.008403361344537815,0.04201680672268908,0.05042016806722689,0.10084033613445378,0.01680672268907563,0.025210084033613446,0.07563025210084033,0.42857142857142855,0.3949579831932773,0.17647058823529413,0.18487394957983194,0.24369747899159663,0,0
2017-10-01,25237.02,21852.97,3174.33,148,126.20702702702702,28.034861180778528,3.2905405405405403,0.5743243243243243,-0.7818314824680299,0.6234898018587334,-1.0,-1.8369701987210297e-16,-0.8660254037844386,0.5000000000000001,-0.9999907397361901,0.004303538296243821,2017,4,10,1,0.08783783783783784,0.13513513513513514,0.0472972972972973,0.10810810810810811,0.05405405405405406,0.04054054054054054,0.05405405405405406,0.033783783783783786,0.033783783783783786,0.02702702702702703,0.08108108108108109,0.38513513513513514,0.40540540540540543,0.11486486486486487,0.13513513513513514,0.34459459459459457,0,0
2017-10-02,47594.39,26463.69,3670.85,178,128.04966292134833,30.273597167415495,3.0168539325842696,0.4887640449438202,0.0,1.0,-0.992708874098054,0.1205366802553232,-0.8660254037844386,0.5000000000000001,-0.9997685019798909,0.021516097436222233,2017,4,10,0,0.05056179775280899,0.11797752808988764,0.0449438202247191,0.1404494382022472,0.0449438202247191,0.028089887640449437,0.028089887640449437,0.06741573033707865,0.03932584269662921,0.016853932584269662,0.09550561797752809,0.37640449438202245,0.3707865168539326,0.1348314606741573,0.1404494382022472,0.3539325842696629,0,0
2017-10-03,33768.21,30807.01,4417.15,223,118.34017937219731,29.846101921161623,2.798206278026906,0.5246636771300448,0.7818314824680298,0.6234898018587336,-0.992708874098054,0.1205366802553232,-0.8660254037844386,0.5000000000000001,-0.9992500112396835,0.03872228089217399,2017,4,10,0,0.1210762331838565,0.09865470852017937,0.053811659192825115,0.09417040358744394,0.03139013452914798,0.04932735426008968,0.08520179372197309,0.026905829596412557,0.053811659192825115,0.04932735426008968,0.06278026905829596,0.39461883408071746,0.3991031390134529,0.15695067264573992,0.1210762331838565,0.32286995515695066,0,0
2017-10-04,28142.76,25448.48,3792.81,184,117.69385869565218,31.005254115495678,2.5217391304347827,0.42934782608695654,0.9749279121818236,-0.22252093395631434,-0.992708874098054,0.1205366802553232,-0.8660254037844386,0.5000000000000001,-0.9984354211555643,0.05591699010060302,2017,4,10,0,0.125,0.06521739130434782,0.059782608695652176,0.059782608695652176,0.02717391304347826,0.07065217391304347,0.05434782608695652,0.03804347826086957,0.06521739130434782,0.016304347826086956,0.10869565217391304,0.43478260869565216,0.3858695652173913,0.15217391304347827,0.10869565217391304,0.3532608695652174,0,0
2017-10-05,55086.73,28678.99,3582.67,173,145.06543352601156,25.453466034813204,3.0115606936416186,0.5144508670520231,0.43388373911755823,-0.900968867902419,-0.992708874098054,0.1205366802553232,-0.8660254037844386,0.5000000000000001,-0.9973249731081555,0.07309512989807776,2017,4,10,0,0.06358381502890173,0.09826589595375723,0.07514450867052024,0.10982658959537572,0.08092485549132948,0.08670520231213873,0.05202312138728324,0.011560693641618497,0.028901734104046242,0.028901734104046242,0.046242774566473986,0.3815028901734104,0.3872832369942196,0.12716763005780346,0.15606936416184972,0.32947976878612717,0,0
2017-10-06,26731.92,20648.62,2999.54,159,111.0005031446541,27.86707357863117,2.9371069182389937,0.5723270440251572,-0.433883739117558,-0.9009688679024191,-0.992708874098054,0.1205366802553232,-0.8660254037844386,0.5000000000000001,-0.9959189961471792,0.0902516100310407,2017,4,10,0,0.11320754716981132,0.09433962264150944,0.07547169811320754,0.12578616352201258,0.0440251572327044,0.018867924528301886,0.05660377358490566,0.06289308176100629,0.012578616352201259,0.018867924528301886,0.06289308176100629,0.4276729559748428,0.4025157232704403,0.10062893081761007,0.11320754716981132,0.3836477987421384,0,0
2017-10-07,22213.65,17329.83,2289.9,115,130.782,26.369165659928733,3.7130434782608694,0.6434782608695652,-0.9749279121818236,-0.2225209339563146,-0.992708874098054,0.1205366802553232,-0.8660254037844386,0.5000000000000001,-0.994217906893952,0.10738134666416306,2017,4,10,1,0.06086956521739131,0.06956521739130435,0.06956521739130435,0.043478260869565216,0.06086956521739131,0.09565217391304348,0.0782608695652174,0.06956521739130435,0.06956521739130435,0.02608695652173913,0.06086956521739131,0.3565217391304348,0.3652173913043478,0.16521739130434782,0.10434782608695652,0.3652173913043478,0,0
2017-10-08,23216.07,20319.75,3111.57,149,115.49114093959732,29.260565352628134,2.946308724832215,0.5369127516778524,-0.7818314824680299,0.6234898018587334,-0.992708874098054,0.1205366802553232,-0.8660254037844386,0.5000000000000001,-0.9922222094179324,0.12447926388678869,2017,4,10,1,0.12751677852348994,0.06040268456375839,0.0738255033557047,0.14093959731543623,0.06711409395973154,0.053691275167785234,0.0738255033557047,0.03355704697986577,0.040268456375838924,0.040268456375838924,0.0738255033557047,0.3422818791946309,0.3624161073825503,0.11409395973154363,0.12080536912751678,0.40268456375838924,0,0
2017-10-09,43429.75,34680.95,4739.25,231,129.6177489177489,29.696505964968846,2.2554112554112553,0.39826839826839827,0.0,1.0,-0.9709418174260521,0.23931566428755738,-0.8660254037844386,0.5000000000000001,-0.989932495087353,0.141540295217043,2017,4,10,0,0.09090909090909091,0.09956709956709957,0.05627705627705628,0.10822510822510822,0.030303030303030304,0.03896103896103896,0.04329004329004329,0.09956709956709957,0.06493506493506493,0.021645021645021644,0.06060606060606061,0.37662337662337664,0.2857142857142857,0.15584415584415584,0.19480519480519481,0.36363636363636365,0,0
2017-10-10,35727.24,32303.260000000002,3692.95,205,139.56248780487806,26.658237850588996,2.731707317073171,0.4682926829268293,0.7818314824680298,0.6234898018587336,-0.9709418174260521,0.23931566428755738,-0.8660254037844386,0.5000000000000001,-0.9873494423939864,0.15855938510313475,2017,4,10,0,0.07317073170731707,0.1073170731707317,0.05853658536585366,0.14634146341463414,0.05365853658536585,0.06341463414634146,0.04390243902439024,0.00975609756097561,0.03902439024390244,0.02926829268292683,0.024390243902439025,0.424390243902439,0.36097560975609755,0.1902439024390244,0.15609756097560976,0.2926829268292683,0,0
2017-10-11,26481.66,24255.17,3395.14,184,113.36972826086956,28.295751393093713,2.5706521739130435,0.4673913043478261,0.9749279121818236,-0.22252093395631434,-0.9709418174260521,0.23931566428755738,-0.8660254037844386,0.5000000000000001,-0.9844738167520923,0.17553149042142777,2017,4,10,0,0.10326086956521739,0.09782608695652174,0.08695652173913043,0.07608695652173914,0.07065217391304347,0.09782608695652174,0.059782608695652176,0.03260869565217391,0.059782608695652176,0.03260869565217391,0.043478260869565216,0.3423913043478261,0.41847826086956524,0.14130434782608695,0.125,0.31521739130434784,0,0
2017-10-12,29181.21,22111.39,3439.33,157,118.93031847133759,26.65253746255156,3.159235668789809,0.6178343949044586,0.43388373911755823,-0.900968867902419,-0.9709418174260521,0.23931566428755738,-0.8660254037844386,0.5000000000000001,-0.9813064702716093,0.19245158197082995,2017,4,10,0,0.025477707006369428,0.06369426751592357,0.05732484076433121,0.044585987261146494,0.07006369426751592,0.01910828025477707,0.06369426751592357,0.03184713375796178,0.03821656050955414,0.05732484076433121,0.050955414012738856,0.5031847133757962,0.3630573248407643,0.15286624203821655,0.11464968152866242,0.36942675159235666,0,0
2017-10-13,32166.99,27396.76,3622.1,172,138.22476744186045,27.951092209635494,2.994186046511628,0.5116279069767442,-0.433883739117558,-0.9009688679024191,-0.9709418174260521,0.23931566428755738,-0.8660254037844386,0.5000000000000001,-0.9778483415056567,0.20931464596304888,2017,4,10,0,0.0872093023255814,0.0872093023255814,0.040697674418604654,0.06976744186046512,0.05813953488372093,0.09302325581395349,0.06395348837209303,0.01744186046511628,0.046511627906976744,0.040697674418604654,0.05232558139534884,0.43023255813953487,0.2558139534883721,0.1511627906976744,0.14534883720930233,0.4476744186046512,0,0
2017-10-14,17794.9,17641.53,3199.8,135,106.97577777777778,33.12592537719197,2.8296296296296295,0.5333333333333333,-0.9749279121818236,-0.2225209339563146,-0.9709418174260521,0.23931566428755738,-0.8660254037844386,0.5000000000000001,-0.9741004551724206,0.22611568550828803,2017,4,10,1,0.02962962962962963,0.1259259259259259,0.044444444444444446,0.06666666666666667,0.05185185185185185,0.06666666666666667,0.13333333333333333,0.07407407407407407,0.037037037037037035,0.037037037037037035,0.007407407407407408,0.35555555555555557,0.4074074074074074,0.16296296296296298,0.1037037037037037,0.32592592592592595,0,0
2017-10-15,24984.27,22112.35,2641.3,141,138.09255319148934,28.056243413098418,3.2127659574468086,0.5177304964539007,-0.7818314824680299,0.6234898018587334,-0.9709418174260521,0.23931566428755738,-0.8660254037844386,0.5000000000000001,-0.970063921851507,0.2428497220959358,2017,4,10,1,0.03546099290780142,0.22695035460992907,0.05673758865248227,0.0851063829787234,0.04964539007092199,0.03546099290780142,0.05673758865248227,0.09929078014184398,0.028368794326241134,0.028368794326241134,0.03546099290780142,0.2978723404255319,0.40425531914893614,0.20567375886524822,0.1276595744680851,0.2624113475177305,0,0
2017-10-16,39849.84,35851.43,4620.02,232,134.61814655172412,28.91780850846291,3.086206896551724,0.5387931034482759,0.0,1.0,-0.9350162426854148,0.35460488704253557,-0.8660254037844386,0.5000000000000001,-0.965739937654855,0.25951179706979943,2017,4,10,0,0.0603448275862069,0.10344827586206896,0.09482758620689655,0.09482758620689655,0.09051724137931035,0.05172413793103448,0.07758620689655173,0.03017241379310345,0.05172413793103448,0.02586206896551724,0.05172413793103448,0.3275862068965517,0.375,0.15948275862068967,0.09051724137931035,0.375,0,0
2017-10-17,67496.76,36196.02,5312.89,274,112.71215328467153,29.20913864929497,3.1605839416058394,0.5547445255474452,0.7818314824680298,0.6234898018587336,-0.9350162426854148,0.35460488704253557,-0.8660254037844386,0.5000000000000001,-0.9611297838723007,0.27609697309746883,2017,4,10,0,0.16423357664233576,0.16058394160583941,0.06204379562043796,0.06934306569343066,0.06934306569343066,0.0948905109489051,0.08029197080291971,0.040145985401459854,0.032846715328467155,0.04744525547445255,0.0364963503649635,0.30656934306569344,0.5109489051094891,0.10948905109489052,0.06569343065693431,0.31386861313868614,0,0
2017-10-18,43583.75,32041.31,4309.52,228,121.63065789473684,28.946123131789744,3.1052631578947367,0.543859649122807,0.9749279121818236,-0.22252093395631434,-0.9350162426854148,0.35460488704253557,-0.8660254037844386,0.5000000000000001,-0.9562348265919058,0.2926003356333479,2017,4,10,0,0.10087719298245613,0.08333333333333333,0.06140350877192982,0.10964912280701754,0.06140350877192982,0.02631578947368421,0.08771929824561403,0.03508771929824561,0.07456140350877193,0.039473684210526314,0.021929824561403508,0.3991228070175439,0.45614035087719296,0.14912280701754385,0.12719298245614036,0.2675438596491228,0,0
2017-10-19,31967.51,28533.75,3839.49,198,124.71848484848486,26.69096660619629,3.121212121212121,0.5505050505050505,0.43388373911755823,-0.900968867902419,-0.9350162426854148,0.35460488704253557,-0.8660254037844386,0.5000000000000001,-0.9510565162951536,0.30901699437494723,2017,4,10,0,0.09595959595959595,0.13131313131313133,0.10101010101010101,0.09090909090909091,0.08585858585858586,0.050505050505050504,0.0707070707070707,0.06060606060606061,0.050505050505050504,0.015151515151515152,0.050505050505050504,0.29292929292929293,0.3787878787878788,0.15151515151515152,0.12121212121212122,0.3484848484848485,0,0
2017-10-20,24027.94,23419.66,3119.15,138,147.10514492753623,26.30320672953908,3.2971014492753623,0.5869565217391305,-0.433883739117558,-0.9009688679024191,-0.9350162426854148,0.35460488704253557,-0.8660254037844386,0.5000000000000001,-0.9455963874271428,0.3253420847119795,2017,4,10,0,0.036231884057971016,0.12318840579710146,0.050724637681159424,0.057971014492753624,0.057971014492753624,0.021739130434782608,0.06521739130434782,0.014492753623188406,0.07246376811594203,0.028985507246376812,0.036231884057971016,0.47101449275362317,0.38405797101449274,0.12318840579710146,0.10144927536231885,0.391304347826087,0,0
2017-10-21,21254.22,17701.48,2663.45,128,117.484609375,28.242267862488834,2.6796875,0.5234375,-0.9749279121818236,-0.2225209339563146,-0.9350162426854148,0.35460488704253557,-0.8660254037844386,0.5000000000000001,-0.9398560579418953,0.341570769167856,2017,4,10,1,0.0625,0.09375,0.1171875,0.046875,0.078125,0.078125,0.0703125,0.0546875,0.0234375,0.0078125,0.0859375,0.34375,0.3828125,0.1484375,0.140625,0.328125,0,0
2017-10-22,27742.73,23783.95,3492.68,187,108.50946524064172,30.99335213263767,3.1390374331550803,0.6096256684491979,-0.7818314824680299,0.6234898018587334,-0.9350162426854148,0.35460488704253557,-0.8660254037844386,0.5000000000000001,-0.9338372288229252,0.35769823883312546,2017,4,10,1,0.06417112299465241,0.16042780748663102,0.06951871657754011,0.10160427807486631,0.0748663101604278,0.026737967914438502,0.08021390374331551,0.10160427807486631,0.0748663101604278,0.016042780748663103,0.03208556149732621,0.2620320855614973,0.45989304812834225,0.17647058823529413,0.12299465240641712,0.24064171122994651,0,0
2017-10-23,34256.71,27759.46,3761.27,196,122.43974489795917,31.95561123561827,2.8469387755102042,0.42346938775510207,0.0,1.0,-0.8854560256532101,0.464723172043768,-0.8660254037844386,0.5000000000000001,-0.9275416835791965,0.3737197147904692,2017,4,10,0,0.10714285714285714,0.12244897959183673,0.08163265306122448,0.12244897959183673,0.05612244897959184,0.0663265306122449,0.09693877551020408,0.05612244897959184,0.04591836734693878,0.025510204081632654,0.030612244897959183,0.29591836734693877,0.39285714285714285,0.12244897959183673,0.10714285714285714,0.37755102040816324,0,0
2017-10-24,35225.52,26397.85,3820.7,198,114.02601010101012,28.552001961117465,2.580808080808081,0.48484848484848486,0.7818314824680298,0.6234898018587336,-0.8854560256532101,0.464723172043768,-0.8660254037844386,0.5000000000000001,-0.9209712877166347,0.38963044953078774,2017,4,10,0,0.1111111111111111,0.12121212121212122,0.0707070707070707,0.06565656565656566,0.045454545454545456,0.1111111111111111,0.05555555555555555,0.05555555555555555,0.045454545454545456,0.020202020202020204,0.04040404040404041,0.3686868686868687,0.41414141414141414,0.1414141414141414,0.1414141414141414,0.30303030303030304,0,0
2017-10-25,27370.38,20958.55,3293.9,175,100.94085714285715,30.551763821848816,2.88,0.4857142857142857,0.9749279121818236,-0.22252093395631434,-0.8854560256532101,0.464723172043768,-0.8660254037844386,0.5000000000000001,-0.9141279881853337,0.4054257283599973,2017,4,10,0,0.10285714285714286,0.08571428571428572,0.06285714285714286,0.10857142857142857,0.07428571428571429,0.03428571428571429,0.04,0.04,0.045714285714285714,0.022857142857142857,0.03428571428571429,0.4514285714285714,0.30857142857142855,0.17714285714285713,0.15428571428571428,0.36,0,0
2017-10-26,35872.61,27754.31,3923.61,184,129.51467391304348,30.968484359801888,3.3315217391304346,0.5380434782608695,0.43388373911755823,-0.900968867902419,-0.8854560256532101,0.464723172043768,-0.8660254037844386,0.5000000000000001,-0.9070138128026362,0.42110087079608916,2017,4,10,0,0.09239130434782608,0.10869565217391304,0.08695652173913043,0.07608695652173914,0.04891304347826087,0.06521739130434782,0.08695652173913043,0.021739130434782608,0.03804347826086957,0.02717391304347826,0.07608695652173914,0.3641304347826087,0.40217391304347827,0.13043478260869565,0.09782608695652174,0.3695652173913043,0,0
2017-10-27,33372.11,24430.5,2991.33,166,129.15162650602412,26.543493772027976,3.0481927710843375,0.4879518072289157,-0.433883739117558,-0.9009688679024191,-0.8854560256532101,0.464723172043768,-0.8660254037844386,0.5000000000000001,-0.8996308696522434,0.4366512319560638,2017,4,10,0,0.03614457831325301,0.1144578313253012,0.04216867469879518,0.060240963855421686,0.10843373493975904,0.06626506024096386,0.08433734939759036,0.060240963855421686,0.030120481927710843,0.024096385542168676,0.030120481927710843,0.3795180722891566,0.3614457831325301,0.13253012048192772,0.10843373493975904,0.39759036144578314,0,0
2017-10-28,21515.32,20402.19,2588.91,105,169.6502857142857,31.826447046844546,3.3714285714285714,0.5619047619047619,-0.9749279121818236,-0.2225209339563146,-0.8854560256532101,0.464723172043768,-0.8660254037844386,0.5000000000000001,-0.8919813464595487,0.45207220393230374,2017,4,10,1,0.12380952380952381,0.13333333333333333,0.12380952380952381,0.02857142857142857,0.02857142857142857,0.0380952380952381,0.06666666666666667,0.047619047619047616,0.09523809523809523,0.02857142857142857,0.0761904761904762,0.3333333333333333,0.37142857142857144,0.14285714285714285,0.13333333333333333,0.3523809523809524,0,0
2017-10-29,28209.99,21204.71,3123.24,167,108.2722754491018,30.43098773618429,2.8802395209580838,0.5149700598802395,-0.7818314824680299,0.6234898018587334,-0.8854560256532101,0.464723172043768,-0.8660254037844386,0.5000000000000001,-0.8840675099433637,0.46735921715800205,2017,4,10,1,0.10778443113772455,0.1317365269461078,0.10778443113772455,0.0718562874251497,0.0718562874251497,0.029940119760479042,0.12574850299401197,0.017964071856287425,0.029940119760479042,0.023952095808383235,0.09580838323353294,0.2934131736526946,0.3532934131736527,0.1377245508982036,0.16167664670658682,0.3473053892215569,0,0
2017-10-30,30260.0,24017.87,3163.16,171,121.95736842105262,27.016565058188572,3.192982456140351,0.5029239766081871,0.0,1.0,-0.822983865893657,0.5680647467311548,-0.8660254037844386,0.5000000000000001,-0.8758917051442433,0.48250774176121763,2017,4,10,0,0.05847953216374269,0.10526315789473684,0.04093567251461988,0.08771929824561403,0.05263157894736842,0.07017543859649122,0.07602339181286549,0.029239766081871343,0.05847953216374269,0.023391812865497075,0.06432748538011696,0.391812865497076,0.39766081871345027,0.0935672514619883,0.10526315789473684,0.40350877192982454,0,0
2017-10-31,38658.28,26903.17,3045.68,196,121.72188775510205,24.84573951479777,3.1785714285714284,0.4489795918367347,0.7818314824680298,0.6234898018587336,-0.822983865893657,0.5680647467311548,-0.8660254037844386,0.5000000000000001,-0.8674563547295971,0.4975132889071803,2017,4,10,0,0.05612244897959184,0.09693877551020408,0.04591836734693878,0.08673469387755102,0.02040816326530612,0.09183673469387756,0.08163265306122448,0.04081632653061224,0.030612244897959183,0.02040816326530612,0.0663265306122449,0.41836734693877553,0.3979591836734694,0.14795918367346939,0.09183673469387756,0.3622448979591837,0,0
2017-11-01,31543.41,22942.9,2969.4900000000002,130,153.6416153846154,26.007327613107787,3.3615384615384616,0.5230769230769231,0.9749279121818236,-0.22252093395631434,-0.822983865893657,0.5680647467311548,-0.5000000000000004,0.8660254037844384,-0.858763958275803,0.5123714121284235,2017,4,11,0,0.11538461538461539,0.1,0.06923076923076923,0.1,0.09230769230769231,0.1,0.03076923076923077,0.007692307692307693,0.05384615384615385,0.015384615384615385,0.06923076923076923,0.36153846153846153,0.35384615384615387,0.16153846153846155,0.1,0.38461538461538464,0,0
2017-11-02,29381.82,25527.170000000002,2859.55,146,155.2576712328767,24.80489406835109,3.856164383561644,0.6917808219178082,0.43388373911755823,-0.900968867902419,-0.822983865893657,0.5680647467311548,-0.5000000000000004,0.8660254037844384,-0.8498170915275277,0.5270777086423724,2017,4,11,0,0.0273972602739726,0.15753424657534246,0.04794520547945205,0.1095890410958904,0.06164383561643835,0.03424657534246575,0.0684931506849315,0.0547945205479452,0.06164383561643835,0.02054794520547945,0.0410958904109589,0.3424657534246575,0.3972602739726027,0.1095890410958904,0.10273972602739725,0.3904109589041096,0,0
2017-11-03,38102.0,28040.14,3489.51,176,139.4922159090909,24.66636858348699,2.8295454545454546,0.5113636363636364,-0.433883739117558,-0.9009688679024191,-0.822983865893657,0.5680647467311548,-0.5000000000000004,0.8660254037844384,-0.8406184056344783,0.5416278206559811,2017,4,11,0,0.08522727272727272,0.13636363636363635,0.07386363636363637,0.07954545454545454,0.0625,0.056818181818181816,0.0625,0.028409090909090908,0.03409090909090909,0.03977272727272727,0.0625,0.36363636363636365,0.42045454545454547,0.125,0.08522727272727272,0.3693181818181818,0,0
2017-11-04,40192.58,24718.11,3247.57,136,157.87161764705883,25.067643533661865,3.2205882352941178,0.5073529411764706,-0.9749279121818236,-0.2225209339563146,-0.822983865893657,0.5680647467311548,-0.5000000000000004,0.8660254037844384,-0.8311706263658079,0.5560174366570446,2017,4,11,1,0.0661764705882353,0.11029411764705882,0.07352941176470588,0.058823529411764705,0.058823529411764705,0.014705882352941176,0.04411764705882353,0.09558823529411764,0.029411764705882353,0.022058823529411766,0.0661764705882353,0.4264705882352941,0.3161764705882353,0.19852941176470587,0.13970588235294118,0.34558823529411764,0,0
2017-11-05,24625.6,20286.3,3590.88,164,101.80134146341463,33.606129696599524,2.8902439024390243,0.5182926829268293,-0.7818314824680299,0.6234898018587334,-0.822983865893657,0.5680647467311548,-0.5000000000000004,0.8660254037844384,-0.8214765533024145,0.5702422926917867,2017,4,11,1,0.1524390243902439,0.14634146341463414,0.06097560975609756,0.0975609756097561,0.042682926829268296,0.042682926829268296,0.06707317073170732,0.07926829268292683,0.03048780487804878,0.018292682926829267,0.07317073170731707,0.34146341463414637,0.35365853658536583,0.18292682926829268,0.054878048780487805,0.40853658536585363,0,0
2017-11-06,39429.83,32716.15,4514.31,206,136.9021359223301,28.310403763557108,2.854368932038835,0.470873786407767,0.0,1.0,-0.7485107481711011,0.6631226582407952,-0.5000000000000004,0.8660254037844384,-0.8115390590073611,0.5842981736283683,2017,4,11,0,0.06796116504854369,0.11650485436893204,0.03398058252427184,0.04854368932038835,0.06796116504854369,0.06796116504854369,0.11165048543689321,0.024271844660194174,0.07281553398058252,0.03398058252427184,0.043689320388349516,0.3786407766990291,0.3737864077669903,0.1553398058252427,0.08737864077669903,0.38349514563106796,0,0
2017-11-07,29417.38,24598.06,3803.58,180,115.52488888888888,29.84018881062417,3.2055555555555557,0.5111111111111111,0.7818314824680298,0.6234898018587336,-0.7485107481711011,0.6631226582407952,-0.5000000000000004,0.8660254037844384,-0.801361088174677,0.5981809144059158,2017,4,11,0,0.05,0.16666666666666666,0.08888888888888889,0.08333333333333333,0.09444444444444444,0.05555555555555555,0.044444444444444446,0.05,0.03333333333333333,0.027777777777777776,0.1,0.25555555555555554,0.37777777777777777,0.19444444444444445,0.12777777777777777,0.3,0,0
2017-11-08,31272.46,23529.45,4130.5199999999995,205,94.6289268292683,31.097087430637714,2.6195121951219513,0.47317073170731705,0.9749279121818236,-0.22252093395631434,-0.7485107481711011,0.6631226582407952,-0.5000000000000004,0.8660254037844384,-0.7909456567567774,0.6118864012687242,2017,4,11,0,0.05365853658536585,0.2048780487804878,0.07804878048780488,0.03902439024390244,0.03902439024390244,0.05853658536585366,0.11707317073170732,0.02926829268292683,0.06829268292682927,0.01951219512195122,0.02926829268292683,0.3170731707317073,0.47804878048780486,0.08780487804878048,0.11219512195121951,0.32195121951219513,0,0
2017-11-09,37145.77,29379.09,3969.74,227,111.93546255506607,27.606541954266625,2.6211453744493394,0.44493392070484583,0.43388373911755823,-0.900968867902419,-0.7485107481711011,0.6631226582407952,-0.5000000000000004,0.8660254037844384,-0.780295851070776,0.6254105729852457,2017,4,11,0,0.03524229074889868,0.0881057268722467,0.05286343612334802,0.08370044052863436,0.05726872246696035,0.04405286343612335,0.05726872246696035,0.06167400881057269,0.03524229074889868,0.06167400881057269,0.07929515418502203,0.3788546255506608,0.4185022026431718,0.14537444933920704,0.11894273127753303,0.31718061674008813,0,0
2017-11-10,26774.68,23929.25,3450.63,200,102.39309999999999,27.081759990540444,2.6,0.47,-0.433883739117558,-0.9009688679024191,-0.7485107481711011,0.6631226582407952,-0.5000000000000004,0.8660254037844384,-0.7694148268839381,0.6387494220515268,2017,4,11,0,0.04,0.05,0.085,0.08,0.075,0.085,0.115,0.025,0.05,0.03,0.05,0.355,0.405,0.165,0.115,0.315,0,0
2017-11-11,29761.5,26440.47,3349.95,171,135.0322807017544,26.88486825288343,2.9941520467836256,0.5497076023391813,-0.9749279121818236,-0.2225209339563146,-0.7485107481711011,0.6631226582407952,-0.5000000000000004,0.8660254037844384,-0.7583058084785625,0.6518989958787125,2017,4,11,1,0.07017543859649122,0.11695906432748537,0.05263157894736842,0.08187134502923976,0.05847953216374269,0.07017543859649122,0.05847953216374269,0.07602339181286549,0.017543859649122806,0.03508771929824561,0.04678362573099415,0.38596491228070173,0.4444444444444444,0.13450292397660818,0.10526315789473684,0.3157894736842105,0,0
2017-11-12,30538.420000000002,26419.28,3469.65,188,122.0725,29.283228049945166,3.074468085106383,0.5585106382978723,-0.7818314824680299,0.6234898018587334,-0.7485107481711011,0.6631226582407952,-0.5000000000000004,0.8660254037844384,-0.7469720876965551,0.6648553979642866,2017,4,11,1,0.02127659574468085,0.05319148936170213,0.047872340425531915,0.11702127659574468,0.13829787234042554,0.06382978723404255,0.07446808510638298,0.07446808510638298,0.06382978723404255,0.02127659574468085,0.026595744680851064,0.3191489361702128,0.42021276595744683,0.10638297872340426,0.10638297872340426,0.3670212765957447,0,0
2017-11-13,35890.79,28818.96,4876.0199999999995,231,103.6490909090909,30.457136303506132,3.0779220779220777,0.5151515151515151,0.0,1.0,-0.6631226582407955,0.7485107481711007,-0.5000000000000004,0.8660254037844384,-0.7354170229639858,0.6776147890466887,2017,4,11,0,0.08658008658008658,0.08225108225108226,0.06926406926406926,0.06493506493506493,0.0735930735930736,0.06926406926406926,0.0735930735930736,0.06926406926406926,0.04329004329004329,0.04329004329004329,0.03896103896103896,0.3722943722943723,0.4458874458874459,0.12987012987012986,0.1038961038961039,0.3203463203463203,0,0
2017-11-14,35817.86,31629.77,4376.65,219,124.4434703196347,27.819293111104884,2.780821917808219,0.4840182648401826,0.7818314824680298,0.6234898018587336,-0.6631226582407955,0.7485107481711007,-0.5000000000000004,0.8660254037844384,-0.7236440382959124,0.690173388242972,2017,4,11,0,0.0639269406392694,0.1278538812785388,0.0547945205479452,0.045662100456621,0.045662100456621,0.0821917808219178,0.1415525114155251,0.0365296803652968,0.0410958904109589,0.0182648401826484,0.0182648401826484,0.3881278538812785,0.3926940639269406,0.1324200913242009,0.1141552511415525,0.3607305936073059,0,0
2017-11-15,32576.25,27804.01,3884.02,222,107.74770270270271,24.97637289024045,2.936936936936937,0.5405405405405406,0.9749279121818236,-0.22252093395631434,-0.6631226582407955,0.7485107481711007,-0.5000000000000004,0.8660254037844384,-0.711656622281775,0.7025274741691566,2017,4,11,0,0.08108108108108109,0.14414414414414414,0.03153153153153153,0.08108108108108109,0.08558558558558559,0.05405405405405406,0.06756756756756757,0.036036036036036036,0.02702702702702703,0.036036036036036036,0.06306306306306306,0.3738738738738739,0.44144144144144143,0.14864864864864866,0.11711711711711711,0.2927927927927928,0,0
2017-11-16,41148.95,34303.3,4857.38,272,108.2570588235294,29.320679773148903,2.2426470588235294,0.39338235294117646,0.43388373911755823,-0.900968867902419,-0.6631226582407955,0.7485107481711007,-0.5000000000000004,0.8660254037844384,-0.6994583270516471,0.7146733860429608,2017,4,11,0,0.08455882352941177,0.11764705882352941,0.03308823529411765,0.05514705882352941,0.04779411764705882,0.0661764705882353,0.10294117647058823,0.04044117647058824,0.025735294117647058,0.03676470588235294,0.10294117647058823,0.3713235294117647,0.4227941176470588,0.14338235294117646,0.08823529411764706,0.34558823529411764,0,0
2017-11-17,49087.3,34732.33,5082.55,229,129.47502183406112,28.42643602468204,2.8078602620087336,0.5327510917030568,-0.433883739117558,-0.9009688679024191,-0.6631226582407955,0.7485107481711007,-0.5000000000000004,0.8660254037844384,-0.6870527672236675,0.7266075247685652,2017,4,11,0,0.07860262008733625,0.09170305676855896,0.048034934497816595,0.07423580786026202,0.07423580786026202,0.0611353711790393,0.10043668122270742,0.039301310043668124,0.021834061135371178,0.026200873362445413,0.034934497816593885,0.4279475982532751,0.4847161572052402,0.1222707423580786,0.10043668122270742,0.2925764192139738,0,0
2017-11-18,34954.55,27193.920000000002,3960.29,175,132.7636,29.79733842789354,2.9485714285714284,0.5371428571428571,-0.9749279121818236,-0.2225209339563146,-0.6631226582407955,0.7485107481711007,-0.5000000000000004,0.8660254037844384,-0.6744436188329457,0.7383263540031063,2017,4,11,1,0.12,0.08,0.06857142857142857,0.05714285714285714,0.045714285714285714,0.08571428571428572,0.07428571428571429,0.05714285714285714,0.02857142857142857,0.011428571428571429,0.06285714285714286,0.42857142857142855,0.3942857142857143,0.08,0.08,0.44571428571428573,0,0
2017-11-19,27435.64,23944.58,3405.64,180,114.10522222222221,29.518336903348256,2.816666666666667,0.5,-0.7818314824680299,0.6234898018587334,-0.6631226582407955,0.7485107481711007,-0.5000000000000004,0.8660254037844384,-0.661634618242279,0.749826401204568,2017,4,11,1,0.1,0.07222222222222222,0.1,0.07777777777777778,0.05555555555555555,0.022222222222222223,0.10555555555555556,0.044444444444444446,0.06111111111111111,0.016666666666666666,0.06666666666666667,0.37777777777777777,0.4222222222222222,0.14444444444444443,0.1388888888888889,0.29444444444444445,0,0
2017-11-20,61103.06,49913.46,5786.2,261,169.06996168582376,25.40944303538107,3.0651340996168583,0.5555555555555556,0.0,1.0,-0.5680647467311559,0.8229838658936564,-0.5000000000000004,0.8660254037844384,-0.6486295610349818,0.7611042586607742,2017,4,11,0,0.04980842911877394,0.08812260536398467,0.06896551724137931,0.06896551724137931,0.05363984674329502,0.06896551724137931,0.0842911877394636,0.06130268199233716,0.04980842911877394,0.04597701149425287,0.022988505747126436,0.38697318007662834,0.40229885057471265,0.12643678160919541,0.10727969348659004,0.36398467432950193,0,0
2017-11-21,53074.69,39119.73,5078.3,264,128.9448106060606,29.052063711356784,2.515151515151515,0.4734848484848485,0.7818314824680298,0.6234898018587336,-0.5680647467311559,0.8229838658936564,-0.5000000000000004,0.8660254037844384,-0.6354323008901775,0.7721565844991641,2017,4,11,0,0.06439393939393939,0.09848484848484848,0.07196969696969698,0.07196969696969698,0.056818181818181816,0.056818181818181816,0.09090909090909091,0.06060606060606061,0.03787878787878788,0.03787878787878788,0.05303030303030303,0.36363636363636365,0.3977272727272727,0.12878787878787878,0.12878787878787878,0.3446969696969697,0,0
2017-11-22,41986.62,29976.61,5008.4,235,106.24770212765957,32.223965506704346,2.7702127659574467,0.4851063829787234,0.9749279121818236,-0.22252093395631434,-0.5680647467311559,0.8229838658936564,-0.5000000000000004,0.8660254037844384,-0.622046748440868,0.7829801036770624,2017,4,11,0,0.0851063829787234,0.06808510638297872,0.08936170212765958,0.05531914893617021,0.059574468085106386,0.07659574468085106,0.06808510638297872,0.08936170212765958,0.01702127659574468,0.03404255319148936,0.07659574468085106,0.3659574468085106,0.4,0.14042553191489363,0.14893617021276595,0.31063829787234043,1,0
2017-11-23,78743.18000000001,53252.25,6994.93,345,134.0791884057971,28.068834526998796,3.753623188405797,0.5681159420289855,0.43388373911755823,-0.900968867902419,-0.5680647467311559,0.8229838658936564,-0.5000000000000004,0.8660254037844384,-0.6084768701151264,0.7935716089521472,2017,4,11,0,0.12173913043478261,0.10434782608695652,0.07536231884057971,0.06666666666666667,0.05217391304347826,0.057971014492753624,0.13043478260869565,0.017391304347826087,0.02608695652173913,0.011594202898550725,0.08985507246376812,0.3681159420289855,0.3188405797101449,0.13043478260869565,0.13623188405797101,0.4144927536231884,1,0
2017-11-24,256294.81,180670.25,26092.34,1401,110.33398286937901,29.787202292941732,3.627408993576017,0.5788722341184868,-0.433883739117558,-0.9009688679024191,-0.5680647467311559,0.8229838658936564,-0.5000000000000004,0.8660254037844384,-0.594726686960764,0.8039279618328208,2017,4,11,0,0.07351891506067094,0.14489650249821556,0.0635260528194147,0.06566738044254104,0.05353319057815846,0.05424696645253391,0.099214846538187,0.04568165596002855,0.057815845824411134,0.03354746609564597,0.07708779443254818,0.3047822983583155,0.39114917915774444,0.14132762312633834,0.14917915774446824,0.31834403997144894,1,0
2017-11-25,95085.72,77560.23,11637.68,628,104.97221337579619,30.686740041685862,3.573248407643312,0.5366242038216561,-0.9749279121818236,-0.2225209339563146,-0.5680647467311559,0.8229838658936564,-0.5000000000000004,0.8660254037844384,-0.5808002734538013,0.8140460935082175,2017,4,11,1,0.06050955414012739,0.14331210191082802,0.050955414012738856,0.06050955414012739,0.025477707006369428,0.04936305732484077,0.12261146496815287,0.044585987261146494,0.03980891719745223,0.014331210191082803,0.11146496815286625,0.3375796178343949,0.40764331210191085,0.12420382165605096,0.12738853503184713,0.34076433121019106,1,0
2017-11-26,68328.56,55571.57,8650.86,476,98.57292016806723,29.23717210032466,3.3214285714285716,0.5294117647058824,-0.7818314824680299,0.6234898018587334,-0.5680647467311559,0.8229838658936564,-0.5000000000000004,0.8660254037844384,-0.5667017562911184,0.8239230057575536,2017,4,11,1,0.07563025210084033,0.11554621848739496,0.09873949579831932,0.0546218487394958,0.0273109243697479,0.06512605042016807,0.09873949579831932,0.058823529411764705,0.04201680672268908,0.029411764705882353,0.0819327731092437,0.3277310924369748,0.38235294117647056,0.15756302521008403,0.17857142857142858,0.2815126050420168,1,0
2017-11-27,80014.16,58752.13,9206.85,499,99.2891382765531,29.487482651529987,3.4128256513026054,0.5230460921843687,0.0,1.0,-0.4647231720437684,0.88545602565321,-0.5000000000000004,0.8660254037844384,-0.5524353131676203,0.8335557718385695,2017,4,11,0,0.06412825651302605,0.12024048096192384,0.06412825651302605,0.052104208416833664,0.02404809619238477,0.08016032064128256,0.10821643286573146,0.03206412825651302,0.04609218436873747,0.03807615230460922,0.06613226452905811,0.3687374749498998,0.3807615230460922,0.13827655310621242,0.14428857715430862,0.3366733466933868,1,0
2017-11-28,81194.86,57964.69,8602.89,444,111.17522522522523,28.835584673956667,3.4504504504504503,0.4954954954954955,0.7818314824680298,0.6234898018587336,-0.4647231720437684,0.88545602565321,-0.5000000000000004,0.8660254037844384,-0.5380051715382992,0.8429415373547832,2017,4,11,0,0.08333333333333333,0.07207207207207207,0.08108108108108109,0.11936936936936937,0.02702702702702703,0.07207207207207207,0.07207207207207207,0.07207207207207207,0.038288288288288286,0.02252252252252252,0.03153153153153153,0.3918918918918919,0.42792792792792794,0.13963963963963963,0.1373873873873874,0.29504504504504503,1,0
2017-11-29,56159.03,48170.090000000004,7636.04,377,107.51737400530504,32.40382494968242,2.8779840848806364,0.493368700265252,0.9749279121818236,-0.22252093395631434,-0.4647231720437684,0.88545602565321,-0.5000000000000004,0.8660254037844384,-0.5234156073655503,0.8520775211013093,2017,4,11,0,0.04774535809018567,0.09549071618037135,0.07161803713527852,0.06631299734748011,0.07692307692307693,0.042440318302387266,0.0610079575596817,0.04509283819628647,0.05305039787798409,0.034482758620689655,0.0610079575596817,0.3925729442970822,0.35809018567639256,0.13793103448275862,0.14323607427055704,0.36074270557029176,1,0
2017-11-30,42658.39,37129.1,5470.7,304,104.13947368421053,29.41881378081168,2.924342105263158,0.4473684210526316,0.43388373911755823,-0.900968867902419,-0.4647231720437684,0.88545602565321,-0.5000000000000004,0.8660254037844384,-0.5086709438521042,0.8609610158889945,2017,4,11,0,0.07894736842105263,0.10197368421052631,0.08881578947368421,0.05592105263157895,0.03289473684210526,0.05263157894736842,0.0756578947368421,0.06578947368421052,0.029605263157894735,0.046052631578947366,0.03289473684210526,0.41776315789473684,0.4309210526315789,0.13486842105263158,0.14473684210526316,0.2894736842105263,1,0
2017-12-01,56643.53,46986.27,6288.44,332,122.58382530120483,26.738195001886147,3.072289156626506,0.5180722891566265,-0.433883739117558,-0.9009688679024191,-0.4647231720437684,0.88545602565321,-2.4492935982947064e-16,1.0,-0.49377555015997737,0.8695893893466109,2017,4,12,0,0.09036144578313253,0.1536144578313253,0.0783132530120482,0.0963855421686747,0.06626506024096386,0.06626506024096386,0.08734939759036145,0.04216867469879518,0.02108433734939759,0.02710843373493976,0.02710843373493976,0.33433734939759036,0.42168674698795183,0.1746987951807229,0.12048192771084337,0.28313253012048195,0,1
2017-12-02,38816.22,35877.23,4548.19,238,131.6346218487395,25.998190697668917,2.764705882352941,0.5042016806722689,-0.9749279121818236,-0.2225209339563146,-0.4647231720437684,0.88545602565321,-2.4492935982947064e-16,1.0,-0.4787338401157883,0.8779600847008883,2017,4,12,1,0.06302521008403361,0.10504201680672269,0.08823529411764706,0.058823529411764705,0.06302521008403361,0.03361344537815126,0.06722689075630252,0.05042016806722689,0.05042016806722689,0.058823529411764705,0.037815126050420166,0.3865546218487395,0.4495798319327731,0.13445378151260504,0.14285714285714285,0.27310924369747897,0,1
2017-12-03,42434.47,34400.71,4955.43,261,112.81716475095784,25.208634829214347,2.996168582375479,0.5287356321839081,-0.7818314824680299,0.6234898018587334,-0.4647231720437684,0.88545602565321,-2.4492935982947064e-16,1.0,-0.4635502709028512,0.8860706215341378,2017,4,12,1,0.07279693486590039,0.10727969348659004,0.07662835249042145,0.06513409961685823,0.06130268199233716,0.022988505747126436,0.038314176245210725,0.0421455938697318,0.038314176245210725,0.019157088122605363,0.019157088122605363,0.5095785440613027,0.4329501915708812,0.1417624521072797,0.14559386973180077,0.2796934865900383,0,1
2017-12-04,60659.63,52682.32,6722.05,364,126.26447802197804,26.227333323804622,2.782967032967033,0.49725274725274726,0.0,1.0,-0.35460488704253595,0.9350162426854147,-2.4492935982947064e-16,1.0,-0.4482293417404106,0.893918596519257,2017,4,12,0,0.08516483516483517,0.08241758241758242,0.07142857142857142,0.06593406593406594,0.0521978021978022,0.07692307692307693,0.08516483516483517,0.0521978021978022,0.04395604395604396,0.046703296703296704,0.054945054945054944,0.36813186813186816,0.38461538461538464,0.17582417582417584,0.13736263736263737,0.3021978021978022,0,1
2017-12-05,53347.86,39625.47,5968.47,325,103.56,29.28885906436768,2.7046153846153844,0.4707692307692308,0.7818314824680298,0.6234898018587336,-0.35460488704253595,0.9350162426854147,-2.4492935982947064e-16,1.0,-0.4327755925504317,0.9015016841318838,2017,4,12,0,0.08615384615384615,0.07384615384615385,0.06153846153846154,0.09846153846153846,0.033846153846153845,0.06153846153846154,0.06769230769230769,0.07076923076923076,0.03076923076923077,0.021538461538461538,0.04,0.44,0.4246153846153846,0.12923076923076923,0.1723076923076923,0.27384615384615385,0,1
2017-12-06,57885.55,48201.33,6681.92,334,124.30961077844313,27.382154863050292,2.6646706586826348,0.4940119760479042,0.9749279121818236,-0.22252093395631434,-0.35460488704253595,0.9350162426854147,-2.4492935982947064e-16,1.0,-0.41719360261231697,0.9088176373395028,2017,4,12,0,0.0718562874251497,0.05089820359281437,0.10179640718562874,0.041916167664670656,0.03592814371257485,0.020958083832335328,0.041916167664670656,0.041916167664670656,0.059880239520958084,0.05389221556886228,0.0718562874251497,0.47904191616766467,0.3712574850299401,0.1317365269461078,0.16167664670658682,0.33532934131736525,0,1
2017-12-07,42179.4,34795.79,5268.12,263,112.27250950570343,27.880092798655692,2.4866920152091256,0.39543726235741444,0.43388373911755823,-0.900968867902419,-0.35460488704253595,0.9350162426854147,-2.4492935982947064e-16,1.0,-0.4014879892059737,0.9158642882672868,2017,4,12,0,0.06463878326996197,0.07984790874524715,0.07984790874524715,0.09885931558935361,0.045627376425855515,0.034220532319391636,0.07224334600760456,0.034220532319391636,0.030418250950570342,0.053231939163498096,0.06844106463878327,0.40304182509505704,0.4296577946768061,0.12547528517110265,0.12547528517110265,0.3193916349809886,0,1
2017-12-08,38657.02,34641.4,4658.33,258,116.2134496124031,26.718656684459074,2.437984496124031,0.4186046511627907,-0.433883739117558,-0.9009688679024191,-0.35460488704253595,0.9350162426854147,-2.4492935982947064e-16,1.0,-0.38566340624360745,0.9226395488404875,2017,4,12,0,0.027131782945736434,0.050387596899224806,0.08527131782945736,0.10852713178294573,0.03488372093023256,0.046511627906976744,0.05813953488372093,0.03875968992248062,0.015503875968992248,0.04263565891472868,0.04263565891472868,0.47674418604651164,0.4573643410852713,0.1434108527131783,0.09302325581395349,0.3062015503875969,0,1
2017-12-09,25164.39,23944.170000000002,3690.46,176,115.07789772727273,28.84719836604793,2.971590909090909,0.5,-0.9749279121818236,-0.2225209339563146,-0.35460488704253595,0.9350162426854147,-2.4492935982947064e-16,1.0,-0.3697245428906732,0.9291414114031743,2017,4,12,1,0.03409090909090909,0.10795454545454546,0.03409090909090909,0.11363636363636363,0.03977272727272727,0.028409090909090908,0.05113636363636364,0.005681818181818182,0.056818181818181816,0.045454545454545456,0.045454545454545456,0.4715909090909091,0.42613636363636365,0.125,0.10795454545454546,0.3409090909090909,0,1
2017-12-10,31122.49,29585.39,4173.92,222,114.46608108108109,28.084774193432263,2.9234234234234235,0.49099099099099097,-0.7818314824680299,0.6234898018587334,-0.35460488704253595,0.9350162426854147,-2.4492935982947064e-16,1.0,-0.3536761221763721,0.935367949313148,2017,4,12,1,0.06756756756756757,0.07657657657657657,0.036036036036036036,0.09009009009009009,0.05405405405405406,0.04054054054054054,0.036036036036036036,0.06306306306306306,0.05855855855855856,0.05855855855855856,0.06756756756756757,0.4189189189189189,0.42342342342342343,0.17567567567567569,0.12162162162162163,0.27927927927927926,0,1
2017-12-11,43711.94,38994.43,5354.69,295,114.03301694915254,26.744117279556228,2.986440677966102,0.5220338983050847,0.0,1.0,-0.2393156642875578,0.970941817426052,-2.4492935982947064e-16,1.0,-0.33752289959411347,0.941317317512847,2017,4,12,0,0.06440677966101695,0.07796610169491526,0.07796610169491526,0.09152542372881356,0.0711864406779661,0.030508474576271188,0.02711864406779661,0.03389830508474576,0.03389830508474576,0.05423728813559322,0.023728813559322035,0.47796610169491527,0.43050847457627117,0.12203389830508475,0.09830508474576272,0.34915254237288135,0,1
2017-12-12,46718.49,38893.2,5207.68,300,112.28506666666665,26.95202459446259,3.3466666666666667,0.58,0.7818314824680298,0.6234898018587336,-0.2393156642875578,0.970941817426052,-2.4492935982947064e-16,1.0,-0.32126966169236515,0.9469877530760751,2017,4,12,0,0.07333333333333333,0.07666666666666666,0.056666666666666664,0.056666666666666664,0.08333333333333333,0.05,0.10333333333333333,0.06333333333333334,0.023333333333333334,0.05333333333333334,0.02,0.41333333333333333,0.43333333333333335,0.12,0.16,0.2866666666666667,0,1
2017-12-13,56491.53,35373.16,4987.39,270,112.5398888888889,25.08338830309796,3.066666666666667,0.45555555555555555,0.9749279121818236,-0.22252093395631434,-0.2393156642875578,0.970941817426052,-2.4492935982947064e-16,1.0,-0.3049212246562894,0.9523775757303973,2017,4,12,0,0.1037037037037037,0.05925925925925926,0.1,0.09259259259259259,0.06666666666666667,0.037037037037037035,0.02962962962962963,0.037037037037037035,0.014814814814814815,0.04814814814814815,0.12222222222222222,0.3925925925925926,0.4925925925925926,0.11481481481481481,0.09259259259259259,0.3,0,1
2017-12-14,32528.52,29328.93,4240.85,212,118.34,29.15301343553746,2.8443396226415096,0.45754716981132076,0.43388373911755823,-0.900968867902419,-0.2393156642875578,0.970941817426052,-2.4492935982947064e-16,1.0,-0.2884824328806098,0.9574851883550389,2017,4,12,0,0.03773584905660377,0.07075471698113207,0.05188679245283019,0.12264150943396226,0.02830188679245283,0.04245283018867924,0.03773584905660377,0.04245283018867924,0.05660377358490566,0.07547169811320754,0.05660377358490566,0.41509433962264153,0.3915094339622642,0.13679245283018868,0.10377358490566038,0.36792452830188677,0,1
2017-12-15,37319.96,31310.13,4059.12,207,131.64739130434785,28.234072891229335,3.135265700483092,0.5024154589371981,-0.433883739117558,-0.9009688679024191,-0.2393156642875578,0.970941817426052,-2.4492935982947064e-16,1.0,-0.27195815753410524,0.9623090774541487,2017,4,12,0,0.03864734299516908,0.09178743961352658,0.09178743961352658,0.07729468599033816,0.06763285024154589,0.03864734299516908,0.04830917874396135,0.04830917874396135,0.057971014492753624,0.06280193236714976,0.028985507246376812,0.3864734299516908,0.3719806763285024,0.10144927536231885,0.11594202898550725,0.4106280193236715,0,1
2017-12-16,25961.68,23407.21,2710.99,151,137.061059602649,26.56796069780194,3.2781456953642385,0.5298013245033113,-0.9749279121818236,-0.2225209339563146,-0.2393156642875578,0.970941817426052,-2.4492935982947064e-16,1.0,-0.2553532951161881,0.9668478136052773,2017,4,12,1,0.0728476821192053,0.12582781456953643,0.0728476821192053,0.046357615894039736,0.09933774834437085,0.033112582781456956,0.06622516556291391,0.026490066225165563,0.026490066225165563,0.046357615894039736,0.026490066225165563,0.4304635761589404,0.4370860927152318,0.15894039735099338,0.11258278145695365,0.2913907284768212,0,1
2017-12-17,25217.48,26858.75,3112.37,161,147.4930434782609,29.40993300004185,3.1552795031055902,0.5403726708074534,-0.7818314824680299,0.6234898018587334,-0.2393156642875578,0.970941817426052,-2.4492935982947064e-16,1.0,-0.23867276600594997,0.9711000518829505,2017,4,12,1,0.11180124223602485,0.055900621118012424,0.10559006211180125,0.09316770186335403,0.06832298136645963,0.037267080745341616,0.10559006211180125,0.06832298136645963,0.012422360248447204,0.049689440993788817,0.055900621118012424,0.34782608695652173,0.4782608695652174,0.12422360248447205,0.09316770186335403,0.30434782608695654,0,1
2017-12-18,39044.69,34381.38,4670.13,230,129.17934782608697,25.817222094635664,3.291304347826087,0.508695652173913,0.0,1.0,-0.12053668025532363,0.992708874098054,-2.4492935982947064e-16,1.0,-0.22192151300416674,0.9750645322571945,2017,4,12,0,0.05652173913043478,0.13043478260869565,0.05652173913043478,0.08695652173913043,0.09565217391304348,0.034782608695652174,0.021739130434782608,0.043478260869565216,0.05217391304347826,0.05217391304347826,0.021739130434782608,0.4043478260869565,0.4,0.14782608695652175,0.12173913043478261,0.33043478260869563,0,1
2017-12-19,28709.34,24812.65,3637.54,209,101.31631578947369,29.35679276780225,2.4210526315789473,0.39712918660287083,0.7818314824680298,0.6234898018587336,-0.12053668025532363,0.992708874098054,-2.4492935982947064e-16,1.0,-0.20510449986861926,0.9787400799669153,2017,4,12,0,0.07655502392344497,0.05263157894736842,0.09090909090909091,0.10526315789473684,0.09090909090909091,0.023923444976076555,0.0861244019138756,0.05741626794258373,0.028708133971291867,0.06698564593301436,0.03349282296650718,0.36363636363636365,0.44019138755980863,0.13875598086124402,0.08133971291866028,0.3397129186602871,0,1
2017-12-20,37999.36,32781.03,4033.43,201,143.0228855721393,28.512557016105127,3.054726368159204,0.5223880597014925,0.9749279121818236,-0.22252093395631434,-0.12053668025532363,0.992708874098054,-2.4492935982947064e-16,1.0,-0.1882267098432439,0.9821256058680006,2017,4,12,0,0.06467661691542288,0.07960199004975124,0.06467661691542288,0.10945273631840796,0.03482587064676617,0.08955223880597014,0.029850746268656716,0.06467661691542288,0.06965174129353234,0.05472636815920398,0.05970149253731343,0.34328358208955223,0.34328358208955223,0.14925373134328357,0.14427860696517414,0.36318407960199006,0,1
2017-12-21,23026.62,21427.22,2953.9,158,116.91974683544304,28.434194341663435,2.8860759493670884,0.44936708860759494,0.43388373911755823,-0.900968867902419,-0.12053668025532363,0.992708874098054,-2.4492935982947064e-16,1.0,-0.1712931441814778,0.9852201067560606,2017,4,12,0,0.08227848101265822,0.08227848101265822,0.06962025316455696,0.0379746835443038,0.05063291139240506,0.0759493670886076,0.10126582278481013,0.06962025316455696,0.0379746835443038,0.0189873417721519,0.05063291139240506,0.4050632911392405,0.45569620253164556,0.0949367088607595,0.13291139240506328,0.31645569620253167,0,1
2017-12-22,20842.81,16485.24,2238.3,126,113.07095238095239,29.093108601702685,3.1825396825396823,0.5158730158730159,-0.433883739117558,-0.9009688679024191,-0.12053668025532363,0.992708874098054,-2.4492935982947064e-16,1.0,-0.154308820664281,0.9880226656636976,2017,4,12,0,0.03968253968253968,0.14285714285714285,0.07142857142857142,0.047619047619047616,0.05555555555555555,0.07936507936507936,0.03968253968253968,0.05555555555555555,0.06349206349206349,0.03968253968253968,0.06349206349206349,0.3412698412698413,0.4523809523809524,0.1111111111111111,0.0873015873015873,0.3492063492063492,0,1
2017-12-23,15561.05,14391.86,2393.61,116,103.43318965517241,30.321157333232335,3.1206896551724137,0.5,-0.9749279121818236,-0.2225209339563146,-0.12053668025532363,0.992708874098054,-2.4492935982947064e-16,1.0,-0.13727877211326517,0.9905324521322227,2017,4,12,1,0.05172413793103448,0.1206896551724138,0.08620689655172414,0.07758620689655173,0.017241379310344827,0.09482758620689655,0.09482758620689655,0.07758620689655173,0.034482758620689655,0.017241379310344827,0.05172413793103448,0.3275862068965517,0.3793103448275862,0.14655172413793102,0.14655172413793102,0.3275862068965517,0,1
2017-12-24,6814.05,6926.4800000000005,1114.16,63,92.25904761904762,27.935634333490913,2.8095238095238093,0.5238095238095238,-0.7818314824680299,0.6234898018587334,-0.12053668025532363,0.992708874098054,-2.4492935982947064e-16,1.0,-0.12020804489935275,0.9927487224577402,2017,4,12,1,0.015873015873015872,0.09523809523809523,0.1111111111111111,0.031746031746031744,0.047619047619047616,0.06349206349206349,0.1746031746031746,0.031746031746031744,0.06349206349206349,0.031746031746031744,0.015873015873015872,0.3333333333333333,0.42857142857142855,0.09523809523809523,0.06349206349206349,0.4126984126984127,0,1
2017-12-25,14231.31,12384.88,2245.45,100,101.3943,30.92824179458055,2.5,0.42,0.0,1.0,6.432490598706546e-16,1.0,-2.4492935982947064e-16,1.0,-0.10310169744743544,0.9946708199115211,2017,4,12,0,0.1,0.11,0.04,0.11,0.07,0.02,0.11,0.05,0.05,0.01,0.08,0.35,0.44,0.06,0.12,0.38,0,0
2017-12-26,27161.84,24595.1,3434.63,192,110.21078125000001,28.198450787001548,3.0208333333333335,0.4791666666666667,0.7818314824680298,0.6234898018587336,6.432490598706546e-16,1.0,-2.4492935982947064e-16,1.0,-0.0859647987374467,0.9962981749346077,2017,4,12,0,0.09375,0.10416666666666667,0.046875,0.06770833333333333,0.046875,0.08333333333333333,0.08854166666666667,0.03125,0.08854166666666667,0.026041666666666668,0.03125,0.3854166666666667,0.484375,0.11979166666666667,0.08333333333333333,0.3125,0,0
2017-12-27,24851.72,20847.02,3333.63,186,94.15801075268817,30.12269261928497,2.586021505376344,0.3978494623655914,0.9749279121818236,-0.22252093395631434,6.432490598706546e-16,1.0,-2.4492935982947064e-16,1.0,-0.06880242680232064,0.9976303053065857,2017,4,12,0,0.04838709677419355,0.10752688172043011,0.06989247311827956,0.043010752688172046,0.04838709677419355,0.03225806451612903,0.043010752688172046,0.043010752688172046,0.05913978494623656,0.03763440860215054,0.0967741935483871,0.41935483870967744,0.34946236559139787,0.0913978494623656,0.16666666666666666,0.3924731182795699,0,0
2017-12-28,19174.82,17776.02,2786.08,158,94.87303797468354,28.913964608055714,2.9746835443037973,0.569620253164557,0.43388373911755823,-0.900968867902419,6.432490598706546e-16,1.0,-2.4492935982947064e-16,1.0,-0.05161966722325418,0.9986668162884759,2017,4,12,0,0.0189873417721519,0.10126582278481013,0.0759493670886076,0.056962025316455694,0.04430379746835443,0.012658227848101266,0.04430379746835443,0.04430379746835443,0.05063291139240506,0.04430379746835443,0.08227848101265822,0.4430379746835443,0.4177215189873418,0.12658227848101267,0.17088607594936708,0.2848101265822785,0,0
2017-12-29,23120.74,20104.16,3037.62,173,98.65052023121387,28.75723117109655,2.7976878612716765,0.48554913294797686,-0.433883739117558,-0.9009688679024191,6.432490598706546e-16,1.0,-2.4492935982947064e-16,1.0,-0.034421611622745804,0.9994074007397048,2017,4,12,0,0.03468208092485549,0.11560693641618497,0.08092485549132948,0.06358381502890173,0.05202312138728324,0.04046242774566474,0.06936416184971098,0.03468208092485549,0.057803468208092484,0.005780346820809248,0.09248554913294797,0.3872832369942196,0.48554913294797686,0.16184971098265896,0.09248554913294797,0.26011560693641617,0,0
2017-12-30,17388.92,15380.63,2178.98,109,121.11605504587156,27.29470150540314,3.018348623853211,0.5229357798165137,-0.9749279121818236,-0.2225209339563146,6.432490598706546e-16,1.0,-2.4492935982947064e-16,1.0,-0.01721335615583528,0.9998518392091162,2017,4,12,1,0.03669724770642202,0.10091743119266056,0.03669724770642202,0.06422018348623854,0.01834862385321101,0.027522935779816515,0.07339449541284404,0.01834862385321101,0.027522935779816515,0.0,0.11926605504587157,0.5137614678899083,0.43119266055045874,0.13761467889908258,0.14678899082568808,0.28440366972477066,0,0
2017-12-31,10647.12,10304.11,1527.35,79,111.09822784810127,27.701316245599468,3.050632911392405,0.4936708860759494,-0.7818314824680299,0.6234898018587334,6.432490598706546e-16,1.0,-2.4492935982947064e-16,1.0,6.432490598706546e-16,1.0,2017,4,12,1,0.06329113924050633,0.0379746835443038,0.08860759493670886,0.012658227848101266,0.0759493670886076,0.0379746835443038,0.0759493670886076,0.012658227848101266,0.05063291139240506,0.0,0.02531645569620253,0.5822784810126582,0.5063291139240507,0.05063291139240506,0.05063291139240506,0.3924050632911392,0,0
2018-01-01,9717.52,8934.07,1576.16,88,83.61261363636363,30.076711233276203,3.0795454545454546,0.42045454545454547,0.0,1.0,0.12053668025532305,0.992708874098054,0.49999999999999994,0.8660254037844387,0.017213356155834685,0.9998518392091162,2018,1,1,0,0.03409090909090909,0.1590909090909091,0.10227272727272728,0.03409090909090909,0.10227272727272728,0.011363636363636364,0.03409090909090909,0.011363636363636364,0.11363636363636363,0.022727272727272728,0.03409090909090909,0.375,0.3068181818181818,0.2159090909090909,0.14772727272727273,0.32954545454545453,0,0
2018-01-02,34967.19,30704.19,4328.99,247,106.78218623481781,30.53655714942526,2.3724696356275303,0.4331983805668016,0.7818314824680298,0.6234898018587336,0.12053668025532305,0.992708874098054,0.49999999999999994,0.8660254037844387,0.03442161162274574,0.9994074007397048,2018,1,1,0,0.032388663967611336,0.10526315789473684,0.06072874493927125,0.06477732793522267,0.024291497975708502,0.02834008097165992,0.04048582995951417,0.05263157894736842,0.048582995951417005,0.044534412955465584,0.016194331983805668,0.5141700404858299,0.4048582995951417,0.16194331983805668,0.09716599190283401,0.3360323886639676,0,0
2018-01-03,42059.59,37008.56,5008.47,256,125.0003515625,28.197494695732765,2.66796875,0.46875,0.9749279121818236,-0.22252093395631434,0.12053668025532305,0.992708874098054,0.49999999999999994,0.8660254037844387,0.051619667223253764,0.998666816288476,2018,1,1,0,0.0625,0.1171875,0.0625,0.07421875,0.0390625,0.05078125,0.08203125,0.0390625,0.06640625,0.0390625,0.01171875,0.41796875,0.41796875,0.15625,0.10546875,0.3203125,0,0
2018-01-04,44553.32,41416.54,5278.56,289,125.0449134948097,26.381447505342116,2.3183391003460208,0.40484429065743943,0.43388373911755823,-0.900968867902419,0.12053668025532305,0.992708874098054,0.49999999999999994,0.8660254037844387,0.06880242680231986,0.9976303053065857,2018,1,1,0,0.1314878892733564,0.1314878892733564,0.07958477508650519,0.05536332179930796,0.02422145328719723,0.04152249134948097,0.10380622837370242,0.02422145328719723,0.03806228373702422,0.01730103806228374,0.006920415224913495,0.47750865051903113,0.4429065743944637,0.1245674740484429,0.07612456747404844,0.356401384083045,0,0
2018-01-05,39789.38,31566.3,4494.32,242,111.86768595041322,26.855984962345687,2.7520661157024793,0.47107438016528924,-0.433883739117558,-0.9009688679024191,0.12053668025532305,0.992708874098054,0.49999999999999994,0.8660254037844387,0.08596479873744647,0.9962981749346078,2018,1,1,0,0.128099173553719,0.08264462809917356,0.0743801652892562,0.05785123966942149,0.04132231404958678,0.0743801652892562,0.09090909090909091,0.08677685950413223,0.01652892561983471,0.04132231404958678,0.045454545454545456,0.3884297520661157,0.32231404958677684,0.1322314049586777,0.1446280991735537,0.40082644628099173,0,0
2018-01-06,47592.11,34484.08,5125.7699999999995,270,108.73448148148148,29.73927634391388,3.0814814814814815,0.4666666666666667,-0.9749279121818236,-0.2225209339563146,0.12053668025532305,0.992708874098054,0.49999999999999994,0.8660254037844387,0.10310169744743485,0.9946708199115211,2018,1,1,1,0.05555555555555555,0.11481481481481481,0.05925925925925926,0.06666666666666667,0.02962962962962963,0.08518518518518518,0.15925925925925927,0.02962962962962963,0.037037037037037035,0.025925925925925925,0.018518518518518517,0.37407407407407406,0.362962962962963,0.11481481481481481,0.12962962962962962,0.3925925925925926,0,0
2018-01-07,40125.56,33595.28,4689.14,224,129.04526785714285,27.3000292105236,2.8035714285714284,0.4955357142857143,-0.7818314824680299,0.6234898018587334,0.12053668025532305,0.992708874098054,0.49999999999999994,0.8660254037844387,0.1202080448993527,0.9927487224577402,2018,1,1,1,0.049107142857142856,0.10714285714285714,0.05357142857142857,0.07142857142857142,0.049107142857142856,0.049107142857142856,0.09821428571428571,0.022321428571428572,0.04017857142857143,0.044642857142857144,0.03571428571428571,0.42857142857142855,0.5,0.15625,0.08035714285714286,0.26339285714285715,0,0
2018-01-08,56948.72,44525.43,6399.03,334,114.15089820359282,28.862918737431038,2.553892215568862,0.47305389221556887,0.0,1.0,0.23931566428755774,0.970941817426052,0.49999999999999994,0.8660254037844387,0.13727877211326478,0.9905324521322229,2018,1,1,0,0.06287425149700598,0.12275449101796407,0.08083832335329341,0.08982035928143713,0.038922155688622756,0.08383233532934131,0.08383233532934131,0.029940119760479042,0.05389221556886228,0.020958083832335328,0.017964071856287425,0.3772455089820359,0.4161676646706587,0.08982035928143713,0.1437125748502994,0.3502994011976048,0,0
2018-01-09,43609.35,35927.18,5195.53,275,111.75145454545455,28.49726450931599,2.8436363636363637,0.48727272727272725,0.7818314824680298,0.6234898018587336,0.23931566428755774,0.970941817426052,0.49999999999999994,0.8660254037844387,0.15430882066428117,0.9880226656636976,2018,1,1,0,0.06545454545454546,0.08363636363636363,0.08363636363636363,0.06545454545454546,0.025454545454545455,0.08363636363636363,0.05454545454545454,0.05454545454545454,0.03636363636363636,0.03272727272727273,0.02181818181818182,0.4581818181818182,0.4109090909090909,0.09454545454545454,0.13090909090909092,0.36363636363636365,0,0
2018-01-10,63936.83,44394.9,6369.86,318,119.57559748427673,28.936219748519846,2.4654088050314464,0.4308176100628931,0.9749279121818236,-0.22252093395631434,0.23931566428755774,0.970941817426052,0.49999999999999994,0.8660254037844387,0.1712931441814776,0.9852201067560606,2018,1,1,0,0.02830188679245283,0.07861635220125786,0.0880503144654088,0.09748427672955975,0.018867924528301886,0.12264150943396226,0.06289308176100629,0.03459119496855346,0.03773584905660377,0.0220125786163522,0.03459119496855346,0.4025157232704403,0.3805031446540881,0.1289308176100629,0.1069182389937107,0.3836477987421384,0,0
2018-01-11,74893.55,48102.54,6731.14,323,128.08482972136224,29.711805547666,2.6037151702786376,0.38699690402476783,0.43388373911755823,-0.900968867902419,0.23931566428755774,0.970941817426052,0.49999999999999994,0.8660254037844387,0.1882267098432442,0.9821256058680006,2018,1,1,0,0.06811145510835913,0.10526315789473684,0.07120743034055728,0.05572755417956656,0.058823529411764705,0.1021671826625387,0.058823529411764705,0.03715170278637771,0.03715170278637771,0.018575851393188854,0.02786377708978328,0.42724458204334365,0.34674922600619196,0.1393188854489164,0.17647058823529413,0.33746130030959753,0,0
2018-01-12,51024.51,39196.05,6139.64,297,111.30104377104375,30.040119826229734,3.016835016835017,0.4983164983164983,-0.433883739117558,-0.9009688679024191,0.23931566428755774,0.970941817426052,0.49999999999999994,0.8660254037844387,0.2051044998686192,0.9787400799669153,2018,1,1,0,0.10101010101010101,0.08417508417508418,0.0707070707070707,0.05723905723905724,0.050505050505050504,0.10101010101010101,0.13131313131313133,0.04040404040404041,0.05387205387205387,0.020202020202020204,0.04713804713804714,0.3434343434343434,0.48148148148148145,0.09764309764309764,0.10101010101010101,0.31986531986531985,0,0
2018-01-13,35551.26,36193.88,4821.88,249,125.99196787148594,26.766129797157763,2.6224899598393576,0.4738955823293173,-0.9749279121818236,-0.2225209339563146,0.23931566428755774,0.970941817426052,0.49999999999999994,0.8660254037844387,0.2219215130041655,0.9750645322571948,2018,1,1,1,0.0642570281124498,0.0963855421686747,0.07228915662650602,0.09236947791164658,0.028112449799196786,0.06827309236947791,0.08032128514056225,0.07228915662650602,0.040160642570281124,0.03614457831325301,0.012048192771084338,0.40160642570281124,0.4819277108433735,0.09236947791164658,0.10441767068273092,0.321285140562249,0,0
2018-01-14,40012.88,35780.24,4502.93,257,121.70159533073931,26.02558364649303,2.669260700389105,0.5097276264591439,-0.7818314824680299,0.6234898018587334,0.23931566428755774,0.970941817426052,0.49999999999999994,0.8660254037844387,0.2386727660059501,0.9711000518829505,2018,1,1,1,0.11284046692607004,0.10894941634241245,0.07392996108949416,0.10116731517509728,0.054474708171206226,0.058365758754863814,0.06614785992217899,0.0311284046692607,0.023346303501945526,0.023346303501945526,0.038910505836575876,0.42023346303501946,0.45525291828793774,0.12062256809338522,0.10894941634241245,0.3151750972762646,0,0
2018-01-15,55718.61,49062.74,7058.41,352,119.33048295454546,27.27186264793054,2.4431818181818183,0.4318181818181818,0.0,1.0,0.3546048870425356,0.9350162426854148,0.49999999999999994,0.8660254037844387,0.255353295116187,0.9668478136052775,2018,1,1,0,0.056818181818181816,0.09090909090909091,0.07954545454545454,0.07386363636363637,0.045454545454545456,0.07386363636363637,0.09375,0.05397727272727273,0.05965909090909091,0.02556818181818182,0.022727272727272728,0.3806818181818182,0.45454545454545453,0.09659090909090909,0.10227272727272728,0.3465909090909091,0,0
2018-01-16,67127.91,50111.77,6875.48,370,116.85483783783783,28.38146776561454,2.8702702702702703,0.518918918918919,0.7818314824680298,0.6234898018587336,0.3546048870425356,0.9350162426854148,0.49999999999999994,0.8660254037844387,0.2719581575341055,0.9623090774541486,2018,1,1,0,0.08378378378378379,0.11621621621621622,0.10270270270270271,0.062162162162162166,0.02972972972972973,0.07567567567567568,0.0972972972972973,0.032432432432432434,0.04054054054054054,0.05405405405405406,0.01891891891891892,0.37027027027027026,0.47297297297297297,0.1,0.12972972972972974,0.2972972972972973,0,0
2018-01-17,44695.45,44048.53,6282.21,303,124.6413201320132,29.429165176812873,2.6303630363036303,0.46204620462046203,0.9749279121818236,-0.22252093395631434,0.3546048870425356,0.9350162426854148,0.49999999999999994,0.8660254037844387,0.288482432880609,0.9574851883550393,2018,1,1,0,0.04950495049504951,0.08250825082508251,0.07590759075907591,0.0858085808580858,0.0231023102310231,0.06930693069306931,0.08250825082508251,0.04950495049504951,0.0462046204620462,0.033003300330033,0.0231023102310231,0.429042904290429,0.41254125412541254,0.10231023102310231,0.12871287128712872,0.3564356435643564,0,0
2018-01-18,40563.24,33872.1,5284.58,284,100.66028169014085,31.39118333812693,2.482394366197183,0.4507042253521127,0.43388373911755823,-0.900968867902419,0.3546048870425356,0.9350162426854148,0.49999999999999994,0.8660254037844387,0.30492122465628907,0.9523775757303974,2018,1,1,0,0.08450704225352113,0.08098591549295775,0.0880281690140845,0.07746478873239436,0.04225352112676056,0.09507042253521127,0.12323943661971831,0.028169014084507043,0.045774647887323945,0.03873239436619718,0.014084507042253521,0.36619718309859156,0.45422535211267606,0.16901408450704225,0.0880281690140845,0.2887323943661972,0,0
2018-01-19,38003.15,32867.12,5179.48,264,104.87742424242424,30.659954414212176,2.632575757575758,0.42424242424242425,-0.433883739117558,-0.9009688679024191,0.3546048870425356,0.9350162426854148,0.49999999999999994,0.8660254037844387,0.3212696616923644,0.9469877530760753,2018,1,1,0,0.06439393939393939,0.07954545454545454,0.07575757575757576,0.08333333333333333,0.041666666666666664,0.07196969696969698,0.06818181818181818,0.056818181818181816,0.056818181818181816,0.045454545454545456,0.011363636363636364,0.4090909090909091,0.42803030303030304,0.12878787878787878,0.13257575757575757,0.3106060606060606,0,0
2018-01-20,32510.7,26887.01,4604.42,207,107.64536231884058,30.61839781148533,2.927536231884058,0.48792270531400966,-0.9749279121818236,-0.2225209339563146,0.3546048870425356,0.9350162426854148,0.49999999999999994,0.8660254037844387,0.3375228995941133,0.9413173175128471,2018,1,1,1,0.07246376811594203,0.05314009661835749,0.06763285024154589,0.07729468599033816,0.057971014492753624,0.0966183574879227,0.0821256038647343,0.05314009661835749,0.043478260869565216,0.05314009661835749,0.05314009661835749,0.36231884057971014,0.4057971014492754,0.14492753623188406,0.17391304347826086,0.2753623188405797,0,0
2018-01-21,30339.79,26969.66,4092.23,218,104.94233944954128,31.035543206575813,2.770642201834862,0.463302752293578,-0.7818314824680299,0.6234898018587334,0.3546048870425356,0.9350162426854148,0.49999999999999994,0.8660254037844387,0.3536761221763716,0.9353679493131483,2018,1,1,1,0.04128440366972477,0.13302752293577982,0.07339449541284404,0.06880733944954129,0.045871559633027525,0.045871559633027525,0.08256880733944955,0.03211009174311927,0.03669724770642202,0.04128440366972477,0.06422018348623854,0.3761467889908257,0.42660550458715596,0.0871559633027523,0.0779816513761468,0.40825688073394495,0,0
2018-01-22,54079.97,44628.94,6493.71,367,103.9107084468665,28.987220731531416,2.5749318801089918,0.42779291553133514,0.0,1.0,0.4647231720437685,0.8854560256532099,0.49999999999999994,0.8660254037844387,0.3697245428906731,0.9291414114031743,2018,1,1,0,0.04904632152588556,0.09536784741144415,0.07356948228882834,0.07629427792915532,0.04632152588555858,0.13896457765667575,0.04904632152588556,0.051771117166212535,0.03814713896457766,0.027247956403269755,0.035422343324250684,0.3678474114441417,0.45776566757493187,0.10354223433242507,0.1335149863760218,0.30517711171662126,0,0
2018-01-23,50746.04,42425.39,5810.63,313,116.98006389776359,28.284595626952353,2.702875399361022,0.5271565495207667,0.7818314824680298,0.6234898018587336,0.4647231720437685,0.8854560256532099,0.49999999999999994,0.8660254037844387,0.38566340624360707,0.9226395488404876,2018,1,1,0,0.10543130990415335,0.09904153354632587,0.11182108626198083,0.06070287539936102,0.06070287539936102,0.07987220447284345,0.07348242811501597,0.05750798722044728,0.04792332268370607,0.019169329073482427,0.02875399361022364,0.3610223642172524,0.3929712460063898,0.12140575079872204,0.1501597444089457,0.3354632587859425,0,0
2018-01-24,44646.19,39721.16,5357.32,285,120.57487719298244,28.7382401923634,2.7649122807017545,0.45964912280701753,0.9749279121818236,-0.22252093395631434,0.4647231720437685,0.8854560256532099,0.49999999999999994,0.8660254037844387,0.401487989205973,0.9158642882672872,2018,1,1,0,0.09824561403508772,0.10877192982456141,0.07368421052631578,0.10175438596491228,0.07017543859649122,0.07719298245614035,0.06315789473684211,0.042105263157894736,0.03508771929824561,0.028070175438596492,0.03508771929824561,0.3649122807017544,0.4070175438596491,0.12280701754385964,0.11929824561403508,0.3508771929824561,0,0
2018-01-25,40875.97,34385.96,5021.36,265,110.8098113207547,28.579605455820293,3.086792452830189,0.4867924528301887,0.43388373911755823,-0.900968867902419,0.4647231720437685,0.8854560256532099,0.49999999999999994,0.8660254037844387,0.4171936026123168,0.9088176373395029,2018,1,1,0,0.1018867924528302,0.1169811320754717,0.07169811320754717,0.06415094339622641,0.026415094339622643,0.12830188679245283,0.06792452830188679,0.0830188679245283,0.04905660377358491,0.045283018867924525,0.05660377358490566,0.29056603773584905,0.39245283018867927,0.12075471698113208,0.1660377358490566,0.32075471698113206,0,0
2018-01-26,47374.12,39321.11,5254.55,269,126.64148698884757,30.242275571343832,2.996282527881041,0.5130111524163569,-0.433883739117558,-0.9009688679024191,0.4647231720437685,0.8854560256532099,0.49999999999999994,0.8660254037844387,0.4327755925504312,0.901501684131884,2018,1,1,0,0.055762081784386616,0.13382899628252787,0.08178438661710037,0.06691449814126393,0.03717472118959108,0.10037174721189591,0.04460966542750929,0.03345724907063197,0.040892193308550186,0.02973977695167286,0.040892193308550186,0.3903345724907063,0.41263940520446096,0.12639405204460966,0.12267657992565056,0.3382899628252788,0,0
2018-01-27,33596.77,26020.81,3355.85,192,118.04666666666667,25.450334827248593,2.828125,0.4635416666666667,-0.9749279121818236,-0.2225209339563146,0.4647231720437685,0.8854560256532099,0.49999999999999994,0.8660254037844387,0.4482293417404106,0.893918596519257,2018,1,1,1,0.06770833333333333,0.22395833333333334,0.08333333333333333,0.057291666666666664,0.0625,0.046875,0.026041666666666668,0.026041666666666668,0.041666666666666664,0.026041666666666668,0.026041666666666668,0.3802083333333333,0.4583333333333333,0.10416666666666667,0.06770833333333333,0.3697916666666667,0,0
2018-01-28,29668.15,25992.65,3108.99,166,137.8533734939759,26.49046637488858,3.0301204819277108,0.5542168674698795,-0.7818314824680299,0.6234898018587334,0.4647231720437685,0.8854560256532099,0.49999999999999994,0.8660254037844387,0.4635502709028509,0.886070621534138,2018,1,1,1,0.07228915662650602,0.08433734939759036,0.0783132530120482,0.1144578313253012,0.04819277108433735,0.07228915662650602,0.0963855421686747,0.06626506024096386,0.0783132530120482,0.030120481927710843,0.03614457831325301,0.29518072289156627,0.4879518072289157,0.10843373493975904,0.12650602409638553,0.27710843373493976,0,0
2018-01-29,47054.55,36886.44,5615.37,294,106.36418367346938,27.42103013080522,2.7312925170068025,0.47619047619047616,0.0,1.0,0.5680647467311558,0.8229838658936564,0.49999999999999994,0.8660254037844387,0.47873384011578846,0.8779600847008882,2018,1,1,0,0.05782312925170068,0.10884353741496598,0.07482993197278912,0.14965986394557823,0.04081632653061224,0.10884353741496598,0.06462585034013606,0.06802721088435375,0.030612244897959183,0.04081632653061224,0.034013605442176874,0.2789115646258503,0.37755102040816324,0.14285714285714285,0.0782312925170068,0.4013605442176871,0,0
2018-01-30,57908.77,34499.79,5611.06,308,93.79457792207792,32.87513845229175,2.551948051948052,0.4675324675324675,0.7818314824680298,0.6234898018587336,0.5680647467311558,0.8229838658936564,0.49999999999999994,0.8660254037844387,0.49377555015997715,0.869589389346611,2018,1,1,0,0.08116883116883117,0.15584415584415584,0.048701298701298704,0.1038961038961039,0.05844155844155844,0.1396103896103896,0.022727272727272728,0.032467532467532464,0.05519480519480519,0.032467532467532464,0.032467532467532464,0.3181818181818182,0.3961038961038961,0.1331168831168831,0.1396103896103896,0.33116883116883117,0,0
2018-01-31,44174.11,38693.97,5152.01,292,114.86972602739726,27.557912472402933,2.462328767123288,0.4486301369863014,0.9749279121818236,-0.22252093395631434,0.5680647467311558,0.8229838658936564,0.49999999999999994,0.8660254037844387,0.5086709438521044,0.8609610158889943,2018,1,1,0,0.0821917808219178,0.136986301369863,0.0547945205479452,0.1095890410958904,0.07534246575342465,0.1541095890410959,0.03767123287671233,0.0410958904109589,0.07534246575342465,0.0273972602739726,0.0136986301369863,0.273972602739726,0.4315068493150685,0.16095890410958905,0.1095890410958904,0.2979452054794521,0,0
2018-02-01,61397.81,36767.87,5532.92,274,113.99616788321168,29.22824676076977,3.145985401459854,0.5291970802919708,0.43388373911755823,-0.900968867902419,0.5680647467311558,0.8229838658936564,0.8660254037844386,0.5000000000000001,0.5234156073655503,0.8520775211013093,2018,1,2,0,0.14963503649635038,0.06204379562043796,0.0948905109489051,0.06569343065693431,0.072992700729927,0.09854014598540146,0.0364963503649635,0.04744525547445255,0.05474452554744526,0.0364963503649635,0.05474452554744526,0.3759124087591241,0.4051094890510949,0.13138686131386862,0.12408759124087591,0.33941605839416056,0,0
2018-02-02,44253.98,32531.600000000002,4846.5199999999995,261,106.07310344827587,31.17551140165314,2.4827586206896552,0.4521072796934866,-0.433883739117558,-0.9009688679024191,0.5680647467311558,0.8229838658936564,0.8660254037844386,0.5000000000000001,0.5380051715382996,0.8429415373547828,2018,1,2,0,0.06130268199233716,0.08812260536398467,0.06513409961685823,0.06896551724137931,0.04980842911877394,0.10727969348659004,0.06513409961685823,0.019157088122605363,0.05363984674329502,0.04980842911877394,0.04980842911877394,0.3831417624521073,0.3831417624521073,0.07662835249042145,0.18773946360153257,0.3524904214559387,0,0
2018-02-03,30270.55,28133.93,4136.0199999999995,214,112.13976635514018,29.641814187971267,2.939252336448598,0.5,-0.9749279121818236,-0.2225209339563146,0.5680647467311558,0.8229838658936564,0.8660254037844386,0.5000000000000001,0.5524353131676196,0.8335557718385699,2018,1,2,1,0.06542056074766354,0.16355140186915887,0.06542056074766354,0.08411214953271028,0.04205607476635514,0.14953271028037382,0.028037383177570093,0.037383177570093455,0.03271028037383177,0.0514018691588785,0.014018691588785047,0.3317757009345794,0.3411214953271028,0.19158878504672897,0.1261682242990654,0.3411214953271028,0,0
2018-02-04,33067.27,28519.27,4367.81,229,105.46489082969433,29.523384941987427,3.1877729257641922,0.5458515283842795,-0.7818314824680299,0.6234898018587334,0.5680647467311558,0.8229838658936564,0.8660254037844386,0.5000000000000001,0.5667017562911176,0.8239230057575542,2018,1,2,1,0.07423580786026202,0.11353711790393013,0.1091703056768559,0.09606986899563319,0.043668122270742356,0.06986899563318777,0.056768558951965066,0.05240174672489083,0.039301310043668124,0.048034934497816595,0.017467248908296942,0.3537117903930131,0.388646288209607,0.14410480349344978,0.10043668122270742,0.36681222707423583,0,0
2018-02-05,51891.28,43003.89,6031.67,322,114.82055900621118,28.884975037755602,2.9440993788819876,0.5434782608695652,0.0,1.0,0.6631226582407952,0.7485107481711011,0.8660254037844386,0.5000000000000001,0.5808002734538009,0.8140460935082178,2018,1,2,0,0.07453416149068323,0.15217391304347827,0.07763975155279502,0.09316770186335403,0.031055900621118012,0.09316770186335403,0.06832298136645963,0.043478260869565216,0.046583850931677016,0.021739130434782608,0.043478260869565216,0.32919254658385094,0.38509316770186336,0.11801242236024845,0.14285714285714285,0.35403726708074534,0,0
2018-02-06,52302.61,40567.95,5802.89,306,113.61130718954247,25.968125093022177,2.6601307189542482,0.46405228758169936,0.7818314824680298,0.6234898018587336,0.6631226582407952,0.7485107481711011,0.8660254037844386,0.5000000000000001,0.5947266869607634,0.8039279618328213,2018,1,2,0,0.0718954248366013,0.0784313725490196,0.0784313725490196,0.10784313725490197,0.05228758169934641,0.10784313725490197,0.049019607843137254,0.058823529411764705,0.05555555555555555,0.0457516339869281,0.042483660130718956,0.3235294117647059,0.42483660130718953,0.13071895424836602,0.11437908496732026,0.3300653594771242,0,0
2018-02-07,44462.2,39311.06,5295.83,297,114.52939393939396,29.011217696370938,2.67003367003367,0.43434343434343436,0.9749279121818236,-0.22252093395631434,0.6631226582407952,0.7485107481711011,0.8660254037844386,0.5000000000000001,0.6084768701151261,0.7935716089521474,2018,1,2,0,0.07744107744107744,0.12794612794612795,0.09427609427609428,0.08080808080808081,0.030303030303030304,0.13131313131313133,0.026936026936026935,0.050505050505050504,0.05723905723905724,0.04040404040404041,0.030303030303030304,0.32996632996632996,0.39057239057239057,0.1414141414141414,0.15151515151515152,0.3164983164983165,0,0
2018-02-08,38967.9,32952.91,4650.41,261,108.43869731800767,28.356051519120935,3.007662835249042,0.4789272030651341,0.43388373911755823,-0.900968867902419,0.6631226582407952,0.7485107481711011,0.8660254037844386,0.5000000000000001,0.6220467484408675,0.7829801036770629,2018,1,2,0,0.06896551724137931,0.10727969348659004,0.08812260536398467,0.09961685823754789,0.0421455938697318,0.14942528735632185,0.034482758620689655,0.03065134099616858,0.034482758620689655,0.022988505747126436,0.0421455938697318,0.3486590038314176,0.41379310344827586,0.12260536398467432,0.1724137931034483,0.29118773946360155,0,0
2018-02-09,39636.99,35289.69,4189.34,236,131.78114406779662,26.180051186833715,2.8771186440677967,0.4745762711864407,-0.433883739117558,-0.9009688679024191,0.6631226582407952,0.7485107481711011,0.8660254037844386,0.5000000000000001,0.6354323008901774,0.7721565844991642,2018,1,2,0,0.06779661016949153,0.13135593220338984,0.11440677966101695,0.059322033898305086,0.05084745762711865,0.11864406779661017,0.0211864406779661,0.029661016949152543,0.07203389830508475,0.03389830508474576,0.0635593220338983,0.3050847457627119,0.4322033898305085,0.07203389830508475,0.11864406779661017,0.3771186440677966,0,0
2018-02-10,29680.24,25085.02,3906.26,199,106.4259296482412,29.015795422499476,3.2462311557788945,0.5879396984924623,-0.9749279121818236,-0.2225209339563146,0.6631226582407952,0.7485107481711011,0.8660254037844386,0.5000000000000001,0.6486295610349814,0.7611042586607747,2018,1,2,1,0.09045226130653267,0.1457286432160804,0.05025125628140704,0.11055276381909548,0.04522613065326633,0.09547738693467336,0.035175879396984924,0.07537688442211055,0.07035175879396985,0.020100502512562814,0.06030150753768844,0.2914572864321608,0.3969849246231156,0.12562814070351758,0.1306532663316583,0.34673366834170855,0,0
2018-02-11,33519.77,26596.34,3530.04,190,121.40157894736842,28.90672001436394,2.5052631578947366,0.4473684210526316,-0.7818314824680299,0.6234898018587334,0.6631226582407952,0.7485107481711011,0.8660254037844386,0.5000000000000001,0.6616346182422783,0.7498264012045686,2018,1,2,1,0.08947368421052632,0.13157894736842105,0.07894736842105263,0.1,0.031578947368421054,0.15789473684210525,0.03684210526315789,0.03684210526315789,0.05263157894736842,0.010526315789473684,0.05789473684210526,0.30526315789473685,0.4,0.09473684210526316,0.1,0.4052631578947368,0,0
2018-02-12,38580.35,28733.170000000002,4559.79,272,88.8727205882353,31.72757981782983,2.8308823529411766,0.4963235294117647,0.0,1.0,0.7485107481711011,0.6631226582407953,0.8660254037844386,0.5000000000000001,0.6744436188329455,0.7383263540031065,2018,1,2,0,0.08455882352941177,0.16176470588235295,0.08823529411764706,0.0661764705882353,0.025735294117647058,0.10661764705882353,0.03308823529411765,0.04411764705882353,0.05514705882352941,0.05514705882352941,0.04411764705882353,0.31985294117647056,0.5110294117647058,0.07720588235294118,0.08823529411764706,0.3235294117647059,0,0
2018-02-13,36707.45,28056.010000000002,4454.94,265,89.06064150943396,28.8641347430613,2.452830188679245,0.4867924528301887,0.7818314824680298,0.6234898018587336,0.7485107481711011,0.6631226582407953,0.8660254037844386,0.5000000000000001,0.6870527672236669,0.7266075247685656,2018,1,2,0,0.10943396226415095,0.08679245283018867,0.09433962264150944,0.0830188679245283,0.018867924528301886,0.0830188679245283,0.06037735849056604,0.04905660377358491,0.052830188679245285,0.05660377358490566,0.12075471698113208,0.2943396226415094,0.5094339622641509,0.12830188679245283,0.07924528301886792,0.2830188679245283,0,0
2018-02-14,58276.14,53973.48,7046.22,377,124.47549071618037,26.840783594720445,2.6710875331564985,0.46949602122015915,0.9749279121818236,-0.22252093395631434,0.7485107481711011,0.6631226582407953,0.8660254037844386,0.5000000000000001,0.699458327051647,0.7146733860429609,2018,1,2,0,0.11671087533156499,0.08222811671087533,0.1246684350132626,0.0636604774535809,0.013262599469496022,0.08222811671087533,0.06896551724137931,0.0610079575596817,0.034482758620689655,0.058355437665782495,0.050397877984084884,0.36074270557029176,0.44297082228116713,0.11405835543766578,0.13262599469496023,0.3103448275862069,0,0
2018-02-15,44007.61,38099.72,5596.88,313,103.8429392971246,28.463427847831756,2.5654952076677318,0.48562300319488816,0.43388373911755823,-0.900968867902419,0.7485107481711011,0.6631226582407953,0.8660254037844386,0.5000000000000001,0.7116566222817746,0.7025274741691571,2018,1,2,0,0.08626198083067092,0.09904153354632587,0.08945686900958466,0.07987220447284345,0.04153354632587859,0.0670926517571885,0.07348242811501597,0.054313099041533544,0.04153354632587859,0.07348242811501597,0.054313099041533544,0.3258785942492013,0.4696485623003195,0.07028753993610223,0.08626198083067092,0.3738019169329074,0,0
2018-02-16,43268.16,32396.13,5027.86,255,107.32654901960784,29.85446334576423,2.552941176470588,0.47058823529411764,-0.433883739117558,-0.9009688679024191,0.7485107481711011,0.6631226582407953,0.8660254037844386,0.5000000000000001,0.7236440382959124,0.6901733882429719,2018,1,2,0,0.0784313725490196,0.09019607843137255,0.08235294117647059,0.06274509803921569,0.06666666666666667,0.12549019607843137,0.06666666666666667,0.07450980392156863,0.06274509803921569,0.047058823529411764,0.03137254901960784,0.2901960784313726,0.3607843137254902,0.1607843137254902,0.12941176470588237,0.34901960784313724,0,0
2018-02-17,34566.47,29147.86,4402.38,221,111.97049773755656,27.989977093444743,2.7828054298642533,0.497737556561086,-0.9749279121818236,-0.2225209339563146,0.7485107481711011,0.6631226582407953,0.8660254037844386,0.5000000000000001,0.7354170229639855,0.6776147890466889,2018,1,2,1,0.08597285067873303,0.08144796380090498,0.058823529411764705,0.08597285067873303,0.058823529411764705,0.14027149321266968,0.08144796380090498,0.06787330316742081,0.06334841628959276,0.058823529411764705,0.00904977375565611,0.29411764705882354,0.35294117647058826,0.13574660633484162,0.10407239819004525,0.4072398190045249,0,0
2018-02-18,36367.04,29782.82,4593.35,243,103.66037037037037,31.579463535753792,2.950617283950617,0.5061728395061729,-0.7818314824680299,0.6234898018587334,0.7485107481711011,0.6631226582407953,0.8660254037844386,0.5000000000000001,0.7469720876965552,0.6648553979642865,2018,1,2,1,0.05761316872427984,0.07407407407407407,0.09053497942386832,0.1111111111111111,0.024691358024691357,0.18518518518518517,0.0411522633744856,0.05761316872427984,0.053497942386831275,0.012345679012345678,0.012345679012345678,0.3374485596707819,0.411522633744856,0.17695473251028807,0.09465020576131687,0.3168724279835391,0,0
2018-02-19,43421.65,33601.82,5526.47,295,95.17067796610169,30.43806283940765,2.5152542372881355,0.4406779661016949,0.0,1.0,0.8229838658936564,0.5680647467311559,0.8660254037844386,0.5000000000000001,0.7583058084785624,0.6518989958787126,2018,1,2,0,0.0711864406779661,0.0847457627118644,0.06440677966101695,0.07796610169491526,0.05084745762711865,0.19661016949152543,0.05423728813559322,0.0847457627118644,0.04745762711864407,0.023728813559322035,0.003389830508474576,0.31186440677966104,0.3728813559322034,0.13559322033898305,0.09830508474576272,0.39322033898305087,0,0
2018-02-20,47036.49,44731.78,6131.68,322,119.87608695652173,28.82629249048809,2.6149068322981366,0.4409937888198758,0.7818314824680298,0.6234898018587336,0.8229838658936564,0.5680647467311559,0.8660254037844386,0.5000000000000001,0.7694148268839378,0.6387494220515272,2018,1,2,0,0.07142857142857142,0.052795031055900624,0.09006211180124224,0.09627329192546584,0.062111801242236024,0.12111801242236025,0.052795031055900624,0.055900621118012424,0.037267080745341616,0.08695652173913043,0.012422360248447204,0.33229813664596275,0.37267080745341613,0.16149068322981366,0.12422360248447205,0.3416149068322981,0,0
2018-02-21,50121.67,40132.31,5722.69,314,109.58477707006371,28.468470936642234,2.745222929936306,0.46178343949044587,0.9749279121818236,-0.22252093395631434,0.8229838658936564,0.5680647467311559,0.8660254037844386,0.5000000000000001,0.7802958510707755,0.6254105729852463,2018,1,2,0,0.12420382165605096,0.05732484076433121,0.10191082802547771,0.0732484076433121,0.04777070063694268,0.1337579617834395,0.07643312101910828,0.06369426751592357,0.09235668789808917,0.028662420382165606,0.012738853503184714,0.31210191082802546,0.3885350318471338,0.18471337579617833,0.09872611464968153,0.32802547770700635,0,0
2018-02-22,94717.06,37509.97,6008.8,365,86.30457534246575,29.189022233435708,2.1671232876712327,0.4301369863013699,0.43388373911755823,-0.900968867902419,0.8229838658936564,0.5680647467311559,0.8660254037844386,0.5000000000000001,0.7909456567567772,0.6118864012687243,2018,1,2,0,0.1232876712328767,0.06575342465753424,0.08767123287671233,0.08493150684931507,0.043835616438356165,0.2219178082191781,0.0821917808219178,0.0410958904109589,0.0410958904109589,0.0410958904109589,0.0273972602739726,0.26301369863013696,0.4575342465753425,0.09863013698630137,0.12054794520547946,0.3232876712328767,0,0
2018-02-23,37789.45,34731.99,4732.43,270,111.10948148148148,28.28553871341748,2.4074074074074074,0.4666666666666667,-0.433883739117558,-0.9009688679024191,0.8229838658936564,0.5680647467311559,0.8660254037844386,0.5000000000000001,0.8013610881746766,0.5981809144059165,2018,1,2,0,0.1111111111111111,0.1037037037037037,0.08148148148148149,0.08518518518518518,0.022222222222222223,0.13333333333333333,0.07777777777777778,0.07037037037037037,0.025925925925925925,0.05925925925925926,0.025925925925925925,0.3148148148148148,0.4074074074074074,0.12962962962962962,0.1259259259259259,0.337037037037037,0,0
2018-02-24,32012.260000000002,30358.75,4383.89,221,117.53330316742081,27.29496436438087,2.8054298642533935,0.5294117647058824,-0.9749279121818236,-0.2225209339563146,0.8229838658936564,0.5680647467311559,0.8660254037844386,0.5000000000000001,0.8115390590073611,0.5842981736283684,2018,1,2,1,0.07692307692307693,0.058823529411764705,0.06787330316742081,0.08597285067873303,0.06334841628959276,0.08597285067873303,0.049773755656108594,0.09954751131221719,0.049773755656108594,0.04524886877828054,0.027149321266968326,0.3665158371040724,0.3574660633484163,0.2171945701357466,0.13122171945701358,0.29411764705882354,0,0
2018-02-25,45962.57,35118.96,5683.16,271,108.61918819188192,29.448453891930438,2.7490774907749076,0.4981549815498155,-0.7818314824680299,0.6234898018587334,0.8229838658936564,0.5680647467311559,0.8660254037844386,0.5000000000000001,0.8214765533024142,0.5702422926917871,2018,1,2,1,0.13284132841328414,0.1033210332103321,0.07749077490774908,0.07011070110701106,0.04428044280442804,0.12915129151291513,0.03690036900369004,0.03690036900369004,0.04797047970479705,0.02952029520295203,0.04428044280442804,0.3800738007380074,0.3800738007380074,0.15867158671586715,0.1033210332103321,0.35793357933579334,0,0
2018-02-26,58814.01,50003.32,6379.26,332,131.39777108433734,27.557050825797138,2.753012048192771,0.4608433734939759,0.0,1.0,0.8854560256532099,0.4647231720437686,0.8660254037844386,0.5000000000000001,0.8311706263658079,0.5560174366570446,2018,1,2,0,0.07530120481927711,0.07228915662650602,0.10843373493975904,0.08132530120481928,0.05421686746987952,0.1716867469879518,0.07530120481927711,0.045180722891566265,0.02108433734939759,0.0391566265060241,0.03614457831325301,0.29518072289156627,0.3493975903614458,0.16265060240963855,0.12048192771084337,0.3674698795180723,0,0
2018-02-27,71295.22,48593.49,6997.59,378,110.04206349206349,27.776014112759984,2.6587301587301586,0.4973544973544973,0.7818314824680298,0.6234898018587336,0.8854560256532099,0.4647231720437686,0.8660254037844386,0.5000000000000001,0.8406184056344782,0.5416278206559814,2018,1,2,0,0.1402116402116402,0.03968253968253968,0.08994708994708994,0.07142857142857142,0.03968253968253968,0.17724867724867724,0.03968253968253968,0.07142857142857142,0.026455026455026454,0.037037037037037035,0.05026455026455026,0.35714285714285715,0.4126984126984127,0.15608465608465608,0.09788359788359788,0.3333333333333333,0,0
2018-02-28,63346.15,52780.33,6823.0199999999995,361,127.305567867036,30.428391705279697,2.6094182825484764,0.4376731301939058,0.9749279121818236,-0.22252093395631434,0.8854560256532099,0.4647231720437686,0.8660254037844386,0.5000000000000001,0.8498170915275278,0.5270777086423722,2018,1,2,0,0.0997229916897507,0.08587257617728532,0.05817174515235457,0.11357340720221606,0.0443213296398892,0.12188365650969529,0.06925207756232687,0.055401662049861494,0.0221606648199446,0.0332409972299169,0.04709141274238227,0.3490304709141274,0.34349030470914127,0.1883656509695291,0.11080332409972299,0.3573407202216066,0,0
2018-03-01,64161.590000000004,46797.67,6524.74,323,124.68399380804954,28.86777283003366,2.6160990712074303,0.48297213622291024,0.43388373911755823,-0.900968867902419,0.8854560256532099,0.4647231720437686,1.0,6.123233995736766e-17,0.8587639582758029,0.5123714121284237,2018,1,3,0,0.06811145510835913,0.09287925696594428,0.07739938080495357,0.07739938080495357,0.04024767801857585,0.11764705882352941,0.08978328173374613,0.030959752321981424,0.05263157894736842,0.04643962848297214,0.015479876160990712,0.3591331269349845,0.4086687306501548,0.1393188854489164,0.09597523219814241,0.3560371517027864,0,0
2018-03-02,46237.18,38430.58,5832.11,318,102.51091194968554,28.709155688614732,2.842767295597484,0.5,-0.433883739117558,-0.9009688679024191,0.8854560256532099,0.4647231720437686,1.0,6.123233995736766e-17,0.8674563547295969,0.49751328890718066,2018,1,3,0,0.07861635220125786,0.08176100628930817,0.1069182389937107,0.07547169811320754,0.04716981132075472,0.11006289308176101,0.06918238993710692,0.05345911949685535,0.03459119496855346,0.031446540880503145,0.02830188679245283,0.36163522012578614,0.39308176100628933,0.16352201257861634,0.1320754716981132,0.3113207547169811,0,0
2018-03-03,34734.18,31766.4,4993.66,230,116.40321739130435,30.586325767215204,3.1913043478260867,0.5521739130434783,-0.9749279121818236,-0.2225209339563146,0.8854560256532099,0.4647231720437686,1.0,6.123233995736766e-17,0.8758917051442429,0.48250774176121847,2018,1,3,1,0.10434782608695652,0.11304347826086956,0.10869565217391304,0.06521739130434782,0.04782608695652174,0.12608695652173912,0.07391304347826087,0.04782608695652174,0.030434782608695653,0.021739130434782608,0.0391304347826087,0.32608695652173914,0.391304347826087,0.10869565217391304,0.09565217391304348,0.4043478260869565,0,0
2018-03-04,39226.39,36684.94,4789.86,250,127.58032,26.881027645417213,3.084,0.568,-0.7818314824680299,0.6234898018587334,0.8854560256532099,0.4647231720437686,1.0,6.123233995736766e-17,0.8840675099433636,0.4673592171580022,2018,1,3,1,0.064,0.096,0.096,0.12,0.052,0.096,0.084,0.028,0.028,0.04,0.028,0.332,0.384,0.136,0.156,0.324,0,0
2018-03-05,68409.96,45711.24,7146.36,326,118.29717791411042,30.246535555127554,3.168711656441718,0.5276073619631901,0.0,1.0,0.9350162426854148,0.35460488704253557,1.0,6.123233995736766e-17,0.8919813464595485,0.45207220393230435,2018,1,3,0,0.08895705521472393,0.0705521472392638,0.08282208588957055,0.08588957055214724,0.03374233128834356,0.1656441717791411,0.06441717791411043,0.0705521472392638,0.02147239263803681,0.03067484662576687,0.027607361963190184,0.34662576687116564,0.40797546012269936,0.147239263803681,0.0950920245398773,0.3496932515337423,0,0
2018-03-06,54157.19,46443.32,6890.16,315,125.56558730158731,31.146384824632342,2.780952380952381,0.4666666666666667,0.7818314824680298,0.6234898018587336,0.9350162426854148,0.35460488704253557,1.0,6.123233995736766e-17,0.8996308696522433,0.43665123195606403,2018,1,3,0,0.05714285714285714,0.07936507936507936,0.08253968253968254,0.08888888888888889,0.050793650793650794,0.12380952380952381,0.11746031746031746,0.044444444444444446,0.022222222222222223,0.02857142857142857,0.025396825396825397,0.33650793650793653,0.3523809523809524,0.18412698412698414,0.15555555555555556,0.30793650793650795,0,0
2018-03-07,53071.99,43089.52,6384.91,297,123.58454545454546,29.68283536566667,2.9764309764309766,0.5084175084175084,0.9749279121818236,-0.22252093395631434,0.9350162426854148,0.35460488704253557,1.0,6.123233995736766e-17,0.9070138128026359,0.4211008707960896,2018,1,3,0,0.06397306397306397,0.08754208754208755,0.07744107744107744,0.12121212121212122,0.07407407407407407,0.09764309764309764,0.06397306397306397,0.026936026936026935,0.03367003367003367,0.030303030303030304,0.020202020202020204,0.367003367003367,0.44107744107744107,0.11784511784511785,0.10101010101010101,0.3400673400673401,0,0
2018-03-08,47717.74,34311.48,5737.64,280,102.04942857142858,32.86254158133715,2.9464285714285716,0.4785714285714286,0.43388373911755823,-0.900968867902419,0.9350162426854148,0.35460488704253557,1.0,6.123233995736766e-17,0.9141279881853337,0.40542572835999735,2018,1,3,0,0.1,0.08571428571428572,0.11428571428571428,0.12857142857142856,0.04642857142857143,0.07142857142857142,0.12142857142857143,0.060714285714285714,0.04285714285714286,0.03214285714285714,0.04642857142857143,0.25,0.4142857142857143,0.13214285714285715,0.16071428571428573,0.29285714285714287,0,0
2018-03-09,40207.23,33878.02,5360.28,238,119.82243697478992,34.96350572933789,2.6848739495798317,0.46218487394957986,-0.433883739117558,-0.9009688679024191,0.9350162426854148,0.35460488704253557,1.0,6.123233995736766e-17,0.9209712877166346,0.38963044953078796,2018,1,3,0,0.046218487394957986,0.1134453781512605,0.12184873949579832,0.07563025210084033,0.07983193277310924,0.04201680672268908,0.1092436974789916,0.0546218487394958,0.06302521008403361,0.029411764705882353,0.037815126050420166,0.27310924369747897,0.3739495798319328,0.13865546218487396,0.13445378151260504,0.35294117647058826,0,0
2018-03-10,41806.17,30398.36,4538.17,209,123.73296650717703,27.557024885378727,3.9282296650717705,0.7081339712918661,-0.9749279121818236,-0.2225209339563146,0.9350162426854148,0.35460488704253557,1.0,6.123233995736766e-17,0.9275416835791966,0.37371971479046906,2018,1,3,1,0.05263157894736842,0.09090909090909091,0.09090909090909091,0.07655502392344497,0.10526315789473684,0.06220095693779904,0.06220095693779904,0.06698564593301436,0.023923444976076555,0.08133971291866028,0.028708133971291867,0.31100478468899523,0.3157894736842105,0.14354066985645933,0.11961722488038277,0.42105263157894735,0,0
2018-03-11,41603.58,36732.84,5369.16,243,129.06864197530865,31.01415430039196,3.1481481481481484,0.5679012345679012,-0.7818314824680299,0.6234898018587334,0.9350162426854148,0.35460488704253557,1.0,6.123233995736766e-17,0.9338372288229252,0.35769823883312546,2018,1,3,1,0.053497942386831275,0.07407407407407407,0.09465020576131687,0.12757201646090535,0.03292181069958848,0.053497942386831275,0.06584362139917696,0.07818930041152264,0.053497942386831275,0.01646090534979424,0.024691358024691357,0.3786008230452675,0.4074074074074074,0.09465020576131687,0.15637860082304528,0.34156378600823045,0,0
2018-03-12,40952.42,35935.03,5293.34,262,116.95301526717557,31.78222160506934,2.767175572519084,0.4847328244274809,0.0,1.0,0.970941817426052,0.23931566428755804,1.0,6.123233995736766e-17,0.9398560579418954,0.3415707691678556,2018,1,3,0,0.05343511450381679,0.08015267175572519,0.08396946564885496,0.1183206106870229,0.05725190839694656,0.07633587786259542,0.05343511450381679,0.07251908396946564,0.04580152671755725,0.05725190839694656,0.022900763358778626,0.3320610687022901,0.37404580152671757,0.15267175572519084,0.12213740458015267,0.3511450381679389,0,0
2018-03-13,49681.11,42159.24,6186.92,267,134.72779026217228,30.639299839656445,3.0749063670411987,0.4794007490636704,0.7818314824680298,0.6234898018587336,0.970941817426052,0.23931566428755804,1.0,6.123233995736766e-17,0.9455963874271426,0.3253420847119801,2018,1,3,0,0.0749063670411985,0.1348314606741573,0.06367041198501873,0.13108614232209737,0.06367041198501873,0.07865168539325842,0.06367041198501873,0.04868913857677903,0.03745318352059925,0.033707865168539325,0.0449438202247191,0.299625468164794,0.3970037453183521,0.12359550561797752,0.1797752808988764,0.299625468164794,0,0
2018-03-14,36793.12,28104.52,4891.71,238,97.53281512605042,30.589111530444725,2.861344537815126,0.5042016806722689,0.9749279121818236,-0.22252093395631434,0.970941817426052,0.23931566428755804,1.0,6.123233995736766e-17,0.9510565162951535,0.30901699437494745,2018,1,3,0,0.06302521008403361,0.1092436974789916,0.06302521008403361,0.10504201680672269,0.05042016806722689,0.09243697478991597,0.046218487394957986,0.025210084033613446,0.037815126050420166,0.029411764705882353,0.06302521008403361,0.37815126050420167,0.39915966386554624,0.1134453781512605,0.13445378151260504,0.35294117647058826,0,0
2018-03-15,59312.13,50527.73,7056.43,326,133.34754601226996,29.689698367426235,3.266871165644172,0.50920245398773,0.43388373911755823,-0.900968867902419,0.970941817426052,0.23931566428755804,1.0,6.123233995736766e-17,0.9562348265919056,0.29260033563334836,2018,1,3,0,0.06441717791411043,0.09815950920245399,0.08588957055214724,0.07975460122699386,0.06748466257668712,0.06748466257668712,0.0950920245398773,0.03374233128834356,0.049079754601226995,0.049079754601226995,0.009202453987730062,0.36503067484662577,0.4447852760736196,0.1165644171779141,0.13190184049079753,0.3067484662576687,0,0
2018-03-16,51620.07,41677.32,6450.26,308,114.37357142857142,31.63913937433182,2.581168831168831,0.4253246753246753,-0.433883739117558,-0.9009688679024191,0.970941817426052,0.23931566428755804,1.0,6.123233995736766e-17,0.9611297838723007,0.27609697309746883,2018,1,3,0,0.1038961038961039,0.08116883116883117,0.07792207792207792,0.09090909090909091,0.07467532467532467,0.07792207792207792,0.07142857142857142,0.06168831168831169,0.04220779220779221,0.02922077922077922,0.025974025974025976,0.36688311688311687,0.38311688311688313,0.16233766233766234,0.1266233766233766,0.32792207792207795,0,0
2018-03-17,31325.329999999998,23958.68,3933.81,193,103.75580310880828,29.449388697944286,3.243523316062176,0.5751295336787565,-0.9749279121818236,-0.2225209339563146,0.970941817426052,0.23931566428755804,1.0,6.123233995736766e-17,0.9657399376548549,0.2595117970697999,2018,1,3,1,0.04145077720207254,0.09326424870466321,0.09326424870466321,0.10880829015544041,0.06735751295336788,0.08808290155440414,0.03626943005181347,0.02072538860103627,0.06217616580310881,0.05181347150259067,0.015544041450777202,0.3626943005181347,0.43005181347150256,0.10362694300518134,0.07772020725388601,0.38860103626943004,0,0
2018-03-18,39871.91,37778.17,5184.54,245,133.03522448979592,26.84792991480201,3.0693877551020408,0.5795918367346938,-0.7818314824680299,0.6234898018587334,0.970941817426052,0.23931566428755804,1.0,6.123233995736766e-17,0.9700639218515071,0.2428497220959356,2018,1,3,1,0.08571428571428572,0.10204081632653061,0.053061224489795916,0.061224489795918366,0.053061224489795916,0.061224489795918366,0.07346938775510205,0.053061224489795916,0.02040816326530612,0.061224489795918366,0.04081632653061224,0.4204081632653061,0.5061224489795918,0.12653061224489795,0.061224489795918366,0.30612244897959184,0,0
2018-03-19,76100.04,52080.89,7958.31,366,120.55349726775957,30.57425456916632,3.112021857923497,0.4726775956284153,0.0,1.0,0.992708874098054,0.120536680255323,1.0,6.123233995736766e-17,0.9741004551724205,0.22611568550828828,2018,1,3,0,0.04918032786885246,0.11202185792349727,0.06557377049180328,0.07650273224043716,0.060109289617486336,0.11748633879781421,0.060109289617486336,0.07923497267759563,0.03278688524590164,0.03825136612021858,0.03551912568306011,0.3224043715846995,0.5382513661202186,0.09016393442622951,0.07923497267759563,0.2923497267759563,0,0
2018-03-20,54544.01,46219.36,7616.03,367,105.18618528610355,33.5932176740938,2.370572207084469,0.44141689373297005,0.7818314824680298,0.6234898018587336,0.992708874098054,0.120536680255323,1.0,6.123233995736766e-17,0.9778483415056568,0.20931464596304847,2018,1,3,0,0.07084468664850137,0.1008174386920981,0.11716621253405994,0.0681198910081744,0.02452316076294278,0.08174386920980926,0.09264305177111716,0.0653950953678474,0.03814713896457766,0.03814713896457766,0.0326975476839237,0.3405994550408719,0.4114441416893733,0.11444141689373297,0.1553133514986376,0.3188010899182561,0,0
2018-03-21,51161.3,48441.24,6950.18,323,128.45529411764704,30.50897533747237,2.8823529411764706,0.4953560371517028,0.9749279121818236,-0.22252093395631434,0.992708874098054,0.120536680255323,1.0,6.123233995736766e-17,0.9813064702716093,0.19245158197082998,2018,1,3,0,0.07739938080495357,0.09907120743034056,0.07430340557275542,0.07739938080495357,0.04953560371517028,0.07120743034055728,0.0804953560371517,0.030959752321981424,0.04643962848297214,0.04953560371517028,0.02476780185758514,0.39628482972136225,0.4520123839009288,0.10526315789473684,0.10835913312693499,0.33436532507739936,0,0
2018-03-22,44346.04,36793.28,5880.01,298,103.73580536912752,29.878196080763946,2.5838926174496644,0.47315436241610737,0.43388373911755823,-0.900968867902419,0.992708874098054,0.120536680255323,1.0,6.123233995736766e-17,0.9844738167520922,0.1755314904214282,2018,1,3,0,0.07046979865771812,0.12416107382550336,0.06711409395973154,0.08053691275167785,0.030201342281879196,0.09395973154362416,0.050335570469798654,0.06040268456375839,0.06040268456375839,0.05704697986577181,0.016778523489932886,0.35906040268456374,0.44966442953020136,0.08389261744966443,0.1610738255033557,0.3053691275167785,0,0
2018-03-23,41694.22,31681.97,4832.42,248,108.26431451612903,31.498979771627436,2.649193548387097,0.4637096774193548,-0.433883739117558,-0.9009688679024191,0.992708874098054,0.120536680255323,1.0,6.123233995736766e-17,0.9873494423939864,0.15855938510313475,2018,1,3,0,0.03225806451612903,0.07258064516129033,0.05241935483870968,0.07258064516129033,0.056451612903225805,0.15725806451612903,0.05241935483870968,0.04435483870967742,0.056451612903225805,0.06854838709677419,0.028225806451612902,0.3387096774193548,0.5241935483870968,0.08064516129032258,0.11290322580645161,0.28225806451612906,0,0
2018-03-24,33620.11,27684.8,3900.54,191,124.5249214659686,28.446979581310927,3.43979057591623,0.5549738219895288,-0.9749279121818236,-0.2225209339563146,0.992708874098054,0.120536680255323,1.0,6.123233995736766e-17,0.989932495087353,0.141540295217043,2018,1,3,1,0.04712041884816754,0.09947643979057591,0.020942408376963352,0.09947643979057591,0.06806282722513089,0.06806282722513089,0.05759162303664921,0.05759162303664921,0.05235602094240838,0.05759162303664921,0.04712041884816754,0.3717277486910995,0.47643979057591623,0.06806282722513089,0.14136125654450263,0.31413612565445026,0,0
2018-03-25,40070.71,32423.04,4875.73,243,113.36341563786009,33.47514193555364,2.9588477366255144,0.5061728395061729,-0.7818314824680299,0.6234898018587334,0.992708874098054,0.120536680255323,1.0,6.123233995736766e-17,0.9922222094179323,0.12447926388678915,2018,1,3,1,0.01646090534979424,0.16049382716049382,0.053497942386831275,0.0823045267489712,0.04526748971193416,0.03292181069958848,0.05761316872427984,0.0411522633744856,0.03292181069958848,0.03292181069958848,0.03292181069958848,0.4279835390946502,0.43621399176954734,0.12757201646090535,0.102880658436214,0.3333333333333333,0,0
2018-03-26,53124.25,47843.25,6500.68,325,127.20790769230769,28.870961052806052,2.513846153846154,0.48923076923076925,0.0,1.0,1.0,-1.6081226496766366e-16,1.0,6.123233995736766e-17,0.994217906893952,0.10738134666416309,2018,1,3,0,0.08307692307692308,0.06153846153846154,0.08615384615384615,0.08615384615384615,0.03076923076923077,0.12615384615384614,0.07384615384615385,0.024615384615384615,0.046153846153846156,0.055384615384615386,0.036923076923076927,0.3723076923076923,0.4461538461538462,0.1476923076923077,0.09538461538461539,0.31076923076923074,0,0
2018-03-27,56779.32,43463.54,6113.95,297,125.75619528619528,28.111297180778443,2.8181818181818183,0.4377104377104377,0.7818314824680298,0.6234898018587336,1.0,-1.6081226496766366e-16,1.0,6.123233995736766e-17,0.995918996147179,0.09025161003104117,2018,1,3,0,0.09764309764309764,0.08417508417508418,0.06060606060606061,0.12121212121212122,0.030303030303030304,0.13468013468013468,0.0707070707070707,0.037037037037037035,0.030303030303030304,0.04040404040404041,0.04713804713804714,0.3434343434343434,0.4478114478114478,0.1447811447811448,0.11447811447811448,0.29292929292929293,0,0
2018-03-28,36505.25,32307.92,4586.39,241,115.02709543568464,26.730518400530592,2.5228215767634854,0.45228215767634855,0.9749279121818236,-0.22252093395631434,1.0,-1.6081226496766366e-16,1.0,6.123233995736766e-17,0.9973249731081555,0.07309512989807777,2018,1,3,0,0.04149377593360996,0.0995850622406639,0.08713692946058091,0.07883817427385892,0.07053941908713693,0.11203319502074689,0.07053941908713693,0.029045643153526972,0.04149377593360996,0.04564315352697095,0.04564315352697095,0.31950207468879666,0.48132780082987553,0.12448132780082988,0.07883817427385892,0.3153526970954357,0,0
2018-03-29,38275.2,33574.78,4668.94,229,126.22637554585152,29.84042192096877,2.506550218340611,0.43231441048034935,0.43388373911755823,-0.900968867902419,1.0,-1.6081226496766366e-16,1.0,6.123233995736766e-17,0.9984354211555643,0.055916990100603484,2018,1,3,0,0.0611353711790393,0.1222707423580786,0.08296943231441048,0.056768558951965066,0.056768558951965066,0.0611353711790393,0.08733624454148471,0.06550218340611354,0.0611353711790393,0.05240174672489083,0.034934497816593885,0.31877729257641924,0.4192139737991266,0.12663755458515283,0.1222707423580786,0.3318777292576419,0,0
2018-03-30,33646.43,26981.42,4310.31,192,118.07869791666667,32.53703234861727,3.0416666666666665,0.5364583333333334,-0.433883739117558,-0.9009688679024191,1.0,-1.6081226496766366e-16,1.0,6.123233995736766e-17,0.9992500112396835,0.03872228089217446,2018,1,3,0,0.08333333333333333,0.125,0.08854166666666667,0.13020833333333334,0.046875,0.015625,0.11458333333333333,0.041666666666666664,0.052083333333333336,0.020833333333333332,0.010416666666666666,0.3541666666666667,0.3645833333333333,0.16145833333333334,0.125,0.3489583333333333,0,0
2018-03-31,41217.22,29077.1,3887.98,196,128.51591836734693,27.761352522897056,3.377551020408163,0.5663265306122449,-0.9749279121818236,-0.2225209339563146,1.0,-1.6081226496766366e-16,1.0,6.123233995736766e-17,0.9997685019798909,0.021516097436222254,2018,1,3,1,0.09183673469387756,0.1377551020408163,0.05612244897959184,0.05612244897959184,0.04081632653061224,0.07142857142857142,0.030612244897959183,0.0663265306122449,0.061224489795918366,0.030612244897959183,0.030612244897959183,0.41836734693877553,0.42857142857142855,0.08163265306122448,0.10714285714285714,0.3826530612244898,0,0
2018-04-01,41021.22,34921.35,5007.89,234,127.83529914529915,28.875727673227928,3.0641025641025643,0.5213675213675214,-0.7818314824680299,0.6234898018587334,1.0,-1.6081226496766366e-16,0.8660254037844387,-0.4999999999999998,0.9999907397361901,0.004303538296244289,2018,2,4,1,0.05555555555555555,0.08547008547008547,0.09829059829059829,0.08547008547008547,0.05982905982905983,0.06837606837606838,0.07264957264957266,0.0641025641025641,0.05128205128205128,0.05128205128205128,0.05128205128205128,0.31196581196581197,0.44017094017094016,0.13247863247863248,0.11538461538461539,0.31196581196581197,0,0
2018-04-02,68276.17,48394.17,7833.38,345,117.56750724637682,28.066017894125473,2.869565217391304,0.5130434782608696,0.0,1.0,0.992708874098054,-0.12053668025532288,0.8660254037844387,-0.4999999999999998,0.9999166586547379,-0.01291029607500882,2018,2,4,0,0.03188405797101449,0.09565217391304348,0.04057971014492753,0.11304347826086956,0.06086956521739131,0.1072463768115942,0.09855072463768116,0.02318840579710145,0.02318840579710145,0.0463768115942029,0.017391304347826087,0.3739130434782609,0.4434782608695652,0.14492753623188406,0.08695652173913043,0.32463768115942027,0,0
2018-04-03,49737.61,42193.35,5783.64,281,129.57192170818504,29.169675284222503,2.6654804270462633,0.47330960854092524,0.7818314824680298,0.6234898018587336,0.992708874098054,-0.12053668025532288,0.8660254037844387,-0.4999999999999998,0.9995462806873573,-0.030120304846908114,2018,2,4,0,0.03914590747330961,0.06761565836298933,0.07829181494661921,0.09608540925266904,0.07829181494661921,0.09252669039145907,0.05338078291814947,0.046263345195729534,0.021352313167259787,0.046263345195729534,0.021352313167259787,0.398576512455516,0.498220640569395,0.07829181494661921,0.1103202846975089,0.31316725978647686,0,0
2018-04-04,52464.409999999996,43317.82,5798.71,294,127.61602040816327,28.641408472283455,2.67687074829932,0.40816326530612246,0.9749279121818236,-0.22252093395631434,0.992708874098054,-0.12053668025532288,0.8660254037844387,-0.4999999999999998,0.9988797155850336,-0.04732138832243185,2018,2,4,0,0.04421768707482993,0.08843537414965986,0.09183673469387756,0.09863945578231292,0.04081632653061224,0.08843537414965986,0.06462585034013606,0.03741496598639456,0.02040816326530612,0.04081632653061224,0.04421768707482993,0.3843537414965986,0.4897959183673469,0.12244897959183673,0.08163265306122448,0.30612244897959184,0,0
2018-04-05,51483.4,47843.07,6527.64,309,133.7068932038835,29.450071406894658,2.7249190938511325,0.4401294498381877,0.43388373911755823,-0.900968867902419,0.992708874098054,-0.12053668025532288,0.8660254037844387,-0.4999999999999998,0.9979171608653922,-0.06450844944931623,2018,2,4,0,0.061488673139158574,0.09385113268608414,0.0744336569579288,0.08737864077669903,0.07766990291262135,0.06472491909385113,0.07766990291262135,0.061488673139158574,0.025889967637540454,0.06796116504854369,0.019417475728155338,0.34951456310679613,0.459546925566343,0.08414239482200647,0.1262135922330097,0.3300970873786408,0,0
2018-04-06,39881.88,31684.95,4287.9,210,130.46214285714285,28.708449303751,2.5,0.45714285714285713,-0.433883739117558,-0.9009688679024191,0.992708874098054,-0.12053668025532288,0.8660254037844387,-0.4999999999999998,0.9966589017541702,-0.08167639533042241,2018,2,4,0,0.03333333333333333,0.1,0.10476190476190476,0.05238095238095238,0.02857142857142857,0.06666666666666667,0.06666666666666667,0.047619047619047616,0.05714285714285714,0.05238095238095238,0.014285714285714285,0.4095238095238095,0.46190476190476193,0.14285714285714285,0.07142857142857142,0.3238095238095238,0,0
2018-04-07,33202.38,28558.39,3443.93,182,137.99153846153845,26.94017847362822,2.868131868131868,0.4945054945054945,-0.9749279121818236,-0.2225209339563146,0.992708874098054,-0.12053668025532288,0.8660254037844387,-0.4999999999999998,0.9951053111006976,-0.09882013873287143,2018,2,4,1,0.07142857142857142,0.11538461538461539,0.0989010989010989,0.06593406593406594,0.054945054945054944,0.07142857142857142,0.04395604395604396,0.04945054945054945,0.04395604395604396,0.054945054945054944,0.04395604395604396,0.35714285714285715,0.5,0.1043956043956044,0.09340659340659341,0.3021978021978022,0,0
2018-04-08,33580.54,28635.15,4434.01,214,113.08943925233645,31.3663939459143,2.9345794392523366,0.5654205607476636,-0.7818314824680299,0.6234898018587334,0.992708874098054,-0.12053668025532288,0.8660254037844387,-0.4999999999999998,0.9932568492674143,-0.11593459959550041,2018,2,4,1,0.0794392523364486,0.14018691588785046,0.08411214953271028,0.07009345794392523,0.04672897196261682,0.08411214953271028,0.1261682242990654,0.06074766355140187,0.02336448598130841,0.02336448598130841,0.02336448598130841,0.3177570093457944,0.4158878504672897,0.1588785046728972,0.11214953271028037,0.3130841121495327,0,0
2018-04-09,68048.62,57044.76,6607.92,293,172.13938566552903,28.36400873280962,2.744027303754266,0.49829351535836175,0.0,1.0,0.9709418174260521,-0.2393156642875575,0.8660254037844387,-0.4999999999999998,0.9911140639934547,-0.1330147065341959,2018,2,4,0,0.05802047781569966,0.08191126279863481,0.08191126279863481,0.09215017064846416,0.030716723549488054,0.07849829351535836,0.06484641638225255,0.034129692832764506,0.027303754266211604,0.07167235494880546,0.030716723549488054,0.4061433447098976,0.4334470989761092,0.13310580204778158,0.12627986348122866,0.30716723549488056,0,0
2018-04-10,38604.28,32134.68,4513.79,229,120.6152401746725,30.45069742290091,2.7423580786026203,0.5240174672489083,0.7818314824680298,0.6234898018587336,0.9709418174260521,-0.2393156642875575,0.8660254037844387,-0.4999999999999998,0.9886775902323405,-0.1500553983446526,2018,2,4,0,0.08296943231441048,0.08733624454148471,0.06986899563318777,0.0611353711790393,0.056768558951965066,0.039301310043668124,0.07860262008733625,0.1091703056768559,0.008733624454148471,0.039301310043668124,0.03056768558951965,0.4192139737991266,0.49344978165938863,0.09170305676855896,0.09606986899563319,0.31877729257641924,0,0
2018-04-11,52496.42,46710.81,6386.2,307,131.35052117263845,29.504866398123294,2.811074918566775,0.4495114006514658,0.9749279121818236,-0.22252093395631434,0.9709418174260521,-0.2393156642875575,0.8660254037844387,-0.4999999999999998,0.9859481499638304,-0.16705162550211924,2018,2,4,0,0.09120521172638436,0.11400651465798045,0.09446254071661238,0.10423452768729642,0.04234527687296417,0.05211726384364821,0.06840390879478828,0.06514657980456026,0.04234527687296417,0.04560260586319218,0.035830618892508145,0.3355048859934853,0.44299674267100975,0.08794788273615635,0.13680781758957655,0.3322475570032573,0,0
2018-04-12,51314.06,40311.42,5948.28,303,113.40970297029703,30.68609914826754,2.66006600660066,0.48184818481848185,0.43388373911755823,-0.900968867902419,0.9709418174260521,-0.2393156642875575,0.8660254037844387,-0.4999999999999998,0.9829265519799822,-0.18399835165768005,2018,2,4,0,0.066006600660066,0.10891089108910891,0.07920792079207921,0.09570957095709572,0.033003300330033,0.0891089108910891,0.07920792079207921,0.0462046204620462,0.0891089108910891,0.0429042904290429,0.0165016501650165,0.3201320132013201,0.45874587458745875,0.11551155115511551,0.1419141914191419,0.2838283828382838,0,0
2018-04-13,45724.21,35083.65,5209.45,237,126.05147679324895,29.53733198857106,2.392405063291139,0.45147679324894513,-0.433883739117558,-0.9009688679024191,0.9709418174260521,-0.2393156642875575,0.8660254037844387,-0.4999999999999998,0.9796136916454901,-0.20089055513063506,2018,2,4,0,0.0970464135021097,0.12658227848101267,0.0970464135021097,0.05063291139240506,0.05063291139240506,0.05907172995780591,0.046413502109704644,0.10970464135021098,0.02531645569620253,0.046413502109704644,0.016877637130801686,0.37130801687763715,0.4092827004219409,0.14767932489451477,0.11392405063291139,0.3291139240506329,0,0
2018-04-14,32521.690000000002,22642.96,3598.88,175,108.82331428571429,32.629947017887396,2.7257142857142855,0.5142857142857142,-0.9749279121818236,-0.2225209339563146,0.9709418174260521,-0.2393156642875575,0.8660254037844387,-0.4999999999999998,0.9760105506323683,-0.21772323039653177,2018,2,4,1,0.08571428571428572,0.09714285714285714,0.10285714285714286,0.06857142857142857,0.06285714285714286,0.045714285714285714,0.05714285714285714,0.08,0.04,0.04,0.04,0.3657142857142857,0.41714285714285715,0.18285714285714286,0.09714285714285714,0.3028571428571429,0,0
2018-04-15,47585.57,37241.76,6064.43,266,117.208007518797,30.248236259755345,3.142857142857143,0.5639097744360902,-0.7818314824680299,0.6234898018587334,0.9709418174260521,-0.2393156642875575,0.8660254037844387,-0.4999999999999998,0.9721181966290613,-0.23449138957040985,2018,2,4,1,0.03759398496240601,0.09398496240601503,0.10902255639097744,0.06390977443609022,0.02631578947368421,0.02631578947368421,0.07894736842105263,0.018796992481203006,0.041353383458646614,0.045112781954887216,0.03007518796992481,0.46616541353383456,0.5338345864661654,0.09022556390977443,0.09398496240601503,0.2819548872180451,0,0
2018-04-16,58619.63,48878.92,7239.86,338,123.19248520710059,28.35543529842467,2.5532544378698225,0.4408284023668639,0.0,1.0,0.9350162426854148,-0.35460488704253545,0.8660254037844387,-0.4999999999999998,0.9679377830240642,-0.25119006388481935,2018,2,4,0,0.05325443786982249,0.07100591715976332,0.08579881656804733,0.0621301775147929,0.0621301775147929,0.09467455621301775,0.09171597633136094,0.05029585798816568,0.05029585798816568,0.05029585798816568,0.023668639053254437,0.35798816568047337,0.4467455621301775,0.11242603550295859,0.10059171597633136,0.34023668639053256,0,0
2018-04-17,61501.8,41287.24,5897.22,322,109.90689440993788,28.013412641084162,2.6925465838509317,0.4658385093167702,0.7818314824680298,0.6234898018587336,0.9350162426854148,-0.35460488704253545,0.8660254037844387,-0.4999999999999998,0.9634705485641488,-0.2678143051621742,2018,2,4,0,0.040372670807453416,0.12422360248447205,0.046583850931677016,0.062111801242236024,0.040372670807453416,0.08695652173913043,0.06832298136645963,0.059006211180124224,0.049689440993788817,0.049689440993788817,0.059006211180124224,0.35403726708074534,0.39751552795031053,0.13975155279503104,0.12111801242236025,0.3416149068322981,0,0
2018-04-18,56408.62,47594.86,6954.53,320,127.00103125000001,28.847950322837686,2.771875,0.475,0.9749279121818236,-0.22252093395631434,0.9350162426854148,-0.35460488704253545,0.8660254037844387,-0.4999999999999998,0.9587178169872964,-0.2843591872810034,2018,2,4,0,0.053125,0.1,0.059375,0.071875,0.04375,0.115625,0.084375,0.059375,0.021875,0.053125,0.025,0.365625,0.3625,0.140625,0.10625,0.390625,0,0
2018-04-19,87291.61,51191.49,6835.56,366,121.19106557377049,28.014093344695862,2.726775956284153,0.43169398907103823,0.43388373911755823,-0.900968867902419,0.9350162426854148,-0.35460488704253545,0.8660254037844387,-0.4999999999999998,0.9536809966304457,-0.30081980763566735,2018,2,4,0,0.06557377049180328,0.08196721311475409,0.08196721311475409,0.05737704918032787,0.04644808743169399,0.07103825136612021,0.10109289617486339,0.06557377049180328,0.040983606557377046,0.03278688524590164,0.09016393442622951,0.33060109289617484,0.3989071038251366,0.13114754098360656,0.13934426229508196,0.33060109289617484,0,0
2018-04-20,40631.33,32372.22,4381.19,233,120.13317596566523,27.383161630228155,2.763948497854077,0.5021459227467812,-0.433883739117558,-0.9009688679024191,0.9350162426854148,-0.35460488704253545,0.8660254037844387,-0.4999999999999998,0.9483615800121715,-0.3171912885891061,2018,2,4,0,0.034334763948497854,0.08583690987124463,0.09871244635193133,0.05150214592274678,0.10300429184549356,0.02575107296137339,0.07296137339055794,0.08583690987124463,0.08583690987124463,0.02145922746781116,0.030042918454935622,0.33905579399141633,0.4721030042918455,0.15021459227467812,0.07296137339055794,0.30472103004291845,0,0
2018-04-21,25220.43,23308.98,3592.82,173,113.96624277456647,28.561224022555308,2.901734104046243,0.5317919075144508,-0.9749279121818236,-0.2225209339563146,0.9350162426854148,-0.35460488704253545,0.8660254037844387,-0.4999999999999998,0.9427611433904207,-0.3334687789181868,2018,2,4,1,0.04046242774566474,0.06936416184971098,0.09826589595375723,0.057803468208092484,0.05202312138728324,0.057803468208092484,0.09826589595375723,0.06936416184971098,0.028901734104046242,0.046242774566473986,0.011560693641618497,0.41040462427745666,0.4277456647398844,0.15606936416184972,0.13872832369942195,0.2774566473988439,0,0
2018-04-22,39577.62,32618.89,4792.49,239,116.4284518828452,28.381498596085663,2.9539748953974896,0.5439330543933054,-0.7818314824680299,0.6234898018587334,0.9350162426854148,-0.35460488704253545,0.8660254037844387,-0.4999999999999998,0.9368813462954315,-0.3496474552512284,2018,2,4,1,0.0502092050209205,0.12133891213389121,0.0794979079497908,0.03765690376569038,0.07531380753138076,0.02510460251046025,0.10460251046025104,0.06276150627615062,0.03347280334728033,0.04602510460251046,0.0502092050209205,0.36401673640167365,0.4309623430962343,0.1087866108786611,0.1087866108786611,0.3514644351464435,0,0
2018-04-23,51779.08,45810.68,7114.4400000000005,342,113.14690058479532,30.553154545337552,2.695906432748538,0.4853801169590643,0.0,1.0,0.8854560256532099,-0.4647231720437685,0.8660254037844387,-0.4999999999999998,0.9307239310379795,-0.36572252349726897,2018,2,4,0,0.06140350877192982,0.0935672514619883,0.11403508771929824,0.05555555555555555,0.07309941520467836,0.06140350877192982,0.08771929824561403,0.05555555555555555,0.04678362573099415,0.038011695906432746,0.04093567251461988,0.3333333333333333,0.4502923976608187,0.0847953216374269,0.09649122807017543,0.3684210526315789,0,0
2018-04-24,64042.3,49877.13,6897.7699999999995,317,135.58157728706624,27.648354194719555,2.7444794952681386,0.5236593059936908,0.7818314824680298,0.6234898018587336,0.8854560256532099,-0.4647231720437685,0.8660254037844387,-0.4999999999999998,0.9242907221930933,-0.3816892202666588,2018,2,4,0,0.08832807570977919,0.07255520504731862,0.08517350157728706,0.07886435331230283,0.10410094637223975,0.050473186119873815,0.07570977917981073,0.056782334384858045,0.056782334384858045,0.025236593059936908,0.03785488958990536,0.35646687697160884,0.4353312302839117,0.11041009463722397,0.07886435331230283,0.3753943217665615,0,0
2018-04-25,56126.32,47331.12,6347.13,322,127.27947204968943,24.934639832145606,3.0093167701863353,0.5372670807453416,0.9749279121818236,-0.22252093395631434,0.8854560256532099,-0.4647231720437685,0.8660254037844387,-0.4999999999999998,0.9175836260593937,-0.39754281428255595,2018,2,4,0,0.059006211180124224,0.09006211180124224,0.09006211180124224,0.09006211180124224,0.07453416149068323,0.062111801242236024,0.034161490683229816,0.049689440993788817,0.031055900621118012,0.052795031055900624,0.040372670807453416,0.38509316770186336,0.41304347826086957,0.17080745341614906,0.09316770186335403,0.32298136645962733,0,0
2018-04-26,46738.65,38568.81,5365.77,300,110.6768,24.197737767307874,2.9133333333333336,0.4633333333333333,0.43388373911755823,-0.900968867902419,0.8854560256532099,-0.4647231720437685,0.8660254037844387,-0.4999999999999998,0.9106046300942162,-0.4132786077829042,2018,2,4,0,0.06,0.07,0.14333333333333334,0.08,0.13666666666666666,0.03666666666666667,0.08,0.07666666666666666,0.02666666666666667,0.04666666666666667,0.03333333333333333,0.27,0.44,0.08333333333333333,0.15666666666666668,0.32,0,0
2018-04-27,63304.79,45928.7,5897.5,289,138.51626297577855,28.118292548964508,2.9411764705882355,0.5363321799307958,-0.433883739117558,-0.9009688679024191,0.8854560256532099,-0.4647231720437685,0.8660254037844387,-0.4999999999999998,0.9033558023246845,-0.4288919379124835,2018,2,4,0,0.0726643598615917,0.09688581314878893,0.0657439446366782,0.02422145328719723,0.09342560553633218,0.058823529411764705,0.07958477508650519,0.08996539792387544,0.020761245674740483,0.02768166089965398,0.03460207612456748,0.4083044982698962,0.45674740484429066,0.11764705882352941,0.1245674740484429,0.30103806228373703,0,0
2018-04-28,32339.89,26803.7,3583.06,202,114.95366336633663,29.382228871519757,2.396039603960396,0.4306930693069307,-0.9749279121818236,-0.2225209339563146,0.8854560256532099,-0.4647231720437685,0.8660254037844387,-0.4999999999999998,0.895839290734909,-0.4443781781046132,2018,2,4,1,0.04455445544554455,0.07920792079207921,0.054455445544554455,0.11386138613861387,0.0891089108910891,0.039603960396039604,0.04455445544554455,0.07920792079207921,0.01485148514851485,0.04950495049504951,0.034653465346534656,0.400990099009901,0.5396039603960396,0.15841584158415842,0.06435643564356436,0.2376237623762376,0,0
2018-04-29,26997.18,24515.14,3818.41,195,106.13707692307692,28.348245848480637,2.835897435897436,0.5025641025641026,-0.7818314824680299,0.6234898018587334,0.8854560256532099,-0.4647231720437685,0.8660254037844387,-0.4999999999999998,0.8880573226294932,-0.45973273945210397,2018,2,4,1,0.041025641025641026,0.09743589743589744,0.07692307692307693,0.06153846153846154,0.09230769230769231,0.041025641025641026,0.13846153846153847,0.07179487179487179,0.02564102564102564,0.03076923076923077,0.046153846153846156,0.31794871794871793,0.40512820512820513,0.13333333333333333,0.11794871794871795,0.3435897435897436,0,0
2018-04-30,52614.62,41337.32,5454.73,286,125.46360139860138,26.934870342217895,2.5839160839160837,0.44405594405594406,0.0,1.0,0.8229838658936565,-0.5680647467311557,0.8660254037844387,-0.4999999999999998,0.8800122039735357,-0.47495107206704995,2018,2,4,0,0.07342657342657342,0.0979020979020979,0.1048951048951049,0.07692307692307693,0.08741258741258741,0.04895104895104895,0.05944055944055944,0.04895104895104895,0.027972027972027972,0.03496503496503497,0.06993006993006994,0.34265734265734266,0.44405594405594406,0.11188811188811189,0.16433566433566432,0.27972027972027974,0,0
2018-05-01,42893.69,39549.44,5479.25,292,116.67873287671233,26.94642727959066,2.702054794520548,0.5136986301369864,0.7818314824680298,0.6234898018587336,0.8229838658936565,-0.5680647467311557,0.49999999999999994,-0.8660254037844387,0.8717063187093218,-0.4900286664290592,2018,2,5,0,0.08561643835616438,0.11986301369863013,0.10273972602739725,0.0684931506849315,0.08904109589041095,0.0547945205479452,0.06164383561643835,0.06164383561643835,0.017123287671232876,0.04452054794520548,0.03767123287671233,0.3424657534246575,0.4143835616438356,0.11301369863013698,0.1267123287671233,0.3458904109589041,0,0
2018-05-02,56633.049999999996,45567.83,6449.92,361,108.35986149584488,25.544244049862826,2.6260387811634347,0.43213296398891965,0.9749279121818236,-0.22252093395631434,0.8229838658936565,-0.5680647467311557,0.49999999999999994,-0.8660254037844387,0.8631421280499114,-0.5049610547215204,2018,2,5,0,0.04155124653739612,0.07202216066481995,0.18559556786703602,0.038781163434903045,0.10249307479224377,0.05817174515235457,0.05263157894736842,0.055401662049861494,0.024930747922437674,0.030470914127423823,0.10249307479224377,0.2770083102493075,0.47645429362880887,0.12465373961218837,0.09141274238227147,0.3074792243767313,0,0
2018-05-03,64332.88,50971.48,8188.94,368,116.25690217391305,28.49272419009349,2.5815217391304346,0.4429347826086957,0.43388373911755823,-0.900968867902419,0.8229838658936565,-0.5680647467311557,0.49999999999999994,-0.8660254037844387,0.854322169749827,-0.5197438121555155,2018,2,5,0,0.08423913043478261,0.0625,0.08695652173913043,0.07065217391304347,0.09782608695652174,0.0625,0.08423913043478261,0.06521739130434782,0.021739130434782608,0.043478260869565216,0.057065217391304345,0.34782608695652173,0.4157608695652174,0.15217391304347827,0.08967391304347826,0.3423913043478261,0,0
2018-05-04,55162.81,45339.99,5814.43,312,126.68448717948718,25.07780232864894,3.0384615384615383,0.5224358974358975,-0.433883739117558,-0.9009688679024191,0.8229838658936565,-0.5680647467311557,0.49999999999999994,-0.8660254037844387,0.8452490573530633,-0.5343725582809786,2018,2,5,0,0.05448717948717949,0.09294871794871795,0.10576923076923077,0.08653846153846154,0.11858974358974358,0.038461538461538464,0.0673076923076923,0.04807692307692308,0.02564102564102564,0.05448717948717949,0.035256410256410256,0.3269230769230769,0.40384615384615385,0.13141025641025642,0.10576923076923077,0.358974358974359,0,0
2018-05-05,40131.12,32388.420000000002,4371.58,221,126.77303167420814,25.394168310575903,2.914027149321267,0.5203619909502263,-0.9749279121818236,-0.2225209339563146,0.8229838658936565,-0.5680647467311557,0.49999999999999994,-0.8660254037844387,0.8359254794186372,-0.548842958284719,2018,2,5,1,0.03619909502262444,0.10407239819004525,0.11764705882352941,0.04524886877828054,0.12669683257918551,0.058823529411764705,0.07239819004524888,0.09502262443438914,0.03619909502262444,0.03167420814479638,0.02262443438914027,0.2895927601809955,0.4343891402714932,0.09502262443438914,0.08597285067873303,0.38461538461538464,0,0
2018-05-06,37094.2,32876.13,4405.58,236,120.63792372881356,27.134359389146542,3.2542372881355934,0.6101694915254238,-0.7818314824680299,0.6234898018587334,0.8229838658936565,-0.5680647467311557,0.49999999999999994,-0.8660254037844387,0.8263541987239096,-0.5631507242749186,2018,2,5,1,0.059322033898305086,0.11016949152542373,0.0847457627118644,0.05508474576271186,0.08898305084745763,0.03389830508474576,0.07627118644067797,0.11016949152542373,0.03389830508474576,0.05084745762711865,0.01694915254237288,0.3389830508474576,0.423728813559322,0.1271186440677966,0.08050847457627118,0.3686440677966102,0,0
2018-05-07,76101.97,61763.37,8209.84,416,128.73444711538463,27.508011293654786,2.8653846153846154,0.5072115384615384,0.0,1.0,0.7485107481711013,-0.663122658240795,0.49999999999999994,-0.8660254037844387,0.8165380514459161,-0.5772916165517272,2018,2,5,0,0.057692307692307696,0.06971153846153846,0.11538461538461539,0.05048076923076923,0.10096153846153846,0.040865384615384616,0.0625,0.06490384615384616,0.04326923076923077,0.03125,0.038461538461538464,0.38221153846153844,0.44471153846153844,0.09375,0.1346153846153846,0.3269230769230769,0,0
2018-05-08,66593.77,54289.72,6910.8,379,125.01034300791557,25.051484436639967,2.994722955145119,0.5171503957783641,0.7818314824680298,0.6234898018587336,0.7485107481711013,-0.663122658240795,0.49999999999999994,-0.8660254037844387,0.8064799463209448,-0.5912614448635781,2018,2,5,0,0.0316622691292876,0.0870712401055409,0.11873350923482849,0.06596306068601583,0.12928759894459102,0.0395778364116095,0.08179419525065963,0.079155672823219,0.036939313984168866,0.036939313984168866,0.026385224274406333,0.29815303430079154,0.43271767810026385,0.12401055408970976,0.12401055408970976,0.31926121372031663,0,0
2018-05-09,67826.88,51432.44,7669.16,401,109.13536159600997,26.922634337927434,2.6982543640897756,0.48877805486284287,0.9749279121818236,-0.22252093395631434,0.7485107481711013,-0.663122658240795,0.49999999999999994,-0.8660254037844387,0.7961828637826158,-0.6050560696488488,2018,2,5,0,0.06234413965087282,0.0773067331670823,0.10972568578553615,0.08977556109725686,0.08229426433915212,0.059850374064837904,0.09476309226932668,0.057356608478802994,0.034912718204488775,0.03740648379052369,0.00997506234413965,0.34663341645885287,0.42643391521197005,0.14713216957605985,0.12967581047381546,0.2967581047381546,0,0
2018-05-10,79346.18000000001,66022.32,7815.45,339,171.70168141592922,29.15784797115285,3.112094395280236,0.5634218289085545,0.43388373911755823,-0.900968867902419,0.7485107481711013,-0.663122658240795,0.49999999999999994,-0.8660254037844387,0.7856498550787147,-0.6186714032625031,2018,2,5,0,0.05604719764011799,0.07079646017699115,0.12979351032448377,0.04129793510324484,0.10914454277286136,0.07669616519174041,0.09144542772861357,0.10324483775811209,0.017699115044247787,0.038348082595870206,0.038348082595870206,0.2831858407079646,0.36578171091445427,0.13864306784660768,0.13569321533923304,0.35988200589970504,0,0
2018-05-11,59935.19,44905.57,5567.37,297,132.45185185185184,26.478377180046138,2.760942760942761,0.4983164983164983,-0.433883739117558,-0.9009688679024191,0.7485107481711013,-0.663122658240795,0.49999999999999994,-0.8660254037844387,0.7748840413670407,-0.6321034111873487,2018,2,5,0,0.04377104377104377,0.06397306397306397,0.12794612794612795,0.05723905723905724,0.04377104377104377,0.05723905723905724,0.07407407407407407,0.06734006734006734,0.026936026936026935,0.03367003367003367,0.02356902356902357,0.42424242424242425,0.40404040404040403,0.13468013468013468,0.12794612794612795,0.3333333333333333,0,0
2018-05-12,43493.3,36872.07,5911.96,261,118.62111111111112,36.3027702345616,2.9885057471264367,0.5210727969348659,-0.9749279121818236,-0.2225209339563146,0.7485107481711013,-0.663122658240795,0.49999999999999994,-0.8660254037844387,0.7638886127905428,-0.6453481132295501,2018,2,5,1,0.034482758620689655,0.0421455938697318,0.05363984674329502,0.038314176245210725,0.08812260536398467,0.15708812260536398,0.06130268199233716,0.07279693486590039,0.05363984674329502,0.08045977011494253,0.03065134099616858,0.3218390804597701,0.3448275862068966,0.13409961685823754,0.13026819923371646,0.39080459770114945,0,0
2018-05-13,46263.03,36517.07,4938.58,249,126.82124497991967,28.23789669374552,3.566265060240964,0.5943775100401606,-0.7818314824680299,0.6234898018587334,0.7485107481711013,-0.663122658240795,0.49999999999999994,-0.8660254037844387,0.7526668275320085,-0.6584015846980488,2018,2,5,1,0.08433734939759036,0.09236947791164658,0.0642570281124498,0.09236947791164658,0.10441767068273092,0.0642570281124498,0.0642570281124498,0.0963855421686747,0.024096385542168676,0.024096385542168676,0.01606425702811245,0.357429718875502,0.4538152610441767,0.13654618473895583,0.10441767068273092,0.30522088353413657,0,0
2018-05-14,73720.19,62519.53,8359.85,416,130.19153846153847,28.294125334426916,2.9711538461538463,0.5048076923076923,0.0,1.0,0.6631226582407952,-0.7485107481711012,0.49999999999999994,-0.8660254037844387,0.7412220108485958,-0.6712599575675313,2018,2,5,0,0.04326923076923077,0.10576923076923077,0.0673076923076923,0.07692307692307693,0.07211538461538461,0.06490384615384616,0.04567307692307692,0.07451923076923077,0.021634615384615384,0.052884615384615384,0.038461538461538464,0.3798076923076923,0.4495192307692308,0.1346153846153846,0.12259615384615384,0.2932692307692308,0,0
2018-05-15,79651.47,50879.76,8645.3,437,96.64636155606406,29.1562562841981,3.217391304347826,0.5217391304347826,0.7818314824680298,0.6234898018587336,0.6631226582407952,-0.7485107481711012,0.49999999999999994,-0.8660254037844387,0.7295575540864875,-0.6839194216246106,2018,2,5,0,0.041189931350114416,0.12356979405034325,0.08695652173913043,0.057208237986270026,0.04805491990846682,0.06636155606407322,0.08924485125858124,0.11212814645308924,0.02517162471395881,0.029748283752860413,0.02288329519450801,0.33867276887871856,0.43935926773455375,0.13043478260869565,0.13958810068649885,0.2906178489702517,0,0
2018-05-16,79530.96,65642.9,8616.29,414,137.7454347826087,26.815745842838346,2.9082125603864735,0.5144927536231884,0.9749279121818236,-0.22252093395631434,0.6631226582407952,-0.7485107481711012,0.49999999999999994,-0.8660254037844387,0.717676913675962,-0.6963762255968722,2018,2,5,0,0.04106280193236715,0.1111111111111111,0.0748792270531401,0.06521739130434782,0.04830917874396135,0.057971014492753624,0.08695652173913043,0.08454106280193237,0.036231884057971016,0.050724637681159424,0.024154589371980676,0.35990338164251207,0.5,0.10869565217391304,0.1111111111111111,0.28019323671497587,0,0
2018-05-17,42833.46,35641.68,4519.07,258,120.63027131782945,27.328603500598472,2.9302325581395348,0.5077519379844961,0.43388373911755823,-0.900968867902419,0.6631226582407952,-0.7485107481711012,0.49999999999999994,-0.8660254037844387,0.705583610107178,-0.7086266782644596,2018,2,5,0,0.04263565891472868,0.08139534883720931,0.09689922480620156,0.08527131782945736,0.050387596899224806,0.05426356589147287,0.10077519379844961,0.03875968992248062,0.031007751937984496,0.046511627906976744,0.046511627906976744,0.3682170542635659,0.4883720930232558,0.11627906976744186,0.12790697674418605,0.26744186046511625,0,0
2018-05-18,46733.36,36504.97,4860.84,282,112.21322695035461,26.888639425564286,2.9113475177304964,0.48226950354609927,-0.433883739117558,-0.9009688679024191,0.6631226582407952,-0.7485107481711012,0.49999999999999994,-0.8660254037844387,0.6932812268869777,-0.7206671495538609,2018,2,5,0,0.11347517730496454,0.08865248226950355,0.05673758865248227,0.0425531914893617,0.03900709219858156,0.07092198581560284,0.0851063829787234,0.11347517730496454,0.02127659574468085,0.06382978723404255,0.04964539007092199,0.36879432624113473,0.6063829787234043,0.0851063829787234,0.10283687943262411,0.20567375886524822,0,0
2018-05-19,34834.1,28944.61,3269.34,177,145.05802259887005,30.195317029415893,3.022598870056497,0.480225988700565,-0.9749279121818236,-0.2225209339563146,0.6631226582407952,-0.7485107481711012,0.49999999999999994,-0.8660254037844387,0.6807734094770161,-0.7324940716135789,2018,2,5,1,0.12429378531073447,0.07344632768361582,0.06779661016949153,0.07344632768361582,0.06779661016949153,0.022598870056497175,0.06779661016949153,0.07344632768361582,0.04519774011299435,0.02824858757062147,0.0903954802259887,0.3898305084745763,0.5932203389830508,0.15254237288135594,0.07344632768361582,0.1807909604519774,0,0
2018-05-20,29059.7,23234.78,3573.21,195,100.8285641025641,28.500710003796605,3.2205128205128206,0.5435897435897435,-0.7818314824680299,0.6234898018587334,0.6631226582407952,-0.7485107481711012,0.49999999999999994,-0.8660254037844387,0.6680638642135335,-0.7441039398713607,2018,2,5,1,0.046153846153846156,0.10256410256410256,0.09743589743589744,0.046153846153846156,0.06153846153846154,0.05128205128205128,0.11282051282051282,0.07692307692307693,0.020512820512820513,0.035897435897435895,0.041025641025641026,0.35384615384615387,0.4564102564102564,0.13333333333333333,0.10256410256410256,0.3076923076923077,0,0
2018-05-21,40773.93,29026.2,4255.13,237,104.51928270042194,27.88478141945903,2.4430379746835444,0.4345991561181435,0.0,1.0,0.5680647467311558,-0.8229838658936564,0.49999999999999994,-0.8660254037844387,0.6551563572090853,-0.7554933140726803,2018,2,5,0,0.0379746835443038,0.0759493670886076,0.06751054852320675,0.06329113924050633,0.08016877637130802,0.0759493670886076,0.09282700421940929,0.06329113924050633,0.029535864978902954,0.02109704641350211,0.02109704641350211,0.4092827004219409,0.5527426160337553,0.0970464135021097,0.10548523206751055,0.24472573839662448,0,0
2018-05-22,54255.13,33204.92,4426.53,239,120.41167364016736,25.41571802459624,2.405857740585774,0.4225941422594142,0.7818314824680298,0.6234898018587336,0.5680647467311558,-0.8229838658936564,0.49999999999999994,-0.8660254037844387,0.6420547132365637,-0.766658819300159,2018,2,5,0,0.06694560669456066,0.16736401673640167,0.12552301255230125,0.04184100418410042,0.04602510460251046,0.12133891213389121,0.06694560669456066,0.07531380753138076,0.02092050209205021,0.03765690376569038,0.012552301255230125,0.28451882845188287,0.606694560669456,0.06694560669456066,0.12552301255230125,0.200836820083682,0,0
2018-05-23,25213.08,21444.75,3012.2,161,114.48788819875776,29.778032781906365,2.813664596273292,0.40993788819875776,0.9749279121818236,-0.22252093395631434,0.5680647467311558,-0.8229838658936564,0.49999999999999994,-0.8660254037844387,0.6287628145958344,-0.7775971469736269,2018,2,5,0,0.043478260869565216,0.14906832298136646,0.06832298136645963,0.062111801242236024,0.018633540372670808,0.09316770186335403,0.055900621118012424,0.049689440993788817,0.031055900621118012,0.043478260869565216,0.018633540372670808,0.40993788819875776,0.5590062111801242,0.10559006211180125,0.09937888198757763,0.2360248447204969,0,0
2018-05-24,27678.31,22837.66,2258.68,134,153.5744776119403,26.153001619430604,2.6492537313432836,0.44776119402985076,0.43388373911755823,-0.900968867902419,0.5680647467311558,-0.8229838658936564,0.49999999999999994,-0.8660254037844387,0.6152845999633276,-0.7883050558305255,2018,2,5,0,0.029850746268656716,0.12686567164179105,0.09701492537313433,0.05970149253731343,0.05223880597014925,0.007462686567164179,0.03731343283582089,0.06716417910447761,0.022388059701492536,0.04477611940298507,0.08208955223880597,0.40298507462686567,0.6791044776119403,0.08955223880597014,0.04477611940298507,0.1865671641791045,0,0
2018-05-25,31744.489999999998,18251.47,2270.75,130,122.92861538461538,28.781075915128948,3.269230769230769,0.46923076923076923,-0.433883739117558,-0.9009688679024191,0.5680647467311558,-0.8229838658936564,0.49999999999999994,-0.8660254037844387,0.6016240632249226,-0.7987793728863649,2018,2,5,0,0.06153846153846154,0.12307692307692308,0.08461538461538462,0.015384615384615385,0.03076923076923077,0.03076923076923077,0.1,0.06923076923076923,0.06153846153846154,0.046153846153846156,0.06153846153846154,0.3769230769230769,0.5384615384615384,0.1076923076923077,0.06923076923076923,0.2846153846153846,0,0
2018-05-26,22477.56,16914.09,2114.92,116,127.57905172413793,23.408451104916445,3.75,0.6551724137931034,-0.9749279121818236,-0.2225209339563146,0.5680647467311558,-0.8229838658936564,0.49999999999999994,-0.8660254037844387,0.5877852522924732,-0.8090169943749473,2018,2,5,1,0.09482758620689655,0.15517241379310345,0.12931034482758622,0.034482758620689655,0.08620689655172414,0.04310344827586207,0.06896551724137931,0.10344827586206896,0.034482758620689655,0.017241379310344827,0.05172413793103448,0.27586206896551724,0.46551724137931033,0.13793103448275862,0.06896551724137931,0.3275862068965517,0,0
2018-05-27,16482.08,15383.37,2303.38,120,108.99991666666666,31.942143617530228,2.816666666666667,0.5,-0.7818314824680299,0.6234898018587334,0.5680647467311558,-0.8229838658936564,0.49999999999999994,-0.8660254037844387,0.5737722679043246,-0.8190148866680801,2018,2,5,1,0.05,0.1,0.041666666666666664,0.06666666666666667,0.06666666666666667,0.03333333333333333,0.075,0.10833333333333334,0.058333333333333334,0.025,0.075,0.35,0.4166666666666667,0.175,0.08333333333333333,0.325,0,0
2018-05-28,40268.34,30637.32,3538.05,174,155.74293103448275,25.91405396909185,3.074712643678161,0.5114942528735632,0.0,1.0,0.46472317204376906,-0.8854560256532096,0.49999999999999994,-0.8660254037844387,0.5595892624101765,-0.8287700871745038,2018,2,5,0,0.06321839080459771,0.13218390804597702,0.06321839080459771,0.06321839080459771,0.05747126436781609,0.08620689655172414,0.07471264367816093,0.13218390804597702,0.034482758620689655,0.028735632183908046,0.034482758620689655,0.29310344827586204,0.4827586206896552,0.09770114942528736,0.1206896551724138,0.2988505747126437,0,0
2018-05-29,36424.9,31150.95,4092.19,180,150.32644444444443,30.263884811306763,2.838888888888889,0.45,0.7818314824680298,0.6234898018587336,0.46472317204376906,-0.8854560256532096,0.49999999999999994,-0.8660254037844387,0.545240438540651,-0.8382797052177744,2018,2,5,0,0.044444444444444446,0.09444444444444444,0.09444444444444444,0.09444444444444444,0.05555555555555555,0.03888888888888889,0.10555555555555556,0.06666666666666667,0.03333333333333333,0.022222222222222223,0.05555555555555555,0.3388888888888889,0.4444444444444444,0.16666666666666666,0.08888888888888889,0.3,0,0
2018-05-30,30571.11,22902.02,3421.58,160,121.75274999999999,28.05190577030322,2.775,0.4875,0.9749279121818236,-0.22252093395631434,0.46472317204376906,-0.8854560256532096,0.49999999999999994,-0.8660254037844387,0.5307300481619334,-0.8475409228928311,2018,2,5,0,0.09375,0.1375,0.1,0.075,0.05,0.05,0.0375,0.1125,0.05625,0.025,0.00625,0.35,0.36875,0.125,0.14375,0.3625,0,0
2018-05-31,33469.72,27997.6,3175.62,151,164.38397350993378,28.63028135727002,3.2781456953642385,0.6225165562913907,0.43388373911755823,-0.900968867902419,0.46472317204376906,-0.8854560256532096,0.49999999999999994,-0.8660254037844387,0.5160623910158528,-0.8565509959010036,2018,2,5,0,0.0728476821192053,0.09271523178807947,0.08609271523178808,0.0728476821192053,0.12582781456953643,0.019867549668874173,0.052980132450331126,0.11258278145695365,0.039735099337748346,0.026490066225165563,0.033112582781456956,0.33774834437086093,0.4966887417218543,0.10596026490066225,0.11258278145695365,0.2847682119205298,0,0
2018-06-01,65404.79,37767.75,5084.34,216,151.31208333333333,28.50037452231445,3.3194444444444446,0.5277777777777778,-0.433883739117558,-0.9009688679024191,0.46472317204376906,-0.8854560256532096,1.2246467991473532e-16,-1.0,0.5012418134457758,-0.865307254363206,2018,2,6,0,0.06944444444444445,0.08333333333333333,0.06944444444444445,0.05555555555555555,0.08333333333333333,0.032407407407407406,0.06018518518518518,0.11574074074074074,0.032407407407407406,0.037037037037037035,0.009259259259259259,0.4212962962962963,0.44907407407407407,0.1111111111111111,0.09722222222222222,0.3425925925925926,0,0
2018-06-02,31978.98,29340.44,3750.27,162,157.96401234567904,27.2103129269463,3.271604938271605,0.5370370370370371,-0.9749279121818236,-0.2225209339563146,0.46472317204376906,-0.8854560256532096,1.2246467991473532e-16,-1.0,0.48627270710868997,-0.8738071036110808,2018,2,6,1,0.030864197530864196,0.11728395061728394,0.10493827160493827,0.04938271604938271,0.11728395061728394,0.012345679012345678,0.08641975308641975,0.07407407407407407,0.018518518518518517,0.06790123456790123,0.024691358024691357,0.3271604938271605,0.43209876543209874,0.17901234567901234,0.12345679012345678,0.2654320987654321,0,0
2018-06-03,38381.38,35643.54,4472.44,227,137.31762114537443,26.654782054269468,3.0088105726872247,0.5242290748898678,-0.7818314824680299,0.6234898018587334,0.46472317204376906,-0.8854560256532096,1.2246467991473532e-16,-1.0,0.4711595076738638,-0.8820480249558537,2018,2,6,1,0.1013215859030837,0.0881057268722467,0.13215859030837004,0.07048458149779736,0.039647577092511016,0.030837004405286344,0.07488986784140969,0.13215859030837004,0.02643171806167401,0.030837004405286344,0.013215859030837005,0.36123348017621143,0.5330396475770925,0.14096916299559473,0.07048458149779736,0.2555066079295154,0,0
2018-06-04,40007.54,34867.32,5903.86,264,109.71007575757575,32.946899057068684,2.5454545454545454,0.42045454545454547,0.0,1.0,0.35460488704253584,-0.9350162426854147,1.2246467991473532e-16,-1.0,0.4559066935084588,-0.8900275764346767,2018,2,6,0,0.0946969696969697,0.12878787878787878,0.07954545454545454,0.05303030303030303,0.03787878787878788,0.07196969696969698,0.030303030303030304,0.10227272727272728,0.030303030303030304,0.03787878787878788,0.022727272727272728,0.4053030303030303,0.4962121212121212,0.10227272727272728,0.09090909090909091,0.3106060606060606,0,0
2018-06-05,54581.48,40210.64,5565.49,245,141.4087755102041,30.136516582237153,2.910204081632653,0.5387755102040817,0.7818314824680298,0.6234898018587336,0.35460488704253584,-0.9350162426854147,1.2246467991473532e-16,-1.0,0.440518784350495,-0.8977433935342337,2018,2,6,0,0.044897959183673466,0.13877551020408163,0.11428571428571428,0.044897959183673466,0.012244897959183673,0.07346938775510205,0.06938775510204082,0.07346938775510205,0.02040816326530612,0.044897959183673466,0.044897959183673466,0.363265306122449,0.46122448979591835,0.10612244897959183,0.11836734693877551,0.3142857142857143,0,0
2018-06-06,45097.55,33087.85,6267.37,285,94.10694736842105,34.88033493318406,2.8701754385964913,0.5368421052631579,0.9749279121818236,-0.22252093395631434,0.35460488704253584,-0.9350162426854147,1.2246467991473532e-16,-1.0,0.42500033996955416,-0.9051931898913974,2018,2,6,0,0.056140350877192984,0.09473684210526316,0.10175438596491228,0.06315789473684211,0.07368421052631578,0.08070175438596491,0.031578947368421054,0.08421052631578947,0.021052631578947368,0.07719298245614035,0.03859649122807018,0.3333333333333333,0.4245614035087719,0.10526315789473684,0.12280701754385964,0.3473684210526316,0,0
2018-06-07,52537.72,45243.35,6093.43,272,143.9335294117647,27.271559547861834,2.9779411764705883,0.5367647058823529,0.43388373911755823,-0.900968867902419,0.35460488704253584,-0.9350162426854147,1.2246467991473532e-16,-1.0,0.4093559588156213,-0.9123747579707273,2018,2,6,0,0.10661764705882353,0.16544117647058823,0.11397058823529412,0.058823529411764705,0.058823529411764705,0.08088235294117647,0.03676470588235294,0.06985294117647059,0.01838235294117647,0.025735294117647058,0.029411764705882353,0.34191176470588236,0.4227941176470588,0.15441176470588236,0.09191176470588236,0.33088235294117646,0,0
2018-06-08,41266.3,31648.329999999998,4996.07,238,111.9842857142857,31.179840961463885,2.6470588235294117,0.5126050420168067,-0.433883739117558,-0.9009688679024191,0.35460488704253584,-0.9350162426854147,1.2246467991473532e-16,-1.0,0.39359027665646673,-0.9192859697186104,2018,2,6,0,0.0546218487394958,0.07563025210084033,0.15966386554621848,0.025210084033613446,0.07983193277310924,0.06722689075630252,0.03361344537815126,0.12605042016806722,0.025210084033613446,0.04201680672268908,0.02100840336134454,0.3445378151260504,0.4327731092436975,0.1092436974789916,0.1638655462184874,0.29411764705882354,0,0
2018-06-09,41430.73,34913.07,4748.23,191,157.93109947643978,30.009980864119967,3.5654450261780104,0.5759162303664922,-0.9749279121818236,-0.2225209339563146,0.35460488704253584,-0.9350162426854147,1.2246467991473532e-16,-1.0,0.3777079652039649,-0.9259247771938498,2018,2,6,1,0.04712041884816754,0.14659685863874344,0.10471204188481675,0.031413612565445025,0.05759162303664921,0.04712041884816754,0.06806282722513089,0.08376963350785341,0.041884816753926704,0.03664921465968586,0.02617801047120419,0.35602094240837695,0.4607329842931937,0.08900523560209424,0.07853403141361257,0.3717277486910995,0,0
2018-06-10,35986.47,31720.16,4916.52,229,117.04646288209607,30.455338668958472,3.427947598253275,0.5895196506550219,-0.7818314824680299,0.6234898018587334,0.35460488704253584,-0.9350162426854147,1.2246467991473532e-16,-1.0,0.36171373072976765,-0.9322892131745133,2018,2,6,1,0.043668122270742356,0.1615720524017467,0.12663755458515283,0.03056768558951965,0.05240174672489083,0.03056768558951965,0.013100436681222707,0.14847161572052403,0.03056768558951965,0.07423580786026202,0.008733624454148471,0.3231441048034934,0.49344978165938863,0.09606986899563319,0.08733624454148471,0.3231441048034934,0,0
2018-06-11,76270.14,58887.36,7939.96,349,145.9810888252149,29.58994755876952,3.017191977077364,0.5071633237822349,0.0,1.0,0.23931566428755768,-0.970941817426052,1.2246467991473532e-16,-1.0,0.3456123126707335,-0.9383773917408641,2018,2,6,0,0.06303724928366762,0.09742120343839542,0.09742120343839542,0.054441260744985676,0.08022922636103152,0.054441260744985676,0.06017191977077364,0.08022922636103152,0.022922636103151862,0.034383954154727794,0.02865329512893983,0.38968481375358166,0.4383954154727794,0.12320916905444126,0.12034383954154727,0.31805157593123207,0,0
2018-06-12,57109.29,48764.54,6651.59,311,135.4114147909968,31.001847429311397,3.0707395498392285,0.4790996784565916,0.7818314824680298,0.6234898018587336,0.23931566428755768,-0.970941817426052,1.2246467991473532e-16,-1.0,0.3294084822245304,-0.9441875088341993,2018,2,6,0,0.02572347266881029,0.09003215434083602,0.1189710610932476,0.1189710610932476,0.07395498392282958,0.05466237942122187,0.04823151125401929,0.06430868167202572,0.05787781350482315,0.03215434083601286,0.03536977491961415,0.3054662379421222,0.4855305466237942,0.1414790996784566,0.09646302250803858,0.2765273311897106,0,0
2018-06-13,52580.4,43394.25,7382.97,316,113.95974683544303,30.678783571914423,3.180379746835443,0.5316455696202531,0.9749279121818236,-0.22252093395631434,0.23931566428755768,-0.970941817426052,1.2246467991473532e-16,-1.0,0.3131070409358269,-0.9497178427914316,2018,2,6,0,0.03481012658227848,0.08860759493670886,0.16139240506329114,0.07278481012658228,0.06329113924050633,0.028481012658227847,0.04746835443037975,0.0949367088607595,0.028481012658227847,0.03164556962025317,0.02531645569620253,0.3575949367088608,0.4240506329113924,0.12341772151898735,0.12341772151898735,0.3291139240506329,0,0
2018-06-14,37909.16,33232.79,5284.39,239,116.93891213389122,27.851785123168746,2.8828451882845187,0.5523012552301255,0.43388373911755823,-0.900968867902419,0.23931566428755768,-0.970941817426052,1.2246467991473532e-16,-1.0,0.29671281927349075,-0.9549667548552551,2018,2,6,0,0.06694560669456066,0.14225941422594143,0.1589958158995816,0.06276150627615062,0.07531380753138076,0.05439330543933055,0.0502092050209205,0.06276150627615062,0.016736401673640166,0.03347280334728033,0.012552301255230125,0.3305439330543933,0.45188284518828453,0.0794979079497908,0.14225941422594143,0.3263598326359833,0,0
2018-06-15,36950.16,33584.76,5167.98,216,131.55916666666667,32.72155326092051,2.9027777777777777,0.49537037037037035,-0.433883739117558,-0.9009688679024191,0.23931566428755768,-0.970941817426052,1.2246467991473532e-16,-1.0,0.28023067519921585,-0.9599326896597447,2018,2,6,0,0.06481481481481481,0.09259259259259259,0.1527777777777778,0.05092592592592592,0.06481481481481481,0.032407407407407406,0.0787037037037037,0.06481481481481481,0.032407407407407406,0.023148148148148147,0.013888888888888888,0.39351851851851855,0.41203703703703703,0.1574074074074074,0.1527777777777778,0.2777777777777778,0,0
2018-06-16,31852.4,29069.510000000002,4486.56,180,136.57194444444445,30.62711423677245,3.172222222222222,0.55,-0.9749279121818236,-0.2225209339563146,0.23931566428755768,-0.970941817426052,1.2246467991473532e-16,-1.0,0.26366549272800704,-0.9646141756912435,2018,2,6,1,0.03333333333333333,0.14444444444444443,0.08333333333333333,0.06666666666666667,0.08333333333333333,0.06111111111111111,0.05,0.07222222222222222,0.044444444444444446,0.05,0.022222222222222223,0.32222222222222224,0.35555555555555557,0.14444444444444443,0.15,0.35,0,0
2018-06-17,25224.37,22232.15,3737.13,184,100.51641304347827,32.03349485596509,2.5489130434782608,0.483695652173913,-0.7818314824680299,0.6234898018587334,0.23931566428755768,-0.970941817426052,1.2246467991473532e-16,-1.0,0.24702218048093552,-0.9690098257244062,2018,2,6,1,0.05434782608695652,0.11956521739130435,0.09782608695652174,0.059782608695652176,0.125,0.02717391304347826,0.05434782608695652,0.07065217391304347,0.04891304347826087,0.016304347826086956,0.021739130434782608,0.358695652173913,0.5380434782608695,0.16304347826086957,0.07065217391304347,0.22826086956521738,0,0
2018-06-18,49922.75,41302.42,6384.36,294,118.76891156462584,30.941058812119714,2.880952380952381,0.4523809523809524,0.0,1.0,0.12053668025532308,-0.992708874098054,1.2246467991473532e-16,-1.0,0.23030567023061221,-0.9731183372332619,2018,2,6,0,0.034013605442176874,0.1326530612244898,0.1292517006802721,0.061224489795918366,0.09523809523809523,0.06462585034013606,0.06462585034013606,0.04421768707482993,0.04081632653061224,0.04081632653061224,0.006802721088435374,0.3197278911564626,0.41156462585034015,0.11564625850340136,0.1360544217687075,0.336734693877551,0,0
2018-06-19,50245.51,40997.74,5532.36,271,130.86856088560884,27.223396964079832,2.690036900369004,0.4575645756457565,0.7818314824680298,0.6234898018587336,0.12053668025532308,-0.992708874098054,1.2246467991473532e-16,-1.0,0.21352091543979612,-0.9769384927771817,2018,2,6,0,0.06273062730627306,0.1070110701107011,0.11070110701107011,0.05904059040590406,0.08856088560885608,0.05166051660516605,0.04797047970479705,0.055350553505535055,0.02952029520295203,0.05166051660516605,0.033210332103321034,0.36531365313653136,0.4944649446494465,0.1033210332103321,0.11808118081180811,0.28413284132841327,0,0
2018-06-20,45813.31,37353.21,6068.94,267,117.16955056179775,31.14669009360208,2.602996254681648,0.4232209737827715,0.9749279121818236,-0.22252093395631434,0.12053668025532308,-0.992708874098054,1.2246467991473532e-16,-1.0,0.19667288979357647,-0.980469160361632,2018,2,6,0,0.07865168539325842,0.149812734082397,0.1348314606741573,0.052434456928838954,0.06367041198501873,0.11610486891385768,0.03745318352059925,0.052434456928838954,0.033707865168539325,0.018726591760299626,0.033707865168539325,0.30711610486891383,0.4868913857677903,0.08239700374531835,0.11235955056179775,0.31835205992509363,0,0
2018-06-21,39785.07,34410.05,5807.07,274,104.39043795620438,31.735905826481435,2.697080291970803,0.4854014598540146,0.43388373911755823,-0.900968867902419,0.12053668025532308,-0.992708874098054,1.2246467991473532e-16,-1.0,0.1797665857255624,-0.9837092937736097,2018,2,6,0,0.043795620437956206,0.10583941605839416,0.14233576642335766,0.05474452554744526,0.07664233576642336,0.0948905109489051,0.04744525547445255,0.09124087591240876,0.040145985401459854,0.058394160583941604,0.0072992700729927005,0.28102189781021897,0.45985401459854014,0.09854014598540146,0.1386861313868613,0.3029197080291971,0,0
2018-06-22,35240.44,29355.510000000002,4040.63,213,118.84920187793428,32.5696194975465,2.652582159624413,0.38967136150234744,-0.433883739117558,-0.9009688679024191,0.12053668025532308,-0.992708874098054,1.2246467991473532e-16,-1.0,0.16280701293851715,-0.986657932891657,2018,2,6,0,0.03286384976525822,0.07981220657276995,0.09859154929577464,0.11737089201877934,0.06572769953051644,0.06103286384976526,0.056338028169014086,0.07042253521126761,0.04225352112676056,0.06103286384976526,0.023474178403755867,0.323943661971831,0.49765258215962443,0.10328638497652583,0.08450704225352113,0.3145539906103286,0,0
2018-06-23,25406.34,22592.82,3823.91,175,107.25091428571429,35.925633386618564,2.6742857142857144,0.4742857142857143,-0.9749279121818236,-0.2225209339563146,0.12053668025532308,-0.992708874098054,1.2246467991473532e-16,-1.0,0.1457991969198751,-0.9893142039703663,2018,2,6,1,0.08,0.10285714285714286,0.14285714285714285,0.05142857142857143,0.05142857142857143,0.05142857142857143,0.06285714285714286,0.08571428571428572,0.04,0.02857142857142857,0.011428571428571429,0.37142857142857144,0.36,0.13714285714285715,0.17142857142857143,0.3314285714285714,0,0
2018-06-24,33449.37,29783.16,5099.24,221,111.69194570135745,31.590209786529012,3.081447963800905,0.5158371040723982,-0.7818314824680299,0.6234898018587334,0.12053668025532308,-0.992708874098054,1.2246467991473532e-16,-1.0,0.12874817745258132,-0.99167731989929,2018,2,6,1,0.04524886877828054,0.14027149321266968,0.17194570135746606,0.05429864253393665,0.04524886877828054,0.03167420814479638,0.049773755656108594,0.09049773755656108,0.013574660633484163,0.03619909502262444,0.00904977375565611,0.3574660633484163,0.5203619909502263,0.09049773755656108,0.09502262443438914,0.29411764705882354,0,0
2018-06-25,52713.43,42356.35,5933.44,297,122.63606060606062,30.7676818452093,2.686868686868687,0.4511784511784512,0.0,1.0,-3.216245299353273e-16,-1.0,1.2246467991473532e-16,-1.0,0.11165900712169512,-0.993746580436178,2018,2,6,0,0.04040404040404041,0.05387205387205387,0.10437710437710437,0.08754208754208755,0.0707070707070707,0.09090909090909091,0.05387205387205387,0.10101010101010101,0.016835016835016835,0.04377104377104377,0.04377104377104377,0.3333333333333333,0.5185185185185185,0.09764309764309764,0.10774410774410774,0.2760942760942761,0,0
2018-06-26,51694.87,45597.3,8056.65,312,120.32259615384616,30.482237230971506,2.7243589743589745,0.46153846153846156,0.7818314824680298,0.6234898018587336,-3.216245299353273e-16,-1.0,1.2246467991473532e-16,-1.0,0.09453674981719912,-0.9955213724144752,2018,2,6,0,0.035256410256410256,0.13141025641025642,0.10256410256410256,0.04807692307692308,0.0673076923076923,0.041666666666666664,0.07692307692307693,0.0641025641025641,0.04487179487179487,0.05128205128205128,0.041666666666666664,0.3301282051282051,0.4198717948717949,0.10576923076923077,0.1282051282051282,0.34615384615384615,0,0
2018-06-27,39202.96,34232.45,6286.0,252,110.89861111111111,33.138636921837616,2.7103174603174605,0.47619047619047616,0.9749279121818236,-0.22252093395631434,-3.216245299353273e-16,-1.0,1.2246467991473532e-16,-1.0,0.07738647923346301,-0.9970011699250151,2018,2,6,0,0.027777777777777776,0.06349206349206349,0.14682539682539683,0.03968253968253968,0.07539682539682539,0.047619047619047616,0.0992063492063492,0.09126984126984126,0.003968253968253968,0.051587301587301584,0.07936507936507936,0.30158730158730157,0.43253968253968256,0.0873015873015873,0.11507936507936507,0.36507936507936506,0,0
2018-06-28,47977.6,39874.15,6709.92,292,113.57613013698631,32.957926250163595,2.73972602739726,0.5102739726027398,0.43388373911755823,-0.900968867902419,-3.216245299353273e-16,-1.0,1.2246467991473532e-16,-1.0,0.06021327736579302,-0.9981855344718586,2018,2,6,0,0.04452054794520548,0.1267123287671233,0.15753424657534246,0.06506849315068493,0.04452054794520548,0.07191780821917808,0.07191780821917808,0.0821917808219178,0.02054794520547945,0.04794520547945205,0.0136986301369863,0.2979452054794521,0.4417808219178082,0.08904109589041095,0.1267123287671233,0.3424657534246575,0,0
2018-06-29,29863.89,25011.92,4633.94,197,103.44152284263959,37.14942793638606,2.6446700507614214,0.5177664974619289,-0.433883739117558,-0.9009688679024191,-3.216245299353273e-16,-1.0,1.2246467991473532e-16,-1.0,0.04302223300453059,-0.99907411510223,2018,2,6,0,0.06091370558375635,0.09644670050761421,0.1065989847715736,0.05583756345177665,0.05583756345177665,0.06598984771573604,0.06598984771573604,0.10152284263959391,0.03553299492385787,0.03553299492385787,0.015228426395939087,0.36548223350253806,0.38071065989847713,0.17258883248730963,0.1218274111675127,0.3248730964467005,0,0
2018-06-30,21039.07,18521.79,3200.01,138,111.02739130434783,33.292825258392384,3.0217391304347827,0.5217391304347826,-0.9749279121818236,-0.2225209339563146,-3.216245299353273e-16,-1.0,1.2246467991473532e-16,-1.0,0.02581844022713308,-0.9996666485105112,2018,2,6,1,0.09420289855072464,0.09420289855072464,0.10869565217391304,0.08695652173913043,0.028985507246376812,0.043478260869565216,0.06521739130434782,0.09420289855072464,0.036231884057971016,0.036231884057971016,0.043478260869565216,0.36231884057971014,0.463768115942029,0.10869565217391304,0.10144927536231885,0.32608695652173914,0,0
2018-07-01,38610.38,29027.64,4729.38,187,129.9372192513369,33.85094501243563,3.229946524064171,0.5026737967914439,-0.7818314824680299,0.6234898018587334,-3.216245299353273e-16,-1.0,-0.4999999999999997,-0.8660254037844388,0.008606996888688698,-0.9999629591162655,2018,3,7,1,0.0427807486631016,0.10160427807486631,0.053475935828877004,0.0481283422459893,0.09090909090909091,0.06417112299465241,0.0748663101604278,0.12299465240641712,0.0053475935828877,0.026737967914438502,0.06417112299465241,0.34759358288770054,0.5133689839572193,0.0855614973262032,0.09090909090909091,0.31016042780748665,0,0
2018-07-02,47844.12,30257.49,6392.41,223,107.01829596412557,32.04466366869261,2.8789237668161434,0.49327354260089684,0.0,1.0,-0.12053668025532283,-0.992708874098054,-0.4999999999999997,-0.8660254037844388,-0.008606996888688009,-0.9999629591162655,2018,3,7,0,0.03587443946188341,0.08968609865470852,0.10762331838565023,0.05829596412556054,0.07623318385650224,0.06278026905829596,0.11210762331838565,0.07623318385650224,0.013452914798206279,0.04035874439461883,0.04035874439461883,0.32286995515695066,0.4618834080717489,0.12556053811659193,0.1031390134529148,0.3094170403587444,0,0
2018-07-03,40962.26,32322.04,5250.44,243,111.40576131687243,30.1903476509222,2.9300411522633745,0.5185185185185185,0.7818314824680298,0.6234898018587336,-0.12053668025532283,-0.992708874098054,-0.4999999999999997,-0.8660254037844388,-0.02581844022713239,-0.9996666485105112,2018,3,7,0,0.03292181069958848,0.102880658436214,0.1522633744855967,0.09876543209876543,0.06584362139917696,0.053497942386831275,0.02880658436213992,0.102880658436214,0.037037037037037035,0.024691358024691357,0.012345679012345678,0.32098765432098764,0.3786008230452675,0.1111111111111111,0.13991769547325103,0.37037037037037035,0,0
2018-07-04,49569.27,42093.76,6117.69,296,121.54077702702702,29.183346241771403,2.766891891891892,0.4864864864864865,0.9749279121818236,-0.22252093395631434,-0.12053668025532283,-0.992708874098054,-0.4999999999999997,-0.8660254037844388,-0.04302223300453034,-0.99907411510223,2018,3,7,0,0.0472972972972973,0.125,0.12162162162162163,0.060810810810810814,0.06418918918918919,0.057432432432432436,0.06418918918918919,0.10472972972972973,0.02364864864864865,0.06756756756756757,0.016891891891891893,0.2939189189189189,0.527027027027027,0.10472972972972973,0.11486486486486487,0.2533783783783784,0,0
2018-07-05,49369.26,33770.08,5129.95,222,129.0095945945946,27.36910043770575,2.7387387387387387,0.46396396396396394,0.43388373911755823,-0.900968867902419,-0.12053668025532283,-0.992708874098054,-0.4999999999999997,-0.8660254037844388,-0.060213277365792774,-0.9981855344718586,2018,3,7,0,0.0990990990990991,0.0945945945945946,0.13963963963963963,0.06306306306306306,0.06756756756756757,0.06306306306306306,0.0945945945945946,0.07207207207207207,0.04054054054054054,0.04504504504504504,0.04954954954954955,0.2702702702702703,0.5045045045045045,0.09009009009009009,0.11711711711711711,0.2882882882882883,0,0
2018-07-06,24124.98,22541.77,3140.33,132,146.98060606060605,26.33911399727869,2.6136363636363638,0.4772727272727273,-0.433883739117558,-0.9009688679024191,-0.12053668025532283,-0.992708874098054,-0.4999999999999997,-0.8660254037844388,-0.07738647923346322,-0.9970011699250151,2018,3,7,0,0.03787878787878788,0.05303030303030303,0.11363636363636363,0.14393939393939395,0.06818181818181818,0.06060606060606061,0.11363636363636363,0.09090909090909091,0.007575757575757576,0.045454545454545456,0.015151515151515152,0.2878787878787879,0.5227272727272727,0.12121212121212122,0.11363636363636363,0.24242424242424243,0,0
2018-07-07,13956.64,11023.58,2161.84,101,87.74,37.47033161136599,2.910891089108911,0.49504950495049505,-0.9749279121818236,-0.2225209339563146,-0.12053668025532283,-0.992708874098054,-0.4999999999999997,-0.8660254037844388,-0.09453674981719933,-0.9955213724144752,2018,3,7,1,0.039603960396039604,0.07920792079207921,0.18811881188118812,0.09900990099009901,0.0594059405940594,0.0891089108910891,0.019801980198019802,0.04950495049504951,0.019801980198019802,0.0594059405940594,0.039603960396039604,0.297029702970297,0.5346534653465347,0.09900990099009901,0.0594059405940594,0.3069306930693069,0,0
2018-07-08,21935.07,17460.05,3095.36,142,101.15978873239438,34.88704276061802,2.9225352112676055,0.4788732394366197,-0.7818314824680299,0.6234898018587334,-0.12053668025532283,-0.992708874098054,-0.4999999999999997,-0.8660254037844388,-0.11165900712169444,-0.9937465804361781,2018,3,7,1,0.04225352112676056,0.06338028169014084,0.15492957746478872,0.1267605633802817,0.04929577464788732,0.04929577464788732,0.035211267605633804,0.04225352112676056,0.028169014084507043,0.028169014084507043,0.02112676056338028,0.4014084507042254,0.4647887323943662,0.07746478873239436,0.06338028169014084,0.39436619718309857,0,0
2018-07-09,24794.32,23531.13,3720.91,162,122.28530864197532,27.480140237037215,3.1666666666666665,0.5493827160493827,0.0,1.0,-0.23931566428755743,-0.9709418174260521,-0.4999999999999997,-0.8660254037844388,-0.12874817745258066,-0.99167731989929,2018,3,7,0,0.06172839506172839,0.06790123456790123,0.1419753086419753,0.10493827160493827,0.08641975308641975,0.043209876543209874,0.030864197530864196,0.07407407407407407,0.018518518518518517,0.05555555555555555,0.006172839506172839,0.37037037037037035,0.5061728395061729,0.09259259259259259,0.04938271604938271,0.35185185185185186,0,0
2018-07-10,25623.55,22778.03,3659.89,157,121.77159235668789,32.02610104894172,2.6305732484076434,0.40764331210191085,0.7818314824680298,0.6234898018587336,-0.23931566428755743,-0.9709418174260521,-0.4999999999999997,-0.8660254037844388,-0.14579919691987442,-0.9893142039703664,2018,3,7,0,0.06369426751592357,0.07006369426751592,0.11464968152866242,0.05732484076433121,0.08917197452229299,0.07643312101910828,0.03821656050955414,0.08917197452229299,0.07643312101910828,0.050955414012738856,0.03184713375796178,0.3057324840764331,0.5222929936305732,0.06369426751592357,0.05732484076433121,0.35668789808917195,0,0
2018-07-11,26982.91,21628.46,3635.36,143,125.82587412587412,31.625020823425597,2.9510489510489513,0.4965034965034965,0.9749279121818236,-0.22252093395631434,-0.23931566428755743,-0.9709418174260521,-0.4999999999999997,-0.8660254037844388,-0.16280701293851646,-0.9866579328916572,2018,3,7,0,0.06293706293706294,0.06293706293706294,0.07692307692307693,0.03496503496503497,0.11888111888111888,0.04895104895104895,0.027972027972027972,0.04195804195804196,0.013986013986013986,0.06993006993006994,0.0,0.5034965034965035,0.3986013986013986,0.04195804195804196,0.06993006993006994,0.48951048951048953,0,0
2018-07-12,24640.01,25341.97,3699.89,138,156.82666666666665,30.2237538632955,2.717391304347826,0.4927536231884058,0.43388373911755823,-0.900968867902419,-0.23931566428755743,-0.9709418174260521,-0.4999999999999997,-0.8660254037844388,-0.17976658572556214,-0.9837092937736098,2018,3,7,0,0.050724637681159424,0.057971014492753624,0.08695652173913043,0.050724637681159424,0.2246376811594203,0.057971014492753624,0.050724637681159424,0.057971014492753624,0.007246376811594203,0.043478260869565216,0.036231884057971016,0.32608695652173914,0.36231884057971014,0.09420289855072464,0.057971014492753624,0.4855072463768116,0,0
2018-07-13,39316.44,34040.75,5015.05,197,147.33857868020306,30.5612221173991,3.1522842639593907,0.5380710659898477,-0.433883739117558,-0.9009688679024191,-0.23931566428755743,-0.9709418174260521,-0.4999999999999997,-0.8660254037844388,-0.19667288979357622,-0.9804691603616321,2018,3,7,0,0.050761421319796954,0.04060913705583756,0.14213197969543148,0.06598984771573604,0.1116751269035533,0.09137055837563451,0.04568527918781726,0.08121827411167512,0.01015228426395939,0.05583756345177665,0.030456852791878174,0.3248730964467005,0.24873096446700507,0.14720812182741116,0.07106598984771574,0.5329949238578681,0,0
2018-07-14,28085.47,26094.16,4226.44,161,135.82434782608698,35.95898943076844,2.9254658385093166,0.5093167701863354,-0.9749279121818236,-0.2225209339563146,-0.23931566428755743,-0.9709418174260521,-0.4999999999999997,-0.8660254037844388,-0.2135209154397959,-0.9769384927771817,2018,3,7,1,0.08695652173913043,0.11801242236024845,0.14285714285714285,0.06832298136645963,0.10559006211180125,0.043478260869565216,0.037267080745341616,0.043478260869565216,0.037267080745341616,0.043478260869565216,0.018633540372670808,0.3416149068322981,0.2608695652173913,0.17391304347826086,0.12422360248447205,0.4409937888198758,0,0
2018-07-15,58462.72,35519.61,4528.33,170,182.30164705882353,30.453221533783523,2.723529411764706,0.5176470588235295,-0.7818314824680299,0.6234898018587334,-0.23931566428755743,-0.9709418174260521,-0.4999999999999997,-0.8660254037844388,-0.23030567023061196,-0.973118337233262,2018,3,7,1,0.0058823529411764705,0.1,0.18235294117647058,0.029411764705882353,0.11176470588235295,0.041176470588235294,0.03529411764705882,0.052941176470588235,0.029411764705882353,0.03529411764705882,0.011764705882352941,0.37058823529411766,0.29411764705882354,0.11764705882352941,0.1411764705882353,0.4470588235294118,0,0
2018-07-16,41352.71,36938.02,6396.85,264,115.68624999999999,32.21943132098958,2.6553030303030303,0.4393939393939394,0.0,1.0,-0.3546048870425356,-0.9350162426854148,-0.4999999999999997,-0.8660254037844388,-0.24702218048093527,-0.9690098257244063,2018,3,7,0,0.06060606060606061,0.07575757575757576,0.15151515151515152,0.03787878787878788,0.07196969696969698,0.06818181818181818,0.056818181818181816,0.07954545454545454,0.030303030303030304,0.07196969696969698,0.026515151515151516,0.32954545454545453,0.32954545454545453,0.10984848484848485,0.13636363636363635,0.42424242424242425,0,0
2018-07-17,40881.55,36408.45,5494.1,252,122.67599206349206,32.34307007706793,2.9365079365079363,0.5079365079365079,0.7818314824680298,0.6234898018587336,-0.3546048870425356,-0.9350162426854148,-0.4999999999999997,-0.8660254037844388,-0.2636654927280072,-0.9646141756912435,2018,3,7,0,0.0992063492063492,0.10317460317460317,0.17063492063492064,0.05952380952380952,0.0873015873015873,0.03968253968253968,0.03571428571428571,0.07142857142857142,0.027777777777777776,0.047619047619047616,0.03571428571428571,0.32142857142857145,0.36507936507936506,0.1388888888888889,0.11904761904761904,0.376984126984127,0,0
2018-07-18,62174.23,54051.32,8652.9,360,126.10672222222222,33.59300280891105,2.7694444444444444,0.4222222222222222,0.9749279121818236,-0.22252093395631434,-0.3546048870425356,-0.9350162426854148,-0.4999999999999997,-0.8660254037844388,-0.2802306751992161,-0.9599326896597445,2018,3,7,0,0.12222222222222222,0.11944444444444445,0.11666666666666667,0.058333333333333334,0.06111111111111111,0.06111111111111111,0.05277777777777778,0.05555555555555555,0.027777777777777776,0.058333333333333334,0.019444444444444445,0.36944444444444446,0.4,0.1527777777777778,0.14166666666666666,0.3055555555555556,0,0
2018-07-19,56108.26,45969.92,6456.54,296,133.49114864864865,27.929938150820067,2.72972972972973,0.42905405405405406,0.43388373911755823,-0.900968867902419,-0.3546048870425356,-0.9350162426854148,-0.4999999999999997,-0.8660254037844388,-0.2967128192734901,-0.9549667548552553,2018,3,7,0,0.06418918918918919,0.11824324324324324,0.10472972972972973,0.05405405405405406,0.06756756756756757,0.037162162162162164,0.08445945945945946,0.08108108108108109,0.033783783783783786,0.0472972972972973,0.016891891891891893,0.3547297297297297,0.4527027027027027,0.13513513513513514,0.12162162162162163,0.2905405405405405,0,0
2018-07-20,46767.49,38564.33,6177.45,292,110.91397260273973,33.831823869961475,2.482876712328767,0.4554794520547945,-0.433883739117558,-0.9009688679024191,-0.3546048870425356,-0.9350162426854148,-0.4999999999999997,-0.8660254037844388,-0.3131070409358267,-0.9497178427914317,2018,3,7,0,0.03424657534246575,0.06506849315068493,0.0684931506849315,0.0547945205479452,0.10616438356164383,0.0684931506849315,0.11301369863013698,0.05821917808219178,0.03767123287671233,0.030821917808219176,0.017123287671232876,0.3801369863013699,0.4212328767123288,0.11301369863013698,0.10273972602739725,0.363013698630137,0,0
2018-07-21,28790.24,27140.11,4542.7699999999995,214,105.59504672897197,31.951306914339746,2.4766355140186915,0.42990654205607476,-0.9749279121818236,-0.2225209339563146,-0.3546048870425356,-0.9350162426854148,-0.4999999999999997,-0.8660254037844388,-0.3294084822245302,-0.9441875088341994,2018,3,7,1,0.07476635514018691,0.06074766355140187,0.1308411214953271,0.06542056074766354,0.06542056074766354,0.07009345794392523,0.056074766355140186,0.056074766355140186,0.03271028037383177,0.037383177570093455,0.037383177570093455,0.3878504672897196,0.48130841121495327,0.12149532710280374,0.08878504672897196,0.308411214953271,0,0
2018-07-22,38419.31,31182.61,5080.49,240,108.75883333333333,30.516490874770433,2.65,0.5083333333333333,-0.7818314824680299,0.6234898018587334,-0.3546048870425356,-0.9350162426854148,-0.4999999999999997,-0.8660254037844388,-0.3456123126707333,-0.9383773917408642,2018,3,7,1,0.06666666666666667,0.1375,0.058333333333333334,0.058333333333333334,0.09583333333333334,0.04583333333333333,0.03333333333333333,0.0875,0.0375,0.05416666666666667,0.016666666666666666,0.375,0.4625,0.1,0.14166666666666666,0.29583333333333334,0,0
2018-07-23,59044.99,48287.86,8074.83,343,117.23915451895043,31.45826926181779,2.618075801749271,0.46647230320699706,0.0,1.0,-0.46472317204376806,-0.8854560256532101,-0.4999999999999997,-0.8660254037844388,-0.3617137307297674,-0.9322892131745134,2018,3,7,0,0.043731778425655975,0.07580174927113703,0.11078717201166181,0.07580174927113703,0.052478134110787174,0.0641399416909621,0.06997084548104957,0.08746355685131195,0.029154518950437316,0.05539358600583091,0.026239067055393587,0.35276967930029157,0.4577259475218659,0.09912536443148688,0.08746355685131195,0.3556851311953353,0,0
2018-07-24,52139.83,47348.75,6660.96,304,133.8414144736842,31.60979542965247,2.588815789473684,0.46381578947368424,0.7818314824680298,0.6234898018587336,-0.46472317204376806,-0.8854560256532101,-0.4999999999999997,-0.8660254037844388,-0.37770796520396466,-0.9259247771938499,2018,3,7,0,0.06578947368421052,0.0756578947368421,0.09210526315789473,0.06578947368421052,0.03289473684210526,0.03618421052631579,0.09539473684210527,0.09210526315789473,0.02631578947368421,0.046052631578947366,0.02631578947368421,0.41118421052631576,0.46381578947368424,0.12171052631578948,0.09539473684210527,0.3190789473684211,0,0
2018-07-25,68847.6,48064.97,7546.02,324,125.05848765432098,32.402023827664806,2.962962962962963,0.4691358024691358,0.9749279121818236,-0.22252093395631434,-0.46472317204376806,-0.8854560256532101,-0.4999999999999997,-0.8660254037844388,-0.39359027665646645,-0.9192859697186105,2018,3,7,0,0.040123456790123455,0.06481481481481481,0.10493827160493827,0.06172839506172839,0.06481481481481481,0.06172839506172839,0.043209876543209874,0.11419753086419752,0.021604938271604937,0.05555555555555555,0.043209876543209874,0.36419753086419754,0.4444444444444444,0.12037037037037036,0.09259259259259259,0.3425925925925926,0,0
2018-07-26,54502.71,44954.02,7563.76,313,119.45769968051118,32.54545255422378,2.610223642172524,0.4440894568690096,0.43388373911755823,-0.900968867902419,-0.46472317204376806,-0.8854560256532101,-0.4999999999999997,-0.8660254037844388,-0.4093559588156211,-0.9123747579707274,2018,3,7,0,0.06389776357827476,0.07348242811501597,0.0926517571884984,0.08306709265175719,0.08945686900958466,0.07028753993610223,0.051118210862619806,0.07987220447284345,0.01597444089456869,0.03514376996805112,0.02875399361022364,0.3801916932907348,0.4536741214057508,0.13738019169329074,0.08626198083067092,0.3226837060702875,0,0
2018-07-27,40510.25,34395.05,5208.7,223,130.88049327354258,30.368372324601044,2.6547085201793723,0.48878923766816146,-0.433883739117558,-0.9009688679024191,-0.46472317204376806,-0.8854560256532101,-0.4999999999999997,-0.8660254037844388,-0.42500033996955394,-0.9051931898913975,2018,3,7,0,0.03139013452914798,0.10762331838565023,0.08071748878923767,0.08520179372197309,0.053811659192825115,0.09417040358744394,0.08071748878923767,0.04035874439461883,0.053811659192825115,0.04035874439461883,0.008968609865470852,0.3542600896860987,0.3991031390134529,0.09865470852017937,0.10762331838565023,0.39461883408071746,0,0
2018-07-28,44179.97,31429.510000000002,4686.32,214,124.96817757009345,31.86180251658783,3.1121495327102804,0.5233644859813084,-0.9749279121818236,-0.2225209339563146,-0.46472317204376806,-0.8854560256532101,-0.4999999999999997,-0.8660254037844388,-0.4405187843504952,-0.8977433935342336,2018,3,7,1,0.0514018691588785,0.0794392523364486,0.08878504672897196,0.056074766355140186,0.056074766355140186,0.0514018691588785,0.09345794392523364,0.07476635514018691,0.06542056074766354,0.07009345794392523,0.04205607476635514,0.32242990654205606,0.397196261682243,0.10747663551401869,0.11214953271028037,0.38317757009345793,0,0
2018-07-29,38237.27,35101.26,4996.33,214,140.6772429906542,29.20553388688696,2.7616822429906542,0.40654205607476634,-0.7818314824680299,0.6234898018587334,-0.46472317204376806,-0.8854560256532101,-0.4999999999999997,-0.8660254037844388,-0.455906693508459,-0.8900275764346766,2018,3,7,1,0.0514018691588785,0.08878504672897196,0.0514018691588785,0.04205607476635514,0.06074766355140187,0.04205607476635514,0.07476635514018691,0.12149532710280374,0.028037383177570093,0.06074766355140187,0.0514018691588785,0.37850467289719625,0.5233644859813084,0.1261682242990654,0.07009345794392523,0.2803738317757009,0,0
2018-07-30,50655.96,45278.71,6802.99,318,120.99283018867925,28.340714883861605,2.449685534591195,0.4779874213836478,0.0,1.0,-0.5680647467311556,-0.8229838658936566,-0.4999999999999997,-0.8660254037844388,-0.47115950767386394,-0.8820480249558535,2018,3,7,0,0.050314465408805034,0.10062893081761007,0.0880503144654088,0.06918238993710692,0.05345911949685535,0.0660377358490566,0.04716981132075472,0.09119496855345911,0.059748427672955975,0.04716981132075472,0.0,0.37735849056603776,0.5408805031446541,0.11320754716981132,0.1069182389937107,0.2389937106918239,0,0
2018-07-31,73062.11,54048.38,8265.58,378,121.11851851851853,29.647653873403456,2.732804232804233,0.47354497354497355,0.7818314824680298,0.6234898018587336,-0.5680647467311556,-0.8229838658936566,-0.4999999999999997,-0.8660254037844388,-0.4862727071086902,-0.8738071036110807,2018,3,7,0,0.03439153439153439,0.07936507936507936,0.07407407407407407,0.06878306878306878,0.07142857142857142,0.06878306878306878,0.08465608465608465,0.11904761904761904,0.037037037037037035,0.05026455026455026,0.026455026455026454,0.3201058201058201,0.5,0.16666666666666666,0.08465608465608465,0.24867724867724866,0,0
2018-08-01,58332.13,52640.11,8453.88,364,121.39074175824177,29.627170481024816,2.6785714285714284,0.45604395604395603,0.9749279121818236,-0.22252093395631434,-0.5680647467311556,-0.8229838658936566,-0.8660254037844385,-0.5000000000000004,-0.5012418134457756,-0.8653072543632061,2018,3,8,0,0.057692307692307696,0.06868131868131869,0.13736263736263737,0.06318681318681318,0.07417582417582418,0.054945054945054944,0.09340659340659341,0.0989010989010989,0.0521978021978022,0.016483516483516484,0.016483516483516484,0.3241758241758242,0.4368131868131868,0.1401098901098901,0.12912087912087913,0.29395604395604397,0,0
2018-08-02,53431.48,45265.89,7152.96,332,114.79798192771085,29.300999294298922,2.7921686746987953,0.5090361445783133,0.43388373911755823,-0.900968867902419,-0.5680647467311556,-0.8229838658936566,-0.8660254037844385,-0.5000000000000004,-0.5160623910158526,-0.8565509959010037,2018,3,8,0,0.02108433734939759,0.0783132530120482,0.09036144578313253,0.06325301204819277,0.05120481927710843,0.1144578313253012,0.04216867469879518,0.07530120481927711,0.04216867469879518,0.04819277108433735,0.024096385542168676,0.3704819277108434,0.4789156626506024,0.08433734939759036,0.08132530120481928,0.35542168674698793,0,0
2018-08-03,57348.09,52082.19,7643.6,354,125.53274011299436,29.86479150171041,2.621468926553672,0.4491525423728814,-0.433883739117558,-0.9009688679024191,-0.5680647467311556,-0.8229838658936566,-0.8660254037844385,-0.5000000000000004,-0.5307300481619331,-0.8475409228928312,2018,3,8,0,0.03954802259887006,0.06779661016949153,0.12429378531073447,0.07344632768361582,0.07909604519774012,0.059322033898305086,0.059322033898305086,0.062146892655367235,0.0480225988700565,0.05084745762711865,0.022598870056497175,0.3531073446327684,0.4548022598870056,0.09887005649717515,0.12146892655367232,0.3248587570621469,0,0
2018-08-04,47200.6,40659.6,5680.73,272,128.5987867647059,29.571563943770073,2.9044117647058822,0.4963235294117647,-0.9749279121818236,-0.2225209339563146,-0.5680647467311556,-0.8229838658936566,-0.8660254037844385,-0.5000000000000004,-0.5452404385406507,-0.8382797052177745,2018,3,8,1,0.05514705882352941,0.11397058823529412,0.09191176470588236,0.0661764705882353,0.0625,0.04044117647058824,0.0661764705882353,0.09191176470588236,0.04411764705882353,0.058823529411764705,0.011029411764705883,0.35294117647058826,0.4485294117647059,0.11764705882352941,0.16176470588235295,0.27205882352941174,0,0
2018-08-05,50264.19,41620.85,6675.97,309,113.09022653721682,28.44868754301162,2.750809061488673,0.48220064724919093,-0.7818314824680299,0.6234898018587334,-0.5680647467311556,-0.8229838658936566,-0.8660254037844385,-0.5000000000000004,-0.5595892624101763,-0.828770087174504,2018,3,8,1,0.061488673139158574,0.10679611650485436,0.1262135922330097,0.045307443365695796,0.08414239482200647,0.045307443365695796,0.05177993527508091,0.08737864077669903,0.02912621359223301,0.042071197411003236,0.006472491909385114,0.37540453074433655,0.47572815533980584,0.0970873786407767,0.12297734627831715,0.3042071197411003,0,0
2018-08-06,86782.85,64899.58,9548.48,435,127.24390804597701,28.876035123270153,2.9402298850574713,0.5241379310344828,0.0,1.0,-0.663122658240795,-0.7485107481711013,-0.8660254037844385,-0.5000000000000004,-0.5737722679043243,-0.8190148866680802,2018,3,8,0,0.05517241379310345,0.06436781609195402,0.1103448275862069,0.041379310344827586,0.06206896551724138,0.06436781609195402,0.06436781609195402,0.06896551724137931,0.05057471264367816,0.05517241379310345,0.041379310344827586,0.37701149425287356,0.49195402298850577,0.10114942528735632,0.0896551724137931,0.31724137931034485,0,0
2018-08-07,86064.49,57430.71,9276.99,426,113.0369014084507,28.454431613897704,2.7136150234741785,0.47183098591549294,0.7818314824680298,0.6234898018587336,-0.663122658240795,-0.7485107481711013,-0.8660254037844385,-0.5000000000000004,-0.5877852522924734,-0.8090169943749472,2018,3,8,0,0.04929577464788732,0.07746478873239436,0.12441314553990611,0.04225352112676056,0.046948356807511735,0.06572769953051644,0.04460093896713615,0.09624413145539906,0.06338028169014084,0.06338028169014084,0.014084507042253521,0.3615023474178404,0.4694835680751174,0.11267605633802817,0.11971830985915492,0.2981220657276995,0,0
2018-08-08,70646.97,50835.55,8012.7699999999995,360,118.95216666666667,30.078910581887204,3.011111111111111,0.5666666666666667,0.9749279121818236,-0.22252093395631434,-0.663122658240795,-0.7485107481711013,-0.8660254037844385,-0.5000000000000004,-0.6016240632249227,-0.7987793728863648,2018,3,8,0,0.06666666666666667,0.10833333333333334,0.1111111111111111,0.044444444444444446,0.06111111111111111,0.041666666666666664,0.058333333333333334,0.08055555555555556,0.05277777777777778,0.06944444444444445,0.027777777777777776,0.34444444444444444,0.4666666666666667,0.07222222222222222,0.10277777777777777,0.35833333333333334,0,0
2018-08-09,55303.76,48733.05,6975.68,332,125.7752108433735,29.873704441502703,2.75,0.48493975903614456,0.43388373911755823,-0.900968867902419,-0.663122658240795,-0.7485107481711013,-0.8660254037844385,-0.5000000000000004,-0.6152845999633277,-0.7883050558305253,2018,3,8,0,0.05120481927710843,0.11144578313253012,0.10843373493975904,0.0783132530120482,0.04216867469879518,0.07530120481927711,0.07530120481927711,0.09036144578313253,0.030120481927710843,0.0572289156626506,0.02710843373493976,0.3042168674698795,0.49698795180722893,0.11746987951807229,0.09036144578313253,0.29518072289156627,0,0
2018-08-10,43112.6,40086.66,6389.84,279,120.77713261648745,29.733975858664326,2.752688172043011,0.4838709677419355,-0.433883739117558,-0.9009688679024191,-0.663122658240795,-0.7485107481711013,-0.8660254037844385,-0.5000000000000004,-0.6287628145958345,-0.7775971469736268,2018,3,8,0,0.043010752688172046,0.08960573476702509,0.12186379928315412,0.07526881720430108,0.053763440860215055,0.06451612903225806,0.06093189964157706,0.06451612903225806,0.043010752688172046,0.06810035842293907,0.007168458781362007,0.35125448028673834,0.37992831541218636,0.12903225806451613,0.12903225806451613,0.36200716845878134,0,0
2018-08-11,36787.51,31046.22,4690.46,219,120.34593607305936,29.718569001756286,3.08675799086758,0.5388127853881278,-0.9749279121818236,-0.2225209339563146,-0.663122658240795,-0.7485107481711013,-0.8660254037844385,-0.5000000000000004,-0.6420547132365636,-0.7666588193001592,2018,3,8,1,0.0182648401826484,0.1095890410958904,0.0958904109589041,0.0593607305936073,0.0776255707762557,0.0502283105022831,0.0639269406392694,0.0730593607305936,0.0593607305936073,0.0593607305936073,0.0136986301369863,0.3378995433789954,0.4155251141552511,0.1598173515981735,0.0730593607305936,0.3515981735159817,0,0
2018-08-12,49764.02,35745.23,5453.24,228,132.8596052631579,28.555347451216495,3.3157894736842106,0.5833333333333334,-0.7818314824680299,0.6234898018587334,-0.663122658240795,-0.7485107481711013,-0.8660254037844385,-0.5000000000000004,-0.655156357209085,-0.7554933140726804,2018,3,8,1,0.013157894736842105,0.05263157894736842,0.13596491228070176,0.06578947368421052,0.03508771929824561,0.02631578947368421,0.12280701754385964,0.05701754385964912,0.039473684210526314,0.043859649122807015,0.03070175438596491,0.39035087719298245,0.4517543859649123,0.07456140350877193,0.14473684210526316,0.32894736842105265,0,0
2018-08-13,52833.45,45793.64,7274.12,323,119.25547987616098,30.017703596656133,3.021671826625387,0.4953560371517028,0.0,1.0,-0.7485107481711011,-0.6631226582407952,-0.8660254037844385,-0.5000000000000004,-0.6680638642135333,-0.7441039398713608,2018,3,8,0,0.08978328173374613,0.1238390092879257,0.11145510835913312,0.07739938080495357,0.05572755417956656,0.043343653250773995,0.05572755417956656,0.08668730650154799,0.02786377708978328,0.06811145510835913,0.02476780185758514,0.32507739938080493,0.4953560371517028,0.12074303405572756,0.09597523219814241,0.28792569659442724,0,0
2018-08-14,58398.27,51769.23,7378.69,344,129.04226744186047,29.64769258870845,2.9069767441860463,0.5232558139534884,0.7818314824680298,0.6234898018587336,-0.7485107481711011,-0.6631226582407952,-0.8660254037844385,-0.5000000000000004,-0.6807734094770159,-0.7324940716135792,2018,3,8,0,0.02616279069767442,0.09302325581395349,0.11046511627906977,0.06976744186046512,0.06976744186046512,0.04941860465116279,0.07848837209302326,0.09593023255813954,0.03488372093023256,0.06976744186046512,0.023255813953488372,0.30523255813953487,0.4883720930232558,0.13953488372093023,0.08139534883720931,0.29069767441860467,0,0
2018-08-15,58803.13,53002.94,6874.03,324,142.3731790123457,27.991741862487103,3.006172839506173,0.5092592592592593,0.9749279121818236,-0.22252093395631434,-0.7485107481711011,-0.6631226582407952,-0.8660254037844385,-0.5000000000000004,-0.6932812268869771,-0.7206671495538615,2018,3,8,0,0.05555555555555555,0.09259259259259259,0.08641975308641975,0.07098765432098765,0.06790123456790123,0.043209876543209874,0.043209876543209874,0.08024691358024691,0.021604938271604937,0.033950617283950615,0.018518518518518517,0.44135802469135804,0.5154320987654321,0.10802469135802469,0.1111111111111111,0.2654320987654321,0,0
2018-08-16,49654.83,45818.7,6874.6,371,104.97061994609165,30.072911364997626,2.789757412398922,0.4528301886792453,0.43388373911755823,-0.900968867902419,-0.7485107481711011,-0.6631226582407952,-0.8660254037844385,-0.5000000000000004,-0.7055836101071774,-0.70862667826446,2018,3,8,0,0.026954177897574125,0.09973045822102426,0.1105121293800539,0.09703504043126684,0.07277628032345014,0.07547169811320754,0.10242587601078167,0.07816711590296496,0.029649595687331536,0.05660377358490566,0.016172506738544475,0.261455525606469,0.5363881401617251,0.10512129380053908,0.08355795148247978,0.2749326145552561,0,0
2018-08-17,44910.08,41954.23,6199.3,295,121.20315254237288,31.57331621721002,2.8101694915254236,0.4745762711864407,-0.433883739117558,-0.9009688679024191,-0.7485107481711011,-0.6631226582407952,-0.8660254037844385,-0.5000000000000004,-0.7176769136759615,-0.6963762255968726,2018,3,8,0,0.04406779661016949,0.0847457627118644,0.14576271186440679,0.061016949152542375,0.023728813559322035,0.07796610169491526,0.0576271186440678,0.08135593220338982,0.030508474576271188,0.04067796610169491,0.02711864406779661,0.3694915254237288,0.4440677966101695,0.1288135593220339,0.10847457627118644,0.31864406779661014,0,0
2018-08-18,30153.35,29294.53,4560.93,210,117.77904761904762,30.380596094885984,3.219047619047619,0.5285714285714286,-0.9749279121818236,-0.2225209339563146,-0.7485107481711011,-0.6631226582407952,-0.8660254037844385,-0.5000000000000004,-0.7295575540864876,-0.6839194216246105,2018,3,8,1,0.047619047619047616,0.12857142857142856,0.10476190476190476,0.07142857142857142,0.06666666666666667,0.05714285714285714,0.05714285714285714,0.0761904761904762,0.023809523809523808,0.047619047619047616,0.023809523809523808,0.34285714285714286,0.48095238095238096,0.12857142857142856,0.10476190476190476,0.2857142857142857,0,0
2018-08-19,34945.68,31323.47,4632.72,235,113.57765957446809,30.56623994174505,2.970212765957447,0.5404255319148936,-0.7818314824680299,0.6234898018587334,-0.7485107481711011,-0.6631226582407952,-0.8660254037844385,-0.5000000000000004,-0.7412220108485957,-0.6712599575675315,2018,3,8,1,0.03404255319148936,0.09787234042553192,0.15319148936170213,0.04680851063829787,0.01702127659574468,0.06808510638297872,0.05106382978723404,0.16170212765957448,0.03829787234042553,0.02127659574468085,0.00851063829787234,0.33617021276595743,0.5276595744680851,0.1702127659574468,0.10212765957446808,0.2,0,0
2018-08-20,47507.33,39746.79,5433.49,288,119.1434027777778,27.527971518952523,2.982638888888889,0.5034722222222222,0.0,1.0,-0.8229838658936564,-0.5680647467311559,-0.8660254037844385,-0.5000000000000004,-0.7526668275320083,-0.6584015846980489,2018,3,8,0,0.04861111111111111,0.08680555555555555,0.11805555555555555,0.052083333333333336,0.041666666666666664,0.034722222222222224,0.06944444444444445,0.0625,0.017361111111111112,0.06597222222222222,0.013888888888888888,0.4375,0.5208333333333334,0.13541666666666666,0.1388888888888889,0.2048611111111111,0,0
2018-08-21,34027.95,31209.31,4549.34,260,102.53834615384616,28.131709901306905,2.7115384615384617,0.4846153846153846,0.7818314824680298,0.6234898018587336,-0.8229838658936564,-0.5680647467311559,-0.8660254037844385,-0.5000000000000004,-0.7638886127905429,-0.64534811322955,2018,3,8,0,0.03076923076923077,0.1076923076923077,0.12307692307692308,0.10384615384615385,0.05,0.03076923076923077,0.06153846153846154,0.08461538461538462,0.05384615384615385,0.04230769230769231,0.011538461538461539,0.33076923076923076,0.5615384615384615,0.08846153846153847,0.12307692307692308,0.22692307692307692,0,0
2018-08-22,29393.61,24203.62,3956.38,215,94.17320930232559,32.82794462107836,2.3813953488372093,0.3953488372093023,0.9749279121818236,-0.22252093395631434,-0.8229838658936564,-0.5680647467311559,-0.8660254037844385,-0.5000000000000004,-0.7748840413670406,-0.6321034111873488,2018,3,8,0,0.04186046511627907,0.09302325581395349,0.08837209302325581,0.046511627906976744,0.05581395348837209,0.04186046511627907,0.04186046511627907,0.13488372093023257,0.023255813953488372,0.05116279069767442,0.027906976744186046,0.3953488372093023,0.6046511627906976,0.07906976744186046,0.10232558139534884,0.21395348837209302,0,0
2018-08-23,22317.68,19540.56,2509.69,161,105.78180124223601,27.70445941829787,2.7453416149068324,0.4906832298136646,0.43388373911755823,-0.900968867902419,-0.8229838658936564,-0.5680647467311559,-0.8660254037844385,-0.5000000000000004,-0.7856498550787144,-0.6186714032625032,2018,3,8,0,0.043478260869565216,0.07453416149068323,0.13043478260869565,0.08695652173913043,0.055900621118012424,0.06832298136645963,0.037267080745341616,0.043478260869565216,0.018633540372670808,0.049689440993788817,0.006211180124223602,0.42857142857142855,0.6273291925465838,0.14285714285714285,0.09316770186335403,0.13664596273291926,0,0
2018-08-24,14099.36,11960.02,1787.61,122,83.38040983606557,26.8205618995539,2.877049180327869,0.5163934426229508,-0.433883739117558,-0.9009688679024191,-0.8229838658936564,-0.5680647467311559,-0.8660254037844385,-0.5000000000000004,-0.7961828637826154,-0.6050560696488494,2018,3,8,0,0.040983606557377046,0.10655737704918032,0.09836065573770492,0.04918032786885246,0.09016393442622951,0.05737704918032787,0.040983606557377046,0.14754098360655737,0.02459016393442623,0.02459016393442623,0.0,0.36065573770491804,0.7131147540983607,0.09016393442622951,0.07377049180327869,0.12295081967213115,0,0
2018-08-25,12768.89,11865.7,1153.77,77,139.11597402597403,29.55045560616262,2.792207792207792,0.4675324675324675,-0.9749279121818236,-0.2225209339563146,-0.8229838658936564,-0.5680647467311559,-0.8660254037844385,-0.5000000000000004,-0.8064799463209447,-0.5912614448635782,2018,3,8,1,0.03896103896103896,0.1038961038961039,0.19480519480519481,0.025974025974025976,0.03896103896103896,0.07792207792207792,0.025974025974025976,0.06493506493506493,0.025974025974025976,0.05194805194805195,0.05194805194805195,0.33766233766233766,0.7402597402597403,0.07792207792207792,0.09090909090909091,0.09090909090909091,0,0
2018-08-26,10496.35,9612.5,1316.8899999999999,85,97.59541176470589,30.682103407154923,2.8,0.47058823529411764,-0.7818314824680299,0.6234898018587334,-0.8229838658936564,-0.5680647467311559,-0.8660254037844385,-0.5000000000000004,-0.8165380514459157,-0.5772916165517278,2018,3,8,1,0.047058823529411764,0.047058823529411764,0.17647058823529413,0.07058823529411765,0.023529411764705882,0.09411764705882353,0.058823529411764705,0.10588235294117647,0.03529411764705882,0.047058823529411764,0.0,0.3411764705882353,0.6941176470588235,0.10588235294117647,0.1411764705882353,0.058823529411764705,0,0
2018-08-27,6720.78,6199.389999999999,780.73,73,74.22821917808218,24.046855214985527,2.4383561643835616,0.3972602739726027,0.0,1.0,-0.8854560256532096,-0.4647231720437691,-0.8660254037844385,-0.5000000000000004,-0.8263541987239094,-0.5631507242749187,2018,3,8,0,0.0410958904109589,0.0958904109589041,0.0821917808219178,0.1643835616438356,0.0410958904109589,0.0273972602739726,0.0,0.1780821917808219,0.0136986301369863,0.0547945205479452,0.0273972602739726,0.3150684931506849,0.8904109589041096,0.0273972602739726,0.0273972602739726,0.0547945205479452,0,0
2018-08-28,5012.7,4237.94,480.43,47,79.94702127659575,26.479434500363165,2.595744680851064,0.44680851063829785,0.7818314824680298,0.6234898018587336,-0.8854560256532096,-0.4647231720437691,-0.8660254037844385,-0.5000000000000004,-0.8359254794186365,-0.5488429582847199,2018,3,8,0,0.1276595744680851,0.10638297872340426,0.14893617021276595,0.06382978723404255,0.02127659574468085,0.06382978723404255,0.0425531914893617,0.2127659574468085,0.0425531914893617,0.0425531914893617,0.0,0.2553191489361702,0.8723404255319149,0.0851063829787234,0.0,0.0425531914893617,0,0
2018-08-29,4262.66,1762.7,216.66,16,96.6275,18.317955509432828,2.625,0.5625,0.9749279121818236,-0.22252093395631434,-0.8854560256532096,-0.4647231720437691,-0.8660254037844385,-0.5000000000000004,-0.8452490573530634,-0.5343725582809785,2018,3,8,0,0.0,0.0,0.4375,0.0625,0.125,0.0625,0.0,0.0,0.0,0.0,0.0,0.3125,0.8125,0.0,0.0625,0.125,0,0
